-- MySQL dump 10.13  Distrib 5.5.9, for Win32 (x86)
--
-- Host: localhost    Database: lager
-- ------------------------------------------------------
-- Server version	5.5.15

/*!40101 SET @OLD_CHARACTER_SET_CLIENT=@@CHARACTER_SET_CLIENT */;
/*!40101 SET @OLD_CHARACTER_SET_RESULTS=@@CHARACTER_SET_RESULTS */;
/*!40101 SET @OLD_COLLATION_CONNECTION=@@COLLATION_CONNECTION */;
/*!40101 SET NAMES utf8 */;
/*!40103 SET @OLD_TIME_ZONE=@@TIME_ZONE */;
/*!40103 SET TIME_ZONE='+00:00' */;
/*!40014 SET @OLD_UNIQUE_CHECKS=@@UNIQUE_CHECKS, UNIQUE_CHECKS=0 */;
/*!40014 SET @OLD_FOREIGN_KEY_CHECKS=@@FOREIGN_KEY_CHECKS, FOREIGN_KEY_CHECKS=0 */;
/*!40101 SET @OLD_SQL_MODE=@@SQL_MODE, SQL_MODE='NO_AUTO_VALUE_ON_ZERO' */;
/*!40111 SET @OLD_SQL_NOTES=@@SQL_NOTES, SQL_NOTES=0 */;

--
-- Current Database: `lager`
--

CREATE DATABASE /*!32312 IF NOT EXISTS*/ `lager` /*!40100 DEFAULT CHARACTER SET utf8 */;

USE `lager`;

--
-- Table structure for table `abteilung`
--

DROP TABLE IF EXISTS `abteilung`;
/*!40101 SET @saved_cs_client     = @@character_set_client */;
/*!40101 SET character_set_client = utf8 */;
CREATE TABLE `abteilung` (
  `id` int(10) unsigned NOT NULL AUTO_INCREMENT,
  `name` varchar(20) COLLATE utf8_unicode_ci NOT NULL,
  PRIMARY KEY (`id`),
  UNIQUE KEY `abteilung_name_unique` (`name`)
) ENGINE=InnoDB AUTO_INCREMENT=5 DEFAULT CHARSET=utf8 COLLATE=utf8_unicode_ci;
/*!40101 SET character_set_client = @saved_cs_client */;

--
-- Dumping data for table `abteilung`
--

LOCK TABLES `abteilung` WRITE;
/*!40000 ALTER TABLE `abteilung` DISABLE KEYS */;
INSERT INTO `abteilung` VALUES (4,'Elektroofen'),(3,'Elektrowerkstatt'),(1,'Schlosserei'),(2,'Schreinerei');
/*!40000 ALTER TABLE `abteilung` ENABLE KEYS */;
UNLOCK TABLES;

--
-- Table structure for table `abteilungbenutzer`
--

DROP TABLE IF EXISTS `abteilungbenutzer`;
/*!40101 SET @saved_cs_client     = @@character_set_client */;
/*!40101 SET character_set_client = utf8 */;
CREATE TABLE `abteilungbenutzer` (
  `fk_abteilung` int(10) unsigned NOT NULL,
  `fk_benutzer` int(10) unsigned NOT NULL,
  PRIMARY KEY (`fk_abteilung`,`fk_benutzer`)
) ENGINE=InnoDB DEFAULT CHARSET=utf8;
/*!40101 SET character_set_client = @saved_cs_client */;

--
-- Dumping data for table `abteilungbenutzer`
--

LOCK TABLES `abteilungbenutzer` WRITE;
/*!40000 ALTER TABLE `abteilungbenutzer` DISABLE KEYS */;
INSERT INTO `abteilungbenutzer` VALUES (1,14),(1,17),(1,18),(1,19),(1,57),(1,65),(1,75),(1,76),(1,77),(1,78),(1,79),(1,98),(2,14),(2,19),(2,55),(2,57),(2,66),(2,74),(2,82),(2,98),(3,0),(3,14),(3,19),(3,20),(3,55),(3,57),(3,65),(3,66),(3,67),(3,69),(3,70),(3,71),(3,98),(4,80),(4,81),(4,98);
/*!40000 ALTER TABLE `abteilungbenutzer` ENABLE KEYS */;
UNLOCK TABLES;

--
-- Table structure for table `artikel`
--

DROP TABLE IF EXISTS `artikel`;
/*!40101 SET @saved_cs_client     = @@character_set_client */;
/*!40101 SET character_set_client = utf8 */;
CREATE TABLE `artikel` (
  `id` int(10) unsigned NOT NULL,
  `bezeichnung` varchar(70) COLLATE utf8_unicode_ci NOT NULL,
  `typ` varchar(70) COLLATE utf8_unicode_ci NOT NULL,
  `keg_nr` int(10) unsigned NOT NULL,
  `mindestbestand` int(10) unsigned NOT NULL,
  `fk_kostenstelle` int(10) unsigned DEFAULT NULL,
  `fk_mengeneinheit` int(10) unsigned NOT NULL,
  `fk_hersteller` int(10) unsigned NOT NULL,
  `empfohlene_bestellmenge` int(10) unsigned DEFAULT NULL,
  `bemerkung` varchar(70) COLLATE utf8_unicode_ci DEFAULT NULL,
  PRIMARY KEY (`id`),
  UNIQUE KEY `artikel_keg_nr_eindeutig` (`keg_nr`),
  UNIQUE KEY `artikel_typ_eindeutig` (`typ`),
  KEY `FK_artikel_mengeneinheit` (`fk_mengeneinheit`),
  KEY `FK_artikel_hersteller` (`fk_hersteller`),
  KEY `FK_artikel_kostenstelle` (`fk_kostenstelle`),
  CONSTRAINT `FK_artikel_hersteller` FOREIGN KEY (`fk_hersteller`) REFERENCES `herstellerlieferant` (`id`),
  CONSTRAINT `FK_artikel_kostenstelle` FOREIGN KEY (`fk_kostenstelle`) REFERENCES `kostenstelle` (`id`),
  CONSTRAINT `FK_artikel_mengeneinheit` FOREIGN KEY (`fk_mengeneinheit`) REFERENCES `mengeneinheit` (`id`)
) ENGINE=InnoDB DEFAULT CHARSET=utf8 COLLATE=utf8_unicode_ci;
/*!40101 SET character_set_client = @saved_cs_client */;

--
-- Dumping data for table `artikel`
--

LOCK TABLES `artikel` WRITE;
/*!40000 ALTER TABLE `artikel` DISABLE KEYS */;
INSERT INTO `artikel` VALUES (1,'Schütz','3RT1036-1A / 22,0kW',1,2,1,1,1,5,'Spule~230V'),(2,'Schütz','3RT1035-1A / 18,5kW / Spule~230V',2,2,1,1,1,5,NULL),(3,'Schütz','3RT1026-1A / 11,0kW / Spule~230V',3,2,1,1,1,5,NULL),(4,'Schütz','3RT1044-1A / 30,0kW / Spule~230V',4,2,1,1,1,5,NULL),(5,'Schütz','3RT1045-1A / 37,0kW / Spule~230V',5,2,1,1,1,5,NULL),(6,'Schütz','3TF2010-OAPO /4kW / Spule~230V',6,2,1,1,1,5,NULL),(7,'Schütz','3RT1017-1AP01 / 5,5kW / Spule~230V',7,2,1,1,1,5,NULL),(8,'Seiltrommel 20t','1234',8,1,1,1,7,1,NULL),(9,'Seiltrommel 12t','1233',9,1,1,1,7,NULL,NULL),(10,'Drahtseil','8x36+SES zS/20 mm/42m',10,1,NULL,1,65,3,NULL),(12,'Seilführung','10/20 LI',82480233,1,1,1,7,NULL,NULL),(13,'Läufer ','KBH160B12 GTR',8932784,1,1,1,7,1,NULL),(14,'Rollenstern Kupplung','H3',71842144,1,1,1,7,10,NULL),(15,'Kupplungshälfte','H 3ND-42',71845744,1,1,1,7,2,NULL),(16,'Drahtseil','8x36+SES zS/20 mm/30m',16,1,1,1,65,1,NULL),(17,'Drahtseil','8x36+SES zS/14 mm/30m',17,1,1,1,65,1,NULL),(18,'Drahtseil','9x19+SES zS/14 mm/28m',18,1,1,1,65,1,NULL),(20,'Drahtseil','6x37+1FE/13 mm/19,5 m',20,1,1,1,65,1,NULL),(21,'Drahtseil','9x19+SES zS/14mm/28m',21,1,1,1,65,1,NULL),(22,'Drahtseil','8x19+SES /11mm/28 m',22,1,1,1,65,2,NULL),(23,'Drahtseil','6x37+1FE/13 mm/19 m',23,1,1,1,65,1,NULL),(24,'Kette','9 mm/6,73 m',24,1,1,2,7,5,NULL),(25,'Drahtseil','8x19+SES /11mm/29 m',125,1,1,1,65,2,NULL),(26,'Frequenzgeber','FGB-1',26,1,13,1,7,2,'Ident.Nr.:469 664 44'),(27,'Lastmesseinrichtung','FAW-1 / 200-240V',46952544,1,NULL,1,7,NULL,NULL),(28,'Leitwertmessgerät','WTC',28,0,NULL,1,8,1,NULL),(29,'Leitwertmesskopf','WTC1',29,0,NULL,1,8,1,NULL),(30,'Flantschmotor mit Getriebe','G32-20/D4A4-331 (5,5kW;12A;n1=1420U/M;n2=110U/M;Welle d=40mm)',30,1,NULL,1,9,1,NULL),(31,'3~Motor; 15kW; 14600U/min ','SK 160 L74',31,1,NULL,1,10,1,'28,5A'),(32,'Flanschgetriebe','SK 872 F-160 L/4 (i=6,34;B5;n1/n2=230)',32,1,NULL,1,11,1,NULL),(33,'Simatic S7 CPU','315-2 DP',33,1,NULL,1,1,1,NULL),(34,'Simatic S7 CP','343-1 Lean',34,1,NULL,1,1,1,NULL),(35,'Simatic S7 Dig.Eingabegruppe','DI32x24V',35,1,NULL,1,1,1,NULL),(36,'Simatic S7 Dig.Ausgabegruppe','DO32x24V/0,5A',36,1,NULL,1,1,1,NULL),(37,'Simatic S7 Dig.Ausgabegruppe','DO16x24V/0,5A',37,1,NULL,1,1,1,NULL),(38,'Simatic S7 Slave','IM 153-1',38,1,NULL,1,1,1,NULL),(39,'Simatic S7 Dig.Eingabegruppe','DI16x24V',39,1,NULL,1,1,1,NULL),(40,'Simatic S7 Analog.Eingabegruppe','AI8x12Bit',40,1,NULL,1,1,1,NULL),(41,'Simatic S7 CPU','313C-2 DP',41,0,NULL,1,1,1,NULL),(42,'Simatic S7 Dig.Ein/Ausgabegruppe','DI16/DO16x24V/0,5A',42,0,NULL,1,1,1,NULL),(43,'Simatic S7 Analog.Eingabegruppe','AI8x13Bit',43,0,NULL,1,1,1,NULL),(44,'Simatic S7 CPU','312',44,0,NULL,1,1,1,NULL),(45,'Simatic S7 Analog Ein/Ausgabegruppe','AI4/AO2x8/8 Bit',45,0,NULL,1,1,1,NULL),(46,'Simatic Multipanel','MP 270',46,0,NULL,1,1,1,NULL),(47,'Simatic Panel','OP 3',47,0,NULL,1,1,1,NULL),(48,'Simatic Panel','OP77B',48,0,NULL,1,1,1,NULL),(49,'Simatic S7 Analog  Ausgabegruppe','A02x12 Bit',49,0,NULL,1,1,1,NULL),(50,'Simatic S7 Netzteil','PS 307 5A',50,0,NULL,1,1,1,NULL),(51,'Wendeschützkombination / 5,5kW','3RA1317-8XB30-1APO',51,2,NULL,1,1,5,NULL),(52,'Schnellschütz / 5,5kW','3RT1517-1APOO',52,2,NULL,1,1,10,NULL),(53,'Schütz / 5,5kW','3RT1017-1AP01',53,2,NULL,1,1,10,NULL),(54,'Wechselschalter ','Busch-Duro 2000/6 US',54,2,NULL,1,13,10,NULL),(55,'Starkstromkabel','NYY-J 5x2,5 RE RI',55,0,NULL,1,12,1,NULL),(56,'G-Sicherungseinsatze','20x5 mm MT 0,5A',56,2,NULL,1,5,20,NULL),(57,'Lampenschützrohr','RMMA Glasklar 18',57,5,NULL,1,14,20,NULL),(58,'Schaltstück','3RT1935-6A (für 18,5kW Schütz)',58,2,NULL,1,1,5,NULL),(59,'Schaltstück','3RT1936-6A (für 22 kW Schütz)',59,2,NULL,1,1,5,NULL),(60,'Wandsteckdose','16A 6H 4-polig',60,1,NULL,1,15,5,NULL),(61,'NH-Sicherungen Gr.000 /35A','3NA6814 35A',61,3,NULL,1,1,9,NULL),(62,'NH-Sicherungen Gr.000 /63A','3NA6822 63A',62,3,NULL,1,1,9,NULL),(63,'NH-Sicherungen Gr.000 /16A','3NA3805 16A',63,3,NULL,1,1,9,NULL),(64,'Stecker','16A 6H  4-polig',64,1,NULL,1,15,5,NULL),(67,'Ring mit Ansatz','Pos.500',67,1,NULL,1,16,3,NULL),(71,'3~Motor; 0,75kW; 675U/min','SSKh 90L-8',71,1,NULL,1,33,1,NULL),(72,'3~Motor; 0,55kW; 705U/min','AR 90L-8',72,1,NULL,1,34,1,NULL),(73,'Zahnradpumpe','WR 3-18-GQS',73,1,NULL,1,32,1,NULL),(74,'Niveauschalter','E7B-111-0Q6',74,1,NULL,1,18,1,NULL),(75,'Niveauschalter','E2K-C',75,1,NULL,1,18,1,NULL),(76,'Dosierventil','3/2-Wege 3/4\"',76,0,NULL,1,35,1,NULL),(77,'Sicherheitstemperaturbegrenzer','0-60°C',77,0,NULL,1,36,1,NULL),(78,'Thermostat','0-40°C',78,0,NULL,1,36,NULL,NULL),(79,'Pneumatikzylinder','DN2-100-100-PPV',79,1,NULL,1,3,1,NULL),(80,'5/2-Wege-Magnetventil','JMFH-5-1/4',80,1,NULL,1,3,3,NULL),(81,'Schütz','3RT1034-1AP00 /15kW/Spule~230V',81,2,NULL,1,1,5,NULL),(82,'Simatic S5 CPU','942 115U',82,0,NULL,1,1,1,NULL),(83,'Einfachhaken (Kran)','GR.5,0',83,1,NULL,1,7,1,NULL),(84,'Einfachhaken (Kran)','GSN 10',84,1,NULL,1,7,1,NULL),(85,'Einfachhaken (Kran)','GR.10,0',85,1,NULL,1,7,1,NULL),(86,'Seilführung','für 8T Kran',86,1,NULL,1,7,2,NULL),(87,'Positionsschalter Telemecanique','XCK-MR1618668002',87,2,NULL,1,38,5,NULL),(88,'Einfachhacken (Kran)','ASN 10',88,1,NULL,1,7,1,NULL),(89,'Seilführung metall.','??',89,1,NULL,1,7,1,NULL),(90,'Ersatzklinge,60x19x0,5mm (fürUniversalme','KL542ES',90,0,NULL,1,44,10,NULL),(91,'Wendeschalter isogekapselt','WT 32',91,0,NULL,1,43,1,NULL),(92,'Zeitrelais ansprechverz.,1W,15 Zeitberei','3RP1525-1AP30',92,2,NULL,1,1,5,NULL),(93,'Zeitrelais ansprechverz.,2W,15 Zeitberei','3RP1525-1BP30',93,2,NULL,1,1,5,NULL),(94,'Schaltstücke für Schütz Bgr.S3,3pol.,AC-','3RT1944-6A',94,2,NULL,1,1,10,NULL),(96,'Multifunktions-Zeitrelais,18Funkt.,1W','MFZ12DX-UC',96,1,NULL,1,45,5,NULL),(97,'Zeitrelais,1W pot.frei 10A/250VAC','TGI12DX-UC',97,1,NULL,1,45,2,NULL),(99,'Füllstand-Radarsonde,B 7.000mm,Seil 6mm,','Levelflex M FMP40-FBB2GRJB21AA',99,0,NULL,1,40,1,NULL),(100,'Prozessanzeiger','RIA261,Feld',100,1,28,1,40,1,NULL),(101,'Prozessanzeiger','RIA250',101,0,NULL,1,40,1,NULL),(102,'Füllstand-Radarsonde,B 7.000mm,Seil 6mm,','Levelflex M FMP40-FBB2GRJB211AA',102,0,NULL,1,40,1,NULL),(103,'Kapazitive Sonde (Füllstand Harz/Haerter','Liquicap T FMI21',103,0,NULL,1,40,1,NULL),(104,'Grenzwertschalter (zB. für Kapazitive So','RTA421',104,1,NULL,1,40,1,NULL),(105,'Messumformer für Leitfähigkeit','Liquisys M CLM223/253',105,1,NULL,1,40,1,NULL),(106,'Induktive Sensor mit Temp.-füller für Le','Indumax H CLS52',106,0,NULL,1,40,1,NULL),(107,'2-Wege  Kugelhahn ','546',107,0,NULL,1,46,2,'Kunstoff für Säureleitung'),(108,'Multifunktions-Modul zum Kugelhahn Typ 5','???',108,0,NULL,1,46,1,NULL),(111,'2-WegKugelhahn ','Typ 546',111,0,NULL,1,46,1,NULL),(112,'Multifunktionsmodul zum Kugelhahn ','zum Kugelhahn 546',112,0,NULL,1,46,1,NULL),(113,'Stromabnehmer (Kräne)','PKR 80D/100 A Gewinde M10 mitRohrschelle D=42mm',113,5,NULL,1,48,15,NULL),(114,'Kabelabzweigkasten','KF 9060',114,1,NULL,1,55,5,NULL),(115,'Durchgangsklemmen (Grau)','UT 2,5-TWIN',115,10,NULL,1,54,50,NULL),(116,'Durchgangsklemmen (Blau)','UT 2,5-TWIN BU',116,10,NULL,1,54,50,NULL),(117,'Durchgangsklemmen (PE)','UT 2,5-TWIN PE',117,10,NULL,1,54,50,NULL),(118,'DIAZED-Schraubkappe','DII 25A AC DC50',118,5,NULL,1,1,10,' Keramik mit Prüfloch'),(119,'Schaltstück für 3TB44','3TY440-0A',119,3,NULL,1,1,10,NULL),(125,'Kabelkanal','HTC 30SK PP WH 40',124,0,3,1,57,5,NULL),(127,'Schütz','3TF20',126,5,NULL,1,1,5,NULL),(128,'Schutzkontakt -Steckdosenleiste 6-fach','HSDL6',128,0,NULL,1,58,3,NULL),(129,'Dosenklemme,3x0,75-1,5qmm','273-100',129,0,NULL,1,59,1,NULL),(130,'Dosenklemme,8x0,75-1,5qmm','273-108',130,0,NULL,1,59,100,NULL),(131,'Dosenklemme 3x0,5-2,5qmm','273-104',131,0,NULL,1,59,100,NULL),(132,'Leuchtstoffröhre 58W/840','HFT58/840',132,0,NULL,1,58,25,NULL),(133,'Feuchtraum-Wannenleuchte 1x58W EVG','HFRW158 EVG',133,0,NULL,1,58,5,NULL),(135,'Feuchtraum-Wannenleuchte 2x58W EVG','HFRW258 EVG',135,0,NULL,1,58,5,NULL),(136,'Rohr-Abstandschellen,19-21 mm','733/M20',136,0,NULL,1,60,50,'Stahl verzinkt '),(138,'Rohr-Abstandschellen,21-23 mm','733 PG 16',138,0,NULL,1,60,50,'Stahl verzinkt'),(139,'Rohr-Abstandschellen,24-29 mm','733/M25 PG 21',139,0,NULL,1,60,50,'Stahl verzinkt '),(141,'Rohr-Abstandschellen,30-38 mm','733',141,0,NULL,1,60,50,'Stahl verzinkt'),(143,'111111','11111a',1111,1,24,1,9,1,'1111111'),(147,'Rohr-Abstandschellen,39-48 mm','733/M40 PG36',147,0,NULL,1,60,25,'Stahl verzinkt'),(148,'Rohr-Abstandschellen,47-55 mm','5VC4895',148,0,NULL,1,61,20,'Stahl verzinkt'),(149,'NH-Sicherung Gr.000 63A','3NA3 822',149,3,NULL,1,1,6,'mit Stirnkennmelder'),(150,'NH-Sicherung Gr.000 16A','3NA3805',150,0,NULL,1,1,6,'mit Stisnkennmelder'),(151,'NH-Sicherung Gr.000 20A','3NA3807',151,3,NULL,1,1,6,NULL),(152,'NH-Sicherung Gr.000 25A','3NA3810',152,0,NULL,1,1,6,NULL),(153,'NH-Sicherung Gr.000 35A','3NA3814',153,3,NULL,1,1,6,NULL),(154,'NH-Sicherung Gr.000 50A','3NA3820',154,0,NULL,1,1,6,NULL),(155,'NH-Sicherung Gr.000 80A','3NA3824',155,0,NULL,1,1,6,NULL),(156,'NH-Sicherung Gr.000 100A','3NA3830',156,0,NULL,1,1,6,NULL),(157,'NH-Sicherung Gr.00 125A','3NA3832',157,0,NULL,1,1,6,NULL),(158,'NH-Sicherung Gr.00 160A','3NA3836',158,0,NULL,1,1,6,NULL),(160,'NH-Sicherung Gr.1 63A','3NA3122',160,3,NULL,1,1,6,NULL),(161,'NH-Sicherung Gr.1 100A','3NA3130',161,0,NULL,1,1,6,NULL),(162,'NH-Sicherung Gr.1 125A','3NA3132',162,3,NULL,1,1,6,NULL),(163,'NH-Sicherung Gr.1 160A','3NA3136',163,3,NULL,1,1,6,NULL),(165,'NH-Sicherung Gr.2 80A','3NA3224',165,3,NULL,1,1,6,NULL),(166,'NH-Sicherung Gr.2 100A','3NA3230',166,3,NULL,1,1,6,NULL),(167,'NH-Sicherung Gr.2 125A','3NA3232',167,3,NULL,1,1,6,NULL),(168,'NH-Sicherung Gr.2 160A','3NA3236',168,3,NULL,1,1,6,NULL),(169,'NH-Sicherung Gr.2 200A','3NA3240',169,3,NULL,1,1,6,NULL),(170,'NH-Sicherung Gr.2 250A','3NA3244',170,3,NULL,1,1,6,NULL),(171,'NH-Sicherung Gr.2 300A','3NA3250',171,3,NULL,1,1,6,NULL),(172,'NH-Sicherung Gr.2 355A','3NA3254',172,3,NULL,1,1,6,NULL),(173,'NH-Sicherung Gr.3 315A','3NA3352',173,3,NULL,1,1,6,NULL),(174,'NH-Sicherung Gr.3 400A','3NA3360',174,3,NULL,1,1,6,NULL),(175,'NH-Sicherung Gr.2 315A','2466151',175,3,NULL,1,1,6,NULL),(176,'NH-Sicherung Gr.1 200A','3NA3140',176,3,NULL,1,1,6,NULL),(178,'NH-Sicherung Gr.1 250A','3NA3144',178,3,NULL,1,1,6,NULL),(179,'Aluminium-Klemmschelle 20','AKS-E 20',179,10,NULL,1,62,50,NULL),(180,'Aluminium-Klemmschelle 32','AKS-E 32',180,10,NULL,1,62,50,NULL),(181,'Aluminium-Klemmschelle 40','AKS-E 40',181,5,NULL,1,62,20,NULL),(182,'Aluminium-Klemmschelle 50','AKS-E 50',182,5,NULL,1,62,20,NULL),(183,'Aluminium-Abstandschelle 50','ASG-E 50',183,0,NULL,1,62,25,'Art.-Nr.:209.75.050'),(184,'Edelstahl-Abstandschelle V4 32','VSG-E 32',184,5,NULL,1,62,25,NULL),(185,'Edelstahl-Abstandschelle V4 50','VSG-E 50',185,5,NULL,1,62,25,NULL),(186,'Aderendhülsen isoliert, 1,0qmm','471/8',186,100,NULL,1,44,300,'rot'),(187,'Aderendhülsen isoliert,1,5qmm','471/?',187,100,NULL,1,44,300,'schwarz'),(188,'Aderendhülsen isoliert,2,5qmm','471/??',188,100,NULL,1,44,300,'blau'),(189,'Aderendhülsen isoliert,0,75qmm','471/???',189,100,NULL,1,44,300,'grau'),(216,'Pfannen-Getriebe','PG 323 N ',216,0,NULL,1,66,1,'Getriebenr. 41046 / 0001 (für Pfanne NR. 3)'),(217,'Schleissauskleidung','DMF 1600-5000 G 12',217,0,NULL,1,67,10,'aus ST 37-2 gefertigt'),(218,'Kugellager 22322 EJA / VA405','22322 EJA / VA405',218,2,NULL,1,35,4,'für Rüttler'),(219,'Mehrflammenheizdüse','2290-3H',219,1,NULL,1,68,5,'Harris/Prophan'),(220,'Verbindungsstück','für Harris Propan/Erdgas',220,2,NULL,1,68,2,NULL),(221,'Funkempfänger ','DRC-MP D2',221,1,NULL,1,7,1,'Produktuntergruppe 4381'),(222,'Pneum.Drehklappenmotor','für 250 / Drehantrieb 160',222,1,NULL,1,69,1,NULL),(223,'ouv','öhb',223,1,NULL,3,69,1,'öhvb'),(226,'Winkelschleifer','MSfo 870 d ; 300 Hz',226,1,NULL,1,16,1,'3,3 kW;11,2 A; 8600 U/min; max 180 mm'),(227,'Winkelschleifer','MSfo 870 d ; 200 Hz',227,1,NULL,1,16,1,'2,2 kW; 8600 u/min; max 180 mm'),(228,'Winkelschleifer','MSfo 870 c ; 300 Hz',228,1,NULL,1,16,1,'3,3 kW ; 6600 U/min; max 230 mm'),(229,'Rundschleifer','MSho 849 Z; 300 Hz',229,1,NULL,1,16,1,'1,35 kW, 18000 U/min;'),(230,'Rundschleifer','MSho 849 Z; 200Hz',230,1,NULL,1,16,1,'0,9 kW, 12000 U/min;'),(231,'Spannzange','8mm',231,1,NULL,1,16,10,'für Rundschleifer MSho 849 Z'),(232,'Spannzange','6mm',232,1,NULL,1,16,1,'für Rundschleifer'),(233,'Schutzhaube 180mm','318 10 070 121',233,1,NULL,1,16,3,'für Winkelschleifer MSfo 870 d'),(234,'Schutzhaube 230mm','318 10 071 114',234,1,NULL,1,16,3,'für Winkelschleifer MSfo 870 c'),(235,'Lagerplatte','324 19 055 003',235,1,NULL,1,16,5,'für Winkelschleifer MSfo 870'),(236,'Antriebswelle M14','Pos.42',236,1,NULL,1,16,5,'für Winkelschleifer MSfo 870'),(237,'Flansch','324 36 025 004',237,1,NULL,1,16,5,'für Winkelschleifer MSfo 870'),(238,'Hülse','Pos.62',238,1,NULL,1,16,5,'für Winkelschleifer MSfo 870'),(239,'Lagergehäuse','312 07 061 002',239,1,NULL,1,16,5,'für Winkelschleifer MSfo 870'),(240,'Läufer','335 08 030 011',240,1,39,1,16,5,'für Winkelschleifer MSfo 870'),(241,'Ventilationsflügel','Pos.66',241,1,NULL,1,16,5,'für Winkelschleifer MSfo 870'),(242,'Flügelgehäuse,43-265V','Pos.69',242,1,NULL,1,16,5,'für Winkelschleifer MSfo 870'),(243,'Motorgehäuse','Pos.1; 200 Hz; 265 V',243,1,NULL,1,16,5,'für Winkelschleifer MSfo 870'),(244,'Motorgehäuse','Pos.1; 300 Hz; 200 V',244,1,NULL,1,16,5,'für Winkelschleifer MSfo 870'),(245,'Schleifscheibenflantsch,innen','Pos.106',245,3,NULL,1,16,10,'für Winkelschleifer MSfo 870'),(246,'Schleifscheibenflantsch,außen','Pos.107',246,3,NULL,1,16,10,'für Winkelschleifer MSfo 870'),(247,'Kegelradgetriebe','43/31 Zähne; 200 Hz',247,1,NULL,1,16,2,'für Winkelschleifer MSfo 870 d'),(248,'Kegelradgetriebe','52/25 Zähne; 300 Hz',248,1,NULL,1,16,2,'für Winkelschleifer MSfo 870 d'),(249,'Kegelradgetriebe','49/18 Zähne; 300 Hz',249,1,NULL,1,16,2,'für Winkelschleifer MSfo 870 c'),(250,'Handgriff','Pos.92',250,1,NULL,1,16,5,'für Winkel- & Rundschleifer Hochfrequenz'),(251,'Ausschalter 43-265V','Pos.93',251,3,NULL,1,16,10,'für Winkelschleifer MSfo 870 & RundschleiferMSh0 849 Z'),(252,'Kabelschutzschlauch','Pos.103/910',252,3,NULL,1,16,10,NULL),(253,'Schalthebel','Pos.98',253,3,NULL,1,16,10,'für Winkel- & Rundschleifer Hochfrequenz'),(254,'Deckel,43-265 V','Pos.70',254,3,NULL,1,16,10,'für Winkelschleifer MSfo 870 '),(255,'Schützhülle','Pos.340',255,3,NULL,1,16,10,'für Rundschleifer MSho 849 Z'),(256,'Antriebswelle','Pos.320',256,1,NULL,1,16,5,'für Rundschleifer MSho 849 Z'),(257,'Halslager','Pos.300',257,1,NULL,1,16,5,'für Rundschleifer MSho 849 Z'),(258,'Kupplung','Pos.380',258,3,NULL,1,16,10,'für Rundschleifer MSho 849 Z'),(259,'Anker','Pos.520',259,1,NULL,1,16,5,'für Rundschleifer MSho 849 Z'),(260,'Motorgehäuse,43-265 V','Pos.10',260,1,NULL,1,16,5,'für Rundschleifer MSho 849 Z'),(261,'Ständer mit Wicklung','Pos.20;200Hz; 265V',261,1,NULL,1,16,5,'für Rundschleifer MSho 849 Z'),(262,'Ständer mit Wicklung','Pos.20;300Hz;200V',262,1,NULL,1,16,5,'für Rundschleifer MSho 849 Z'),(263,'Abschlussplatte','Pos.210',263,1,NULL,1,16,5,'für Rundschleifer MSho 849 Z'),(264,'Zwischenlager','Pos.170',264,1,NULL,1,16,5,'für Rundschleifer MSho 849 Z'),(265,'Hülse','Pos.510',265,1,NULL,1,16,5,'für Rundschleifer MSho 849 Z'),(266,'Hülse','Pos.40',266,1,NULL,1,16,5,'für Rundschleifer MSho 849 Z'),(268,'Winkelschleifer 230V','WSG 14-125',268,1,NULL,1,16,1,NULL),(269,'Delta-Schwingschleifer','MSx 636 ll-Multimaster Start',269,1,NULL,1,16,1,'MultimasterStart'),(271,'Spannzange 6 mm','9369837',271,1,NULL,1,7,2,'für Luftschleifer G 232 H'),(272,'Druckluftrundschleifer','G 232 H',272,1,NULL,1,71,1,'23000 u/min;0,35 kW '),(273,'Schnapp-Schellen NW11 ( für Rohr 13 mm)','799/11 5VC4 540-5 AL',273,0,NULL,1,61,100,' aus Polyamid'),(274,'Kunstoff-Klemmschelle 16','5VB4542 Type 16',274,10,NULL,1,62,100,' für Montagehilfsrohre isofix,Art.Nr.:128.70.016'),(275,'RO-CLIP-Rohrschelle,16mm','HCRS 16',275,0,NULL,1,58,100,'Kunstoff'),(276,'RO-CLIP-Rohrschelle,20mm','HCRS 20',276,10,NULL,1,58,100,'Kunstoff '),(278,'RO-CLIP-Rohrschelle,25mm','HCRS 25',278,10,NULL,1,58,100,'Kunstoff'),(279,'Befestigungsschellen , 20,5-21,5 mm','5VC4456',279,0,NULL,1,61,100,'Kunstoff,zweilappig'),(280,'Befestigungsschellen , 28-30 mm','5VC4460',280,0,NULL,1,61,100,'Kunstoff,zweilappig'),(281,'Befestigungsschellen , 20 mm','605/M20',281,0,NULL,1,60,100,'Stahl,galv.verzinkt,zweilappig'),(282,'Befestigungsschellen , 28 mm','605/PG21',282,0,NULL,1,60,100,'Stahl,galv verzinkt,zweilappig'),(283,'Befestigungsschellen , 37 mm','605/PG29',283,0,NULL,1,60,100,'Stahl,galv.verzinkt,zweilappig'),(284,'Aluminium-Steckmuffe 50','AMS-E 50',284,0,NULL,1,62,20,NULL),(286,'Aluminium-Steckmuffe 20','AMS-E 20',286,0,NULL,1,62,10,NULL),(287,'Aluminium-Steckmuffe 32','AMS-E 32',287,0,NULL,1,62,10,NULL),(288,'Aluminium-Steckmuffe 40','AMS-E 40',288,0,NULL,1,62,10,NULL),(289,'Endtüllen,PG16','5VB4173',289,0,NULL,1,60,100,'für Stahlpanzerrohr'),(290,'Endtüllen,PG42','5VB4177 207378',291,0,NULL,1,61,25,NULL),(292,'Endtülle , M20','129 M M20',292,0,NULL,1,60,100,'Polyätylen,lichtgrau'),(293,'Endtülle , M32','129 M32',293,0,NULL,1,60,50,'Polyätylen,lichtgrau'),(295,'Endtülle , M20','E-Ku-E 20',295,0,NULL,1,62,100,'Kunstoff'),(296,'Endtülle , M40','E-Ku-E 40',296,0,NULL,1,62,50,'Kunstoff'),(297,'Endtülle , M50','E-Ku-E 50',297,0,NULL,1,62,25,'Kunstoff'),(298,'Endtülle , PG29','?-',298,0,NULL,1,61,50,'Kunstoff'),(299,'Leistungsschütz 11kW , 230VAC','LC1 D25004M5',299,1,NULL,1,72,5,NULL),(300,'Sperrschütz','CA2-DK122',300,0,NULL,1,72,5,'für Automat (alt)'),(301,'Verklinkungsblock , 230V AC/DC','LAD6K10M',301,3,NULL,1,72,10,'für Sperrschützfunktion am Schütz CAD32P7'),(302,'Hilfsschütz 230VAC','CAD32P7',302,3,NULL,1,72,10,NULL),(303,'Leistungsschütz 30kW , 230VAC','LC1 D6511P7',303,0,NULL,1,72,3,NULL),(304,'Motorschützschalter 24-40 A','GV7 RS40',304,0,NULL,1,72,1,NULL),(305,'Hilfskontaktblock','LA8 DN11',305,0,NULL,1,72,3,'seitlich , 1S+1Ö'),(306,'Hilfskontaktblock ','LA1DN22',306,0,NULL,1,72,5,'vorne , 2S+2Ö'),(308,'Leistungsschütz 11kW , 230VAC','DILOAM',308,0,NULL,1,2,5,NULL),(309,'Leistungsschütz 15kW , 230VAC','DIL1M',309,0,NULL,1,2,5,NULL),(310,'Leistungsschütz 7,5kW , 24VDC','DILOM-G',310,0,NULL,1,2,3,NULL),(311,'Leistungsschütz 11kW , 230VAC','DILM25-21',311,0,NULL,1,2,5,NULL),(312,'Leistungsschütz 11kW , 230VAC','DILM25-10',312,0,NULL,1,2,3,NULL),(313,'Hilfsschütz 230VAC','DIL04L-22',313,0,NULL,1,2,5,'2S+2Ö (extra klein)'),(314,'Hilfsschütz 230VAC','DIL04L-31',314,0,NULL,1,2,3,'3S+1Ö (extra klein)'),(315,'Hilfsschütz 230VAC','DIL04-40',315,0,NULL,1,2,5,'extra klein '),(316,'Hilfsschaltbaustein','22DILM',316,0,NULL,1,2,5,'2S+2Ö'),(317,'Hilfsschaltbaustein','DILM32-XHI22',317,0,NULL,1,2,5,'4-polig'),(318,'Hilfsschaltbaustein','DILM32-XHI11',318,0,NULL,1,2,5,'2-polig'),(319,'Normalhilfsschalter','NHI11-PKZ0',319,0,NULL,1,2,5,'seitlich ,für MSS PKZ0'),(320,'Normalhilfsschalter','NHI-E-11-PKZ0',320,0,NULL,1,2,5,'vorne ,für MSS PKZ0'),(321,'Motorschützschalter 0,16-0,25 A','PKZM0-0,25',321,0,NULL,1,2,1,NULL),(322,'Motorschützschalter 0,63-1,0 A','PKZM0-1',322,0,NULL,1,2,1,NULL),(323,'Motorschützschalter 1,0-1,6 A','PKZM0-1,6',323,0,NULL,1,2,1,NULL),(324,'Motorschützschalter 1,6-2,5 A','PKZM0-2,5',324,0,NULL,1,2,1,NULL),(325,'Motorschützschalter 6,3-10 A','PKZM0-10',325,0,NULL,1,2,1,NULL),(326,'Motorschützschalter 4,0-6,3 A','PKZM0-6,3',326,0,NULL,1,2,1,NULL),(328,'Motorschützschalter 20-25 A','PKZM0-25',328,0,NULL,1,2,1,NULL),(329,'Motorschützschalter 4,0 A','GV2 LE08 4A',329,0,NULL,1,72,2,'051693'),(330,'Motorschützschalter 10 A','GV2 LE14 10A',330,0,NULL,1,72,2,NULL),(331,'Instalationsschütz 63A','ESB 63-40',11000331,0,NULL,1,73,1,'4S'),(332,'Instalationsschütz 24A','ESB24-31',100332,0,NULL,1,73,1,'3S+1Ö'),(333,'Instalationsschütz 24A','ESB24-40',1100333,0,NULL,1,73,5,'4S'),(335,'Instalationsschütz 40A (Last-Fernschalter)','5TT3 806',11000335,0,NULL,1,1,2,NULL),(337,'Koppelrelais','IK8802.12AC/DC24V',1000337,0,NULL,1,74,10,NULL),(338,'Koppelrelais','IK8802.12/023AC/DC230V',1000338,0,NULL,1,74,10,'ohne LED'),(339,'Koppelrelais','IK8701.12AC 50HZ 230V',100339,0,NULL,1,74,10,NULL),(355,'3~Motor; 0,12kW; 670U/min; m.Bremse; m.Getriebe','B71S 8K4',355,1,1,1,75,1,'230/400V; 1,2/0,68A;  i=22,8; Bremse 4N 95V; GetriebeTyp SK01F-2 '),(361,'3~Motor; 0,37kW; 1380U/min; m.Bremse; m.Getriebe','B71L /4K4',361,0,NULL,1,75,1,'230/400V;1,3/1,1A;  i=66,5; Bremse 4N 95V; GetriebeNr: SK300F-3'),(362,'3~Motor; 0,12kW; 670U/min; o.Bremse; m. Getriebe','B71S 8L4',362,0,NULL,1,10,1,'230/400V;  i=22,8; Getriebe SK01F-2'),(363,'3~Motor; 0,55kW; 2800U/min; o.Bremse; Getriebe SK300F-3','71L/2',363,0,NULL,1,75,1,'230/400V;  i=124; Bauform B5'),(364,'3~Motor; 2,2kW; 1410/20U/min; m.Bremse; m.Getriebe','SK500-100L/4 Bre 28',364,0,NULL,1,10,1,'230/400V; 9,4/5,4A;  i=72; Bauform B3; Bremse 28N 95V'),(365,'3~Motor; 1,1kW; 1400/14U/min; m.Bremse; m.Getriebe','SK500-90S/4 Bre16',365,0,NULL,1,10,1,'230/400V;  i=105;Bremse 95V; Bauform B3'),(366,'3~Motor; 0,25kW; 1400/104U/min; m.Bremse; m.Getriebe','SKO71S/4',366,0,NULL,1,10,1,'230/400V;  i=13,2;Bauform B6'),(367,'3~Motor; 0,25kW; 1400/83U/min; m.Bremse; m.Getriebe','SKO1F-63L/4',367,0,NULL,1,10,1,'230/400V;  i=16,7;Bauform V1'),(368,'3~Motor; 2,2/3,0kW; 1400/2800/46/92U/min; m.Bremse; m.Getriebe','SKMI110F-100L/40-20',368,0,NULL,1,10,1,'230/400V;  i=30; Bauform SF2'),(369,'3~Motor; 37kW; 1475U/min; ','SF225 S4',369,0,NULL,1,1,1,'380/660V 69/40A '),(370,'3~Motor; 1,9/0,55kW; ???U/min; m.Bremse;  m.Getriebe','B80 Dt 112 M-8',370,0,NULL,1,7,1,'400V;  i=82,4;Bauform B3'),(371,'3~Motor; 0,12kW; 660U/min','3AP71/8',371,0,NULL,1,76,1,'220/380V'),(372,'3~Motor; 0,55kW; 2800U/min; m.Bremse','B21 K71 G2',372,0,NULL,1,76,1,'220/380V; Bremse 230V,0,63A'),(373,'3~Motor; 0,37kW','DFT 71 D4 BM6',373,0,NULL,1,77,1,'230/400V'),(374,'3~Motor; 0,18kW; 1360/???U/min;m.Getriebe','DF 63 L4',374,0,NULL,1,10,1,'220/380V;GetriebeNr.:5KDSF-FD,n=400-600 ???'),(375,'3~Motor; 0,18kW; 1325/289U/min; m.Bremse; m.Getriebe','SK 63 L4 BRE 5',375,0,NULL,1,10,1,'220/380V; Bremse 230V,5Nm; GetriebeNr.:SK01F; i=4,84'),(376,'3~Motor; 0,37kW; 920/9 U/min; m.Bremse;  m.Getriebe','SK MI 90-80S/6 Bre8',376,0,NULL,1,10,1,'220/380V, 2,4/1,4A; Bremse 8N 95V'),(377,'3~Motor; 0,55kW; 1380/7U/min; m.Bremse;m. Getriebe','SK33/01-80S/4 Bre8',377,0,NULL,1,10,1,'220/380V; 2,6/1,5A; Bremse 8N 95V'),(378,'3~Motor; 1,5kW; 1415/7,5U/min; m. Getriebe','A1 90LA4',378,0,NULL,1,78,1,'220/380V; 6,3/3,6AGetriebeTyp Dc60/31/88/150/4'),(379,'3~Motor; 1,5kW; 1380/7,5U/min; mBremse; m. Getriebe','RF90L/4-BB1,6',379,0,NULL,1,79,1,'220/380V; 6,6/3,8A; Bre 190V 1,16A 16Nm; GetriebeTyp Dc60/3188/150/4'),(380,'3~Motor; 2,4kW; 1420U/min','SM 41-4',380,0,NULL,1,80,1,'220/380V; 9,7/5,6A'),(381,'3~Motor; 15kW; 970U/min','KA 3180L/CB011/001',381,0,NULL,1,81,1,'Bauform 180L'),(382,'3~Motor; 0,18kW; 1360/83U/min; m.Bremse; m.Getriebe','SK01 F63L74 Bre4',382,0,NULL,1,10,1,NULL),(383,'3~Motor; 2,2kW; 1400/93U/min; m.Bremse; m.Getriebe','SKMI 90-100L-4',383,0,NULL,1,10,1,'380/660V (Quertransport Hub ???)'),(384,'3~Motor; 2,4/3,0kW; 1420/2880U/min; m.Bremse, m.Getriebe','B100L-4/2a K28',384,0,NULL,1,10,1,'stern/dop.stern; 5,6/6,75A; Bremse 28Nm 96V'),(385,'3~Motor; 0,18/0,75kW; 680/282026/104U/min; m.Getriebe','90S-8/2',385,0,NULL,1,82,1,'GetriebeNr:90SDD S1 (8473 B3A'),(386,'3~Motor; 0,8/3,0kW; ???/???/17,4/71;6 U/min; m.Bremse;  m.Getriebe','B80DT112M-8/2Ba0',386,0,NULL,1,77,1,'38oV Bremse 95V'),(387,'Naherungsschalter induktiv; 230VAC','NJ15+U1+W',387,0,NULL,1,83,10,NULL),(388,'3~Motor; 2,4/3,0kW; 1420/2880U/min; m.Bremse, m.Getriebe','MISK 10F 100L/4/2A Bre28',388,0,NULL,1,10,1,'stern/dop.stern; 5,6/6,75A; Bremse 28Nm 96V'),(389,'3~Motor; 30kW; 1475U/min; ','QU200 L4AH',389,0,NULL,1,73,1,NULL),(390,'Vakuumpumpe','LPHA 70123 ; BN 041020',390,0,NULL,1,84,1,NULL),(391,'Hydraulikmotor','DMP 16',391,0,NULL,1,85,1,NULL),(392,'Hydraulik-Radialkolbenpumpe Nachfolger von 0514701269100LG ','HPR18B',392,0,NULL,1,86,1,'RKP063KM28J1Z00RKP063KM28J1Z00AZP044RM22TP044'),(393,'Saugadapter für Radialkolbenpumpe HPR18B','RKP II CA48331-001-00',393,0,NULL,1,86,1,NULL),(402,'Radblock','DRS 160-A45-A-65-K-X-A30',402,2,NULL,1,7,2,'Fabrik Nr.78231805'),(403,'Antriebselement','DRS 160/AMK40',403,2,NULL,1,7,2,'Vielzahnwelle'),(404,'Klappenantrieb','NM230A',404,2,NULL,1,91,5,'10 Nm/230 V/95°/150s'),(405,'Klappenantrieb','NM24AP5',405,1,NULL,1,91,1,'10Nm/24VDC-ACmit Poti'),(407,'Taper-Buchse','2517/38 mm',407,1,NULL,1,12,2,NULL),(408,'Kugellager','YAR 207-2F',408,1,NULL,1,94,2,NULL),(410,'3~Motor; 22kW; 1475U/min; ','SSg 180 L-4',410,1,NULL,1,11,1,'38,8 A'),(411,'Schlauchringe aus Polyurethan D44','432KK23843',411,10,NULL,1,95,200,'ca 75 +/- 5 Shore dm23,8x43 mm13 mm hoch'),(412,'Frictions plate compl.','Pos. 140c',412,2,38,1,96,4,NULL),(413,'Breitkeilriemen','BKR52/17x2120',413,2,NULL,1,97,2,'RH52/17x2120 mm'),(414,'Dosierpumpe Harz','MP 15 ,Harz',414,1,NULL,1,55,1,'PVC / V4A / EH/ Hensel Nr. 12777'),(415,'3~Motor; 0,75kW; 35-357U/min,m.Getriebe','RF 27 DT 80 N4 TF',415,1,NULL,1,77,1,NULL),(416,'Dosierpumpe Härter','MP 15 Härter',416,1,NULL,1,55,1,'PVC / Inc.'),(417,'Vielzweckschlauch','Unitrix 60 / 13x4,0',417,10,NULL,2,98,50,' 128704'),(418,'Magnetventil','5281 A 40,0 NBR MS',418,1,3,1,37,2,'G1\" PN 2-16 bar'),(419,'Stopfensatz','SET7-5281-00-A00,0BB00-5-A00645561',419,1,3,1,37,1,'BB SG5 8W'),(420,'Heißgut-Magnetband','EP 400/3, 4:2mm Decke',420,1,34,1,100,1,'BB 650x3300mm endlos'),(422,'5/2-Wege-Magnetventil','MFH-5-1/4-B',422,1,NULL,1,3,2,NULL),(423,'Strommessumformer','MACX MCR-SL-CAC-5-i',423,0,24,1,54,1,'IN 1A/5A , OUT 4-20mA'),(424,'Nivotester','FTC 470 Z-AOEO 24V DC',424,1,24,1,40,1,'Kapazitiver Sich.-Füllstandgrenzschalter'),(425,'200 Hz Umformer','DRU 160/25-2/8TS',425,1,40,1,101,1,'25kVA / 2900 1/min /Eing.400V 43A/Ausg.265V 54,5A'),(426,'Überlastabschaltgerät mit Lastkollektivspeicher','FWL 230VAC',426,1,13,1,7,2,'Ident.Nr.:469 667 44'),(427,'Überlastabschaltgerät ohne Lastkollektivspeicher','FAW-1 230VAC',427,1,13,1,7,1,NULL),(429,'Vakuumpumpe','VLT 10 (02)',429,1,29,1,102,1,'150 mBar 400V 1,1A');
/*!40000 ALTER TABLE `artikel` ENABLE KEYS */;
UNLOCK TABLES;

--
-- Table structure for table `baugruppe`
--

DROP TABLE IF EXISTS `baugruppe`;
/*!40101 SET @saved_cs_client     = @@character_set_client */;
/*!40101 SET character_set_client = utf8 */;
CREATE TABLE `baugruppe` (
  `id` int(10) unsigned NOT NULL,
  `name` varchar(45) CHARACTER SET latin1 NOT NULL,
  `fk_baugruppe` int(10) unsigned DEFAULT NULL,
  `erfassungsbenutzer` int(10) unsigned DEFAULT NULL,
  `erfassungsdatum` datetime DEFAULT NULL,
  `aenderungsbenutzer` int(10) unsigned DEFAULT NULL,
  `aenderungsdatum` datetime DEFAULT NULL,
  `fk_halle` int(10) unsigned DEFAULT NULL,
  PRIMARY KEY (`id`),
  KEY `FK_baugruppe_baugruppe` (`fk_baugruppe`),
  KEY `FK_baugruppe_halle` (`fk_halle`),
  CONSTRAINT `FK_baugruppe_baugruppe` FOREIGN KEY (`fk_baugruppe`) REFERENCES `baugruppe` (`id`),
  CONSTRAINT `FK_baugruppe_halle` FOREIGN KEY (`fk_halle`) REFERENCES `halle` (`id`)
) ENGINE=InnoDB DEFAULT CHARSET=utf8 COLLATE=utf8_unicode_ci;
/*!40101 SET character_set_client = @saved_cs_client */;

--
-- Dumping data for table `baugruppe`
--

LOCK TABLES `baugruppe` WRITE;
/*!40000 ALTER TABLE `baugruppe` DISABLE KEYS */;
INSERT INTO `baugruppe` VALUES (8,'Kran 02  / 20t',NULL,NULL,NULL,14,'2010-11-11 00:00:00',2),(9,'Hubwerk EZDH 1050 H16 KV3 4/1F10',8,NULL,NULL,14,'2010-10-07 00:00:00',NULL),(10,'Feinhubwerk KBA 100 B4',9,NULL,NULL,14,'2010-10-07 00:00:00',NULL),(11,'Haupthubwerk KBH 200 B6',9,NULL,NULL,14,'2010-10-07 00:00:00',NULL),(12,'Rahmen',9,NULL,NULL,14,'2010-08-17 00:00:00',NULL),(14,'Katzfahrwerk KBF 80 A8/2',8,NULL,NULL,14,'2010-10-07 00:00:00',NULL),(15,'Kranfahrwerk ZBF 100 A8/2',8,NULL,NULL,14,'2010-10-07 00:00:00',NULL),(16,'Motor KBF 80 A 8/2 0,13/0,5kW / 630/2790U/min',14,NULL,NULL,14,'2010-10-05 00:00:00',NULL),(17,'Getriebe AMK 40 TS / 5,0/20,0m/min',14,NULL,NULL,14,'2010-10-07 00:00:00',NULL),(18,'Motor 0,29/1,2kW / 685/2760U/min',15,NULL,NULL,14,'2010-10-07 00:00:00',NULL),(19,'Getriebe ADE 50 DD / 10,0/40,0m/min',15,NULL,NULL,14,'2010-10-07 00:00:00',NULL),(20,'Kran 03  / 20t',NULL,NULL,NULL,14,'2010-11-11 00:00:00',2),(21,'Hubwerk Typ EZDH 1050 H16 KV3 4/1F10',20,NULL,NULL,14,'2010-08-17 00:00:00',NULL),(23,'Haupthubwerk KBH 200 B6',21,NULL,NULL,14,'2010-10-07 00:00:00',NULL),(24,'Feinhubwerk KBA 112 B4',21,NULL,NULL,14,'2010-10-07 00:00:00',NULL),(25,'Steuerungskasten',20,NULL,NULL,NULL,NULL,NULL),(27,'Kranfahrt KBF 100 A8/2',20,NULL,NULL,14,'2010-10-05 00:00:00',NULL),(30,'Motor 0,26/1,2kW / 610/2620U/min',27,NULL,NULL,14,'2010-10-05 00:00:00',NULL),(31,' Getriebe AF10 S / 10/40m/min',27,NULL,NULL,14,'2010-10-07 00:00:00',NULL),(34,'Kran 04 / 8t ',NULL,NULL,NULL,98,'2011-07-30 00:00:00',2),(55,'Hubwerk EZLDH 520 H16 KV3 4/1 F10',34,14,'2010-08-15 00:00:00',14,'2010-10-07 00:00:00',NULL),(56,'Feinhubwerk KBA 80 B4',55,14,'2010-08-15 00:00:00',14,'2010-10-05 00:00:00',NULL),(60,'Katzenfahrt KBF 80 A 8/2',34,14,'2010-08-15 00:00:00',14,'2010-10-05 00:00:00',NULL),(64,'Motor KBF 80 A 8/2 / 0,13/0,5kW /630/2710U/m',60,14,'2010-08-15 00:00:00',14,'2010-10-05 00:00:00',NULL),(65,'läufer',64,14,'2010-08-15 00:00:00',NULL,NULL,NULL),(66,'Kran 01 / 12,5t',NULL,NULL,NULL,14,'2011-01-19 00:00:00',2),(69,'Kran 07 / 12,5t',NULL,NULL,NULL,14,'2010-11-24 00:00:00',7),(70,'Kran 08 / 12,5t',NULL,NULL,NULL,14,'2010-12-19 00:00:00',7),(71,'Kran 09 / 20t',NULL,NULL,NULL,14,'2010-12-19 00:00:00',3),(72,'Kran 10 / 20t (Schäfer)',NULL,NULL,NULL,14,'2010-12-19 00:00:00',3),(73,'Kran 11 / bei Flutbecken',NULL,NULL,NULL,14,'2011-01-19 00:00:00',9),(74,'Kran 12 / bei Mischer 6',NULL,NULL,NULL,14,'2011-01-19 00:00:00',9),(75,'Kran 13 / bei Stempeluhr',NULL,NULL,NULL,14,'2011-01-19 00:00:00',9),(76,'Kran 14 / Großkernmacherei (bei Mischer 5) ',NULL,NULL,NULL,14,'2011-08-11 00:00:00',10),(77,'Kran 15 / Gießgehänge',NULL,NULL,NULL,14,'2011-01-19 00:00:00',8),(78,'Kran 16 /  (bei Auspackrohr)',NULL,NULL,NULL,14,'2011-01-19 00:00:00',8),(79,'Kran 17 /  ( mitte)',NULL,NULL,NULL,14,'2011-01-19 00:00:00',8),(80,'Kran 18 /  ( bei Mischer 7)',NULL,NULL,NULL,14,'2011-01-19 00:00:00',8),(81,'Kran 19 / ( zum Gießgehänge)',NULL,NULL,NULL,14,'2011-01-19 00:00:00',8),(82,'Kran 20  / 5t',NULL,NULL,NULL,14,'2011-01-19 00:00:00',11),(83,'Kran 21 /  12,5t',NULL,NULL,NULL,14,'2011-01-19 00:00:00',16),(84,'Kran 22 /  1.5t',NULL,NULL,NULL,14,'2011-01-19 00:00:00',1),(85,'Kran 23 / 6t (Alt Meisterb)',NULL,NULL,NULL,14,'2011-01-19 00:00:00',6),(86,'Kran 24 / 12,5t (mitte)',NULL,NULL,NULL,14,'2011-01-19 00:00:00',6),(87,'Kran 25 / 8t (Rump_Anlage)',NULL,NULL,NULL,14,'2011-01-19 00:00:00',6),(88,'Kran 05 / 5t',NULL,NULL,NULL,14,'2010-12-19 00:00:00',2),(89,'Kran 06 / 12,5t',NULL,NULL,NULL,14,'2010-12-19 00:00:00',2),(90,'Formautomat',NULL,NULL,NULL,14,'2011-02-26 00:00:00',8),(91,'Strahlanlage Rump',NULL,NULL,NULL,14,'2011-01-19 00:00:00',5),(92,'Strahlanlage Berger',NULL,NULL,NULL,14,'2011-01-19 00:00:00',17),(93,'3T Öfen (1+2)',NULL,NULL,NULL,98,'2011-07-30 00:00:00',7),(94,'6T Öfen (3+4)',NULL,NULL,NULL,14,'2011-08-11 00:00:00',7),(97,'Motor KBA 100 B4 / 3,5kW /1405U/min ',10,14,'2010-08-17 00:00:00',14,'2010-10-05 00:00:00',NULL),(98,'Getriebe FG 10 / 0,8m/min',10,14,'2010-08-17 00:00:00',14,'2010-10-07 00:00:00',NULL),(99,'Motor KBH 200 B6 / 28,5kW / 955U/min',11,14,'2010-08-17 00:00:00',14,'2010-10-05 00:00:00',NULL),(100,'Getriebe DH 1050 / 8,0m/min / I= 37,0',11,14,'2010-08-17 00:00:00',14,'2010-10-07 00:00:00',NULL),(101,'Unterflasche 365/20',9,14,'2010-08-17 00:00:00',14,'2010-08-17 00:00:00',NULL),(104,'Kranfahrwerk KBF 100 A8/2',71,14,'2010-08-17 00:00:00',14,'2010-10-06 00:00:00',NULL),(105,'Katzfahrwerk KBF 100 A8/2',71,14,'2010-08-17 00:00:00',14,'2010-10-06 00:00:00',NULL),(111,'Hubwerk EZDH 1050 H16 KV3 4/1F10',71,14,'2010-08-17 00:00:00',14,'2010-10-07 00:00:00',NULL),(112,'Haupthubwerk KBH 200 B6',111,14,'2010-08-17 00:00:00',14,'2010-10-06 00:00:00',NULL),(113,'Motor KBH 200 B6 / 28,5kW / 955U/min',112,14,'2010-08-17 00:00:00',14,'2010-10-06 00:00:00',NULL),(114,'Getriebe DH1050 / 8m/min',112,14,'2010-08-17 00:00:00',14,'2010-10-06 00:00:00',NULL),(115,'Feinhubwerk KBA 100 B4',111,14,'2010-08-17 00:00:00',14,'2010-10-07 00:00:00',NULL),(116,'Motor KBA 100 B 4 /3,5kW /1405U/min',115,14,'2010-08-17 00:00:00',14,'2010-10-06 00:00:00',NULL),(117,'Getriebe FG 10 / 0,8m/min',115,14,'2010-08-17 00:00:00',14,'2010-10-06 00:00:00',NULL),(118,'Motor 0,26/1,2kW / 610/2620U/min',105,14,'2010-08-17 00:00:00',14,'2010-10-06 00:00:00',NULL),(119,'Getriebe AMK 10 TS / 5/20m/min',105,14,'2010-08-17 00:00:00',14,'2010-10-06 00:00:00',NULL),(120,'Motor 0,26/1,2kW / 610/2620U/min',104,14,'2010-08-17 00:00:00',14,'2010-10-06 00:00:00',NULL),(121,'Getriebe ADE 50 DS / 10/40m/min',104,14,'2010-08-17 00:00:00',14,'2010-10-06 00:00:00',NULL),(122,'Hubwerk EZLDH 1050 H16 KV2 4/1F10',72,14,'2010-08-17 00:00:00',14,'2010-10-07 00:00:00',NULL),(123,'Katzfahrwerk ZBF 90 B9-2+B020',72,14,'2010-08-17 00:00:00',14,'2010-10-07 00:00:00',NULL),(124,'Kranfahrwerk ZBF 90 B8-2 B020',72,14,'2010-08-17 00:00:00',14,'2010-10-07 00:00:00',NULL),(125,'Hubwerk EKDH 316 H12 F6 2/1',73,14,'2010-08-17 00:00:00',14,'2010-10-06 00:00:00',NULL),(126,'Kranfahrwerk',73,14,'2010-08-17 00:00:00',NULL,NULL,NULL),(127,'Katzfahrwerk KBF 90 A8/2',73,14,'2010-08-17 00:00:00',14,'2010-10-07 00:00:00',NULL),(129,'Waidmann-Anlage',90,14,'2010-08-17 00:00:00',14,'2011-08-11 00:00:00',8),(131,'Formatic',90,14,'2010-08-17 00:00:00',NULL,NULL,NULL),(132,'Drehtisch',131,14,'2010-08-17 00:00:00',NULL,NULL,NULL),(133,'Steuerschrank Katze',71,14,'2010-08-17 00:00:00',14,'2010-09-29 00:00:00',NULL),(134,'Steuerschrank Kran',71,14,'2010-08-17 00:00:00',14,'2010-09-29 00:00:00',NULL),(135,'Kondensatorgerüst 2',93,14,'2010-08-17 00:00:00',14,'2010-08-17 00:00:00',NULL),(136,'Kondensatorgerüst 1',93,14,'2010-08-17 00:00:00',NULL,NULL,NULL),(137,'Umrichter',93,14,'2010-08-17 00:00:00',NULL,NULL,NULL),(138,'Drossel',137,14,'2010-08-17 00:00:00',NULL,NULL,NULL),(139,'Hubwerk  EZDH 1063 H16 KV2-2/1',66,14,'2010-08-17 00:00:00',14,'2010-10-07 00:00:00',NULL),(140,'Kran 26 / 10t (Schweißplatz)',NULL,NULL,NULL,14,'2011-01-19 00:00:00',5),(141,'Kran 27 / 10t (zur Taucherei)',NULL,NULL,NULL,14,'2011-01-19 00:00:00',5),(142,'Kran 30 / ',NULL,NULL,NULL,14,'2011-01-19 00:00:00',1),(143,'Kran 31 /',NULL,NULL,NULL,14,'2011-01-19 00:00:00',9),(144,'Kran 32 /  0,5t',NULL,NULL,NULL,14,'2011-01-19 00:00:00',13),(145,'Steuerung Kran',8,14,'2010-08-17 00:00:00',NULL,NULL,NULL),(146,'Kran 33 / Labor (QS) / 2t',NULL,NULL,NULL,14,'2011-01-19 00:00:00',14),(147,'Kran 34 / 2 t',NULL,NULL,NULL,14,'2011-01-19 00:00:00',14),(148,'Kran 35 /  (R) / 2t',NULL,NULL,NULL,14,'2011-01-19 00:00:00',16),(149,'Kran 36 /  (L) / 2t',NULL,NULL,NULL,14,'2011-01-19 00:00:00',16),(150,'Kran 37 / 2t ( Berger-Strahlanlage )',NULL,NULL,NULL,14,'2011-01-19 00:00:00',17),(151,'Schleuderrad',92,14,'2010-08-17 00:00:00',NULL,NULL,NULL),(152,'Kran 38 / 2t ( Rump-Strahlanl.-Keller )',NULL,NULL,NULL,14,'2011-01-19 00:00:00',17),(153,'Kran 39 /  Automat-Zulegen',NULL,NULL,NULL,14,'2011-01-19 00:00:00',8),(154,'Kran 41 /',NULL,NULL,NULL,14,'2011-01-19 00:00:00',4),(155,'Kran 42 /',NULL,NULL,NULL,14,'2011-01-19 00:00:00',4),(156,'Kran 43 / ',NULL,NULL,NULL,14,'2011-01-19 00:00:00',4),(157,'Kran 44 / ',NULL,NULL,NULL,14,'2011-01-19 00:00:00',4),(158,'Kran 45/ Möldnerhalle',NULL,NULL,NULL,NULL,NULL,NULL),(159,'Kran 46 / Möldnerhalle',NULL,NULL,NULL,NULL,NULL,NULL),(160,'Kran 47 / Möldnerhalle',NULL,NULL,NULL,NULL,NULL,NULL),(163,'Entstaubung     E.Ofen',NULL,14,'2010-08-22 00:00:00',14,'2010-09-29 00:00:00',NULL),(164,'Steuerschrank',163,14,'2010-08-22 00:00:00',14,'2010-09-29 00:00:00',NULL),(165,'Spülluftradialgebläse',163,14,'2010-08-22 00:00:00',14,'2010-09-30 00:00:00',NULL),(166,'Hauptradialgebläse',163,14,'2010-08-22 00:00:00',14,'2010-09-30 00:00:00',NULL),(167,'3~Motor ???',165,14,'2010-08-22 00:00:00',14,'2010-09-30 00:00:00',NULL),(170,'Kernschießmaschine AHB 40',NULL,14,'2010-09-28 00:00:00',14,'2011-01-19 00:00:00',4),(171,'Kernschießmaschine AHB 18',NULL,14,'2010-09-28 00:00:00',14,'2011-01-19 00:00:00',4),(172,'Sandmischer 8 (ECO-25T)',NULL,14,'2010-09-28 00:00:00',14,'2011-08-11 00:00:00',2),(173,'Sandmischer 1 (GFA 35T )',NULL,14,'2010-09-28 00:00:00',14,'2011-01-19 00:00:00',2),(174,'Sandmischer 4 (ECO 15T )',NULL,14,'2010-09-28 00:00:00',14,'2011-01-19 00:00:00',22),(175,'Sandmischer 5 (ECO 15T )',NULL,14,'2010-09-28 00:00:00',14,'2011-01-19 00:00:00',10),(176,'Sandmischer 6 (Hensel 15T )',NULL,14,'2010-09-28 00:00:00',14,'2011-01-19 00:00:00',9),(177,'Sandmischer 7 ( Wohr 15T )',NULL,14,'2010-09-28 00:00:00',14,'2011-01-19 00:00:00',8),(178,'Endmischertrog',172,14,'2010-09-28 00:00:00',14,'2010-09-29 00:00:00',NULL),(180,'Vormischertrog Harz',172,14,'2010-09-28 00:00:00',14,'2010-09-29 00:00:00',NULL),(181,'Motor mit Getriebe',180,14,'2010-09-28 00:00:00',NULL,NULL,NULL),(182,'Vormischertrog Härter',172,14,'2010-09-28 00:00:00',14,'2010-09-29 00:00:00',NULL),(183,'Schieber Sandauslaß',178,14,'2010-09-28 00:00:00',NULL,NULL,NULL),(185,'Schieber Sandeinlaß',172,14,'2010-09-28 00:00:00',NULL,NULL,NULL),(186,'Dosierpumpe Harz',172,14,'2010-09-28 00:00:00',14,'2010-09-30 00:00:00',NULL),(187,'Motor mit Getriebe',182,14,'2010-09-28 00:00:00',NULL,NULL,NULL),(188,'Bedienschrank',172,14,'2010-09-28 00:00:00',14,'2010-09-30 00:00:00',NULL),(189,'Dosierpumpe Härter',172,14,'2010-09-28 00:00:00',14,'2010-09-30 00:00:00',NULL),(190,'Vormischtrog Harz',174,14,'2010-09-28 00:00:00',NULL,NULL,NULL),(191,'Vormischtrog Härter',174,14,'2010-09-28 00:00:00',14,'2011-08-11 00:00:00',NULL),(192,'Dosierpumpe Harz',174,14,'2010-09-28 00:00:00',14,'2010-09-30 00:00:00',NULL),(193,'Dosierpumpe Härter',174,14,'2010-09-28 00:00:00',14,'2010-09-30 00:00:00',NULL),(194,'Endmischtrog',174,14,'2010-09-28 00:00:00',NULL,NULL,NULL),(195,'Bedienschrank',174,14,'2010-09-28 00:00:00',14,'2010-09-30 00:00:00',NULL),(196,'Schieber Sandeinlaß',174,14,'2010-09-28 00:00:00',NULL,NULL,NULL),(197,'Endmischtrog',175,14,'2010-09-28 00:00:00',NULL,NULL,NULL),(198,'Vormischtrog Harz',175,14,'2010-09-28 00:00:00',NULL,NULL,NULL),(199,'Vormischtrog Härter',175,14,'2010-09-28 00:00:00',14,'2011-08-11 00:00:00',10),(200,'Dosierpumpe Harz',175,14,'2010-09-28 00:00:00',14,'2010-09-30 00:00:00',NULL),(201,'Dosierpumpe Härter',175,14,'2010-09-28 00:00:00',14,'2010-09-30 00:00:00',NULL),(202,'Schieber Sandauslaß',197,14,'2010-09-28 00:00:00',NULL,NULL,NULL),(203,'Kondensatorgerüst 3',94,14,'2010-09-28 00:00:00',NULL,NULL,NULL),(204,'Kondensatorgerüst 4',94,14,'2010-09-28 00:00:00',NULL,NULL,NULL),(205,'Umrichter',94,14,'2010-09-28 00:00:00',NULL,NULL,NULL),(206,'Kühlwasseraggregat Ofenkreis 3+4',94,14,'2010-09-28 00:00:00',14,'2010-09-28 00:00:00',NULL),(207,'Kühlwasseraggregat Umrichterkreis',94,14,'2010-09-28 00:00:00',NULL,NULL,NULL),(208,'Kühlwasseraggregat Ofenkreis 1+2',93,14,'2010-09-28 00:00:00',14,'2010-09-28 00:00:00',NULL),(209,'Kühlwasseraggregat Umrichterkreis',93,14,'2010-09-28 00:00:00',NULL,NULL,NULL),(210,'Starteinrichtung ',136,14,'2010-09-28 00:00:00',14,'2010-09-28 00:00:00',NULL),(211,'Starteinrichtung ',135,14,'2010-09-28 00:00:00',14,'2010-09-28 00:00:00',NULL),(212,'Pumpe 1',208,14,'2010-09-28 00:00:00',14,'2010-09-28 00:00:00',NULL),(213,'Pumpe 2',208,14,'2010-09-28 00:00:00',NULL,NULL,NULL),(214,'Pumpe 1',209,14,'2010-09-28 00:00:00',NULL,NULL,NULL),(215,'Pumpe 2',209,14,'2010-09-28 00:00:00',NULL,NULL,NULL),(216,'Gleichrichter 1(GR 1)',137,14,'2010-09-28 00:00:00',14,'2010-09-28 00:00:00',NULL),(217,'Gleichrichter 2 (GR 2)',137,14,'2010-09-28 00:00:00',14,'2010-09-28 00:00:00',NULL),(218,'Wechselrichter 1 (WR 1)',137,14,'2010-09-28 00:00:00',14,'2010-09-28 00:00:00',NULL),(219,'Wechselrichter 2 (WR 2)',137,14,'2010-09-28 00:00:00',14,'2010-09-28 00:00:00',NULL),(220,'DICU',137,14,'2010-09-28 00:00:00',NULL,NULL,NULL),(221,'Kühlturm',209,14,'2010-09-28 00:00:00',NULL,NULL,NULL),(222,'Kühlturm',208,14,'2010-09-28 00:00:00',NULL,NULL,NULL),(223,'Ventilator',222,14,'2010-09-28 00:00:00',14,'2010-09-28 00:00:00',NULL),(224,'Sprühwasserpumpe',222,14,'2010-09-28 00:00:00',NULL,NULL,NULL),(225,'Sprühwasserpumpe',221,14,'2010-09-28 00:00:00',NULL,NULL,NULL),(226,'Ventilator',221,14,'2010-09-28 00:00:00',NULL,NULL,NULL),(227,'Steuerschrank',208,14,'2010-09-28 00:00:00',14,'2010-09-29 00:00:00',NULL),(228,'Schaltschrank',209,14,'2010-09-28 00:00:00',NULL,NULL,NULL),(230,'Leitwertmessgerät',221,14,'2010-09-28 00:00:00',NULL,NULL,NULL),(231,'Leitwertmesseinrichtung',227,14,'2010-09-28 00:00:00',NULL,NULL,NULL),(232,'Leitwertmesseinrichtung',228,14,'2010-09-28 00:00:00',NULL,NULL,NULL),(233,'SPS SimaticS7',136,14,'2010-09-28 00:00:00',14,'2010-09-28 00:00:00',NULL),(234,'SPS Simatic S7',135,14,'2010-09-28 00:00:00',14,'2010-09-28 00:00:00',NULL),(235,'SPS Simatic S7',205,14,'2010-09-28 00:00:00',NULL,NULL,NULL),(236,'SPS Simatic S7',204,14,'2010-09-28 00:00:00',NULL,NULL,NULL),(237,'SPS Simatic S7',203,14,'2010-09-28 00:00:00',NULL,NULL,NULL),(238,'SPS Simatic S7',137,14,'2010-09-28 00:00:00',NULL,NULL,NULL),(243,'Starteinrichtung',203,14,'2010-09-28 00:00:00',NULL,NULL,NULL),(244,'Starteinrichtung',204,14,'2010-09-28 00:00:00',NULL,NULL,NULL),(246,'Hubwerk  EZDH 1032 H16 KV2 4/1 F10',70,14,'2010-09-28 00:00:00',14,'2010-10-07 00:00:00',NULL),(247,'Hubwerk  EZDH 1032 H16 KV2 4/1 F10',69,14,'2010-09-28 00:00:00',14,'2010-10-05 00:00:00',NULL),(248,'Hubwerk EZLDH 1063 H16 KV2 2/1 F10',89,14,'2010-09-28 00:00:00',14,'2010-10-05 00:00:00',NULL),(249,'Hubwerk EZLDH 625 H12 KV3-2/1 F1',88,14,'2010-09-28 00:00:00',14,'2010-10-07 00:00:00',NULL),(250,'Katzfahrwerk ZBF 100 A8/2',70,14,'2010-09-28 00:00:00',14,'2010-10-07 00:00:00',NULL),(251,'Katzfahrwerk ZBF 100 A8/2',69,14,'2010-09-28 00:00:00',14,'2010-10-07 00:00:00',NULL),(252,'Katzfahrwerk KBF 80 A8/2',89,14,'2010-09-28 00:00:00',14,'2010-10-05 00:00:00',NULL),(254,'Katzfahrwerk ZBF 71 A 8/2',88,14,'2010-09-28 00:00:00',14,'2010-10-05 00:00:00',NULL),(255,'Katzfahrwerk ZBF 100 A8/2',20,14,'2010-09-28 00:00:00',14,'2010-10-05 00:00:00',NULL),(256,'Katzfahrwerk KBF 90 A8/2',66,14,'2010-09-28 00:00:00',14,'2010-10-07 00:00:00',NULL),(257,'Kranfahrwerk ZBF 100 A8/2',70,14,'2010-09-28 00:00:00',14,'2010-10-07 00:00:00',NULL),(258,'Kranfahrwerk ZBF 100 A8/2',69,14,'2010-09-28 00:00:00',14,'2010-10-05 00:00:00',NULL),(259,'Kranfahrwerk KBF 90 A8/2',89,14,'2010-09-28 00:00:00',14,'2010-10-05 00:00:00',NULL),(260,'Kranfahrwerk DES 3/6',88,14,'2010-09-28 00:00:00',14,'2010-10-05 00:00:00',NULL),(261,'Kranfahrwerk KBF 90 A8/2',34,14,'2010-09-28 00:00:00',14,'2010-10-05 00:00:00',NULL),(262,'Kranfahrwerk KBF 90 A8/2',66,14,'2010-09-28 00:00:00',14,'2010-10-07 00:00:00',NULL),(263,'Kranfahrwerk',74,14,'2010-09-28 00:00:00',NULL,NULL,NULL),(264,'Kranfahrwerk',75,14,'2010-09-28 00:00:00',NULL,NULL,NULL),(265,'Kranfahrwerk',76,14,'2010-09-28 00:00:00',NULL,NULL,NULL),(266,'Katzfahrwerk',78,14,'2010-09-28 00:00:00',NULL,NULL,NULL),(267,'Katzfahrwerk',79,14,'2010-09-28 00:00:00',NULL,NULL,NULL),(268,'Katzfahrwerk',80,14,'2010-09-28 00:00:00',NULL,NULL,NULL),(269,'Katzfahrwerk',81,14,'2010-09-28 00:00:00',NULL,NULL,NULL),(270,'Magnet',82,14,'2010-09-28 00:00:00',14,'2011-08-11 00:00:00',NULL),(271,'Katzfahrwerk',83,14,'2010-09-28 00:00:00',NULL,NULL,NULL),(272,'Katzfahrwerk',85,14,'2010-09-28 00:00:00',NULL,NULL,NULL),(273,'Katzfahrwerk',86,14,'2010-09-28 00:00:00',NULL,NULL,NULL),(274,'Katzfahrwerk',87,14,'2010-09-28 00:00:00',NULL,NULL,NULL),(275,'Katzfahrwerk',140,14,'2010-09-28 00:00:00',NULL,NULL,NULL),(276,'Katzfahrwerk',141,14,'2010-09-28 00:00:00',NULL,NULL,NULL),(277,'Katzfahrwerk',74,14,'2010-09-28 00:00:00',14,'2010-10-06 00:00:00',NULL),(278,'Katzfahrwerk KBF 80 A8/2',75,14,'2010-09-28 00:00:00',14,'2010-10-07 00:00:00',NULL),(279,'Katzfahrwerk KMF 80 A8/2',76,14,'2010-09-28 00:00:00',14,'2010-10-07 00:00:00',NULL),(280,'Baugruppe Kranfahrwerk',78,14,'2010-09-28 00:00:00',NULL,NULL,NULL),(281,'Baugruppe Kranfahrwerk',79,14,'2010-09-28 00:00:00',NULL,NULL,NULL),(282,'Baugruppe Kranfahrwerk',80,14,'2010-09-28 00:00:00',NULL,NULL,NULL),(283,' Kran',82,14,'2010-09-28 00:00:00',14,'2011-08-11 00:00:00',11),(284,'Baugruppe Kranfahrwerk',83,14,'2010-09-28 00:00:00',NULL,NULL,NULL),(285,'Baugruppe Kranfahrwerk',85,14,'2010-09-28 00:00:00',NULL,NULL,NULL),(286,'Baugruppe Kranfahrwerk',86,14,'2010-09-28 00:00:00',NULL,NULL,NULL),(287,'Baugruppe Kranfahrwerk',87,14,'2010-09-28 00:00:00',NULL,NULL,NULL),(288,'Baugruppe Kranfahrwerk',140,14,'2010-09-28 00:00:00',NULL,NULL,NULL),(289,'Baugruppe Kranfahrwerk',141,14,'2010-09-28 00:00:00',NULL,NULL,NULL),(290,'Ofenleitstand',93,14,'2010-09-29 00:00:00',NULL,NULL,NULL),(291,'Bedienschrank',290,14,'2010-09-29 00:00:00',14,'2010-09-29 00:00:00',NULL),(294,'Ofenleitstand',94,14,'2010-09-29 00:00:00',NULL,NULL,NULL),(302,'Drossel',205,14,'2010-09-29 00:00:00',NULL,NULL,NULL),(303,'Gleichrichter 3(GR 3)',205,14,'2010-09-29 00:00:00',NULL,NULL,NULL),(304,'Gleichrichter 4 (GR 4)',205,14,'2010-09-29 00:00:00',NULL,NULL,NULL),(305,'Wechselrichter 3 (WR 3)',205,14,'2010-09-29 00:00:00',NULL,NULL,NULL),(306,'Wechselrichter 4 (WR 4)',205,14,'2010-09-29 00:00:00',NULL,NULL,NULL),(307,'Bedienschrank',294,14,'2010-09-29 00:00:00',NULL,NULL,NULL),(308,'SPS Simatic S7',307,14,'2010-09-29 00:00:00',NULL,NULL,NULL),(309,'Kühlwasserüberwachungsstation Ofen 3',94,14,'2010-09-29 00:00:00',NULL,NULL,NULL),(310,'Kühlwasserüberwachungsstation Ofen 4',94,14,'2010-09-29 00:00:00',NULL,NULL,NULL),(311,'SPS Simatic S7',310,14,'2010-09-29 00:00:00',NULL,NULL,NULL),(312,'SPS Simatic S7',309,14,'2010-09-29 00:00:00',NULL,NULL,NULL),(315,'Kühlwasserüberwachungsstation Ofen 2',93,14,'2010-09-29 00:00:00',NULL,NULL,NULL),(316,'Kühlwasserüberwachungsstation Ofen 1',93,14,'2010-09-29 00:00:00',NULL,NULL,NULL),(317,'SPS Simatic S7',315,14,'2010-09-29 00:00:00',NULL,NULL,NULL),(319,'SPS Simatic S7',316,14,'2010-09-29 00:00:00',NULL,NULL,NULL),(320,'Sandregenerierung',NULL,14,'2010-09-29 00:00:00',14,'2011-01-19 00:00:00',24),(321,'GUT-Anlage',320,14,'0000-00-00 00:00:00',NULL,NULL,NULL),(322,'SPS Simatic S7',321,14,'2010-09-29 00:00:00',NULL,NULL,NULL),(323,'Bedienschrank',176,14,'2010-09-29 00:00:00',14,'2010-09-30 00:00:00',NULL),(324,'SPS Simatic S7',323,14,'2010-09-29 00:00:00',NULL,NULL,NULL),(325,'Entstaubung 7 (Rumpanlage)',NULL,14,'2010-09-29 00:00:00',14,'2011-02-26 00:00:00',6),(327,'Bedinschrank',325,14,'2010-09-29 00:00:00',NULL,NULL,NULL),(328,'SPS Simatic S7',327,14,'2010-09-29 00:00:00',NULL,NULL,NULL),(329,'Entstaubung 16',NULL,14,'2010-09-29 00:00:00',14,'2010-11-11 00:00:00',5),(330,'Steuerschrank Hauptmotor',329,14,'2010-09-29 00:00:00',14,'2010-09-29 00:00:00',NULL),(331,'Bedienschrank unten',329,14,'2010-09-29 00:00:00',NULL,NULL,NULL),(332,'Bedienschrank oben',329,14,'2010-09-29 00:00:00',NULL,NULL,NULL),(334,'SPS Simatic S7',332,14,'2010-09-29 00:00:00',NULL,NULL,NULL),(335,'SPS Simatic S7',164,14,'2010-09-29 00:00:00',NULL,NULL,NULL),(336,'SPS Simatic S7',177,14,'2010-09-29 00:00:00',NULL,NULL,NULL),(337,'Entstaubung 2',NULL,14,'2010-09-29 00:00:00',14,'2011-08-11 00:00:00',8),(338,'Entstaubung 3 (Hante-Filter)',NULL,14,'2010-09-29 00:00:00',14,'2010-11-11 00:00:00',8),(340,'Entstaubung 4',NULL,14,'2010-09-29 00:00:00',14,'2011-08-11 00:00:00',8),(341,'Entstaubung 14 (Knollenbrecher)',NULL,14,'2010-09-29 00:00:00',14,'2011-08-11 00:00:00',2),(342,'Steuerschrank Katze',70,14,'2010-09-29 00:00:00',NULL,NULL,NULL),(343,'Steuerschrank Katze',69,14,'2010-09-29 00:00:00',NULL,NULL,NULL),(344,'Steuerschrank Katze',89,14,'2010-09-29 00:00:00',NULL,NULL,NULL),(345,'Steuerschrank Katze',88,14,'2010-09-29 00:00:00',NULL,NULL,NULL),(346,'Steuerschrank Katze',34,14,'2010-09-29 00:00:00',NULL,NULL,NULL),(347,'Steuerschrank Katze',8,14,'2010-09-29 00:00:00',NULL,NULL,NULL),(348,'Dachventilator 1',NULL,14,'2010-09-29 00:00:00',98,'2011-07-30 00:00:00',3),(349,'Regenerierung 1',320,14,'2010-09-29 00:00:00',NULL,NULL,NULL),(350,'Regenerierung 2',320,14,'2010-09-29 00:00:00',NULL,NULL,NULL),(351,'Rinne 3',349,14,'2010-09-29 00:00:00',NULL,NULL,NULL),(352,'Rinne 2',349,14,'2010-09-29 00:00:00',NULL,NULL,NULL),(353,'Rinne 1',349,14,'2010-09-29 00:00:00',NULL,NULL,NULL),(354,'Magnetband',349,14,'2010-09-29 00:00:00',NULL,NULL,NULL),(355,'Rinne 4',349,14,'2010-09-29 00:00:00',NULL,NULL,NULL),(356,'Rüttler',349,14,'2010-09-29 00:00:00',NULL,NULL,NULL),(357,'Permanentmagnet',349,14,'2010-09-29 00:00:00',NULL,NULL,NULL),(358,'Rost 2',356,14,'2010-09-29 00:00:00',NULL,NULL,NULL),(359,'Rost 1',356,14,'2010-09-29 00:00:00',NULL,NULL,NULL),(360,'Ventilator',350,14,'2010-09-29 00:00:00',NULL,NULL,NULL),(361,'Rinne 6',350,14,'2010-09-29 00:00:00',NULL,NULL,NULL),(362,'Knollenbrecher',350,14,'2010-09-29 00:00:00',NULL,NULL,NULL),(363,'Kühler',350,14,'2010-09-29 00:00:00',NULL,NULL,NULL),(364,'Sender',350,14,'2010-09-29 00:00:00',NULL,NULL,NULL),(365,'Vormischertrog Harz',173,14,'2010-09-30 00:00:00',NULL,NULL,NULL),(366,'Bedienschrank an der Säule',173,14,'2010-09-30 00:00:00',NULL,NULL,NULL),(367,'Bedienschrank oben',173,14,'2010-09-30 00:00:00',NULL,NULL,NULL),(368,'Vormischertrog Härter',173,14,'2010-09-30 00:00:00',NULL,NULL,NULL),(369,'Endmischer',173,14,'2010-09-30 00:00:00',NULL,NULL,NULL),(370,'Funksteuerung',367,14,'2010-09-30 00:00:00',NULL,NULL,NULL),(371,'SPS Simatic S5',367,14,'2010-09-30 00:00:00',NULL,NULL,NULL),(372,'Dosierpumpe Härter',173,14,'2010-09-30 00:00:00',NULL,NULL,NULL),(373,'Dosierpumpe Harz',173,14,'2010-09-30 00:00:00',NULL,NULL,NULL),(374,'Transportband Sandzufuhr',173,14,'2010-09-30 00:00:00',NULL,NULL,NULL),(375,'Bedienpult',174,14,'2010-09-30 00:00:00',NULL,NULL,NULL),(376,'Vormischer (Härter)',176,14,'2010-09-30 00:00:00',NULL,NULL,NULL),(377,'Bedienpult',176,14,'2010-09-30 00:00:00',NULL,NULL,NULL),(378,'Endmischer (Harz)',176,14,'2010-09-30 00:00:00',NULL,NULL,NULL),(381,'Dosierpumpe Harz',177,14,'2010-09-30 00:00:00',NULL,NULL,NULL),(382,'Dosierpumpe Härter',177,14,'2010-09-30 00:00:00',NULL,NULL,NULL),(383,'Endmischer',177,14,'2010-09-30 00:00:00',NULL,NULL,NULL),(384,'Bedienpult',177,14,'2010-09-30 00:00:00',NULL,NULL,NULL),(385,'Bedienpult',172,14,'2010-09-30 00:00:00',NULL,NULL,NULL),(386,'Hubwerk AP 210 H7F 2/1',74,14,'2010-09-30 00:00:00',14,'2010-10-06 00:00:00',NULL),(387,'Hubwerk EZLDH 625 H12 KV3-2/1 F10',75,14,'2010-09-30 00:00:00',14,'2010-10-07 00:00:00',NULL),(388,'Hubwerk EKDH 316 H12 KV2-2/1 F6',76,14,'2010-09-30 00:00:00',14,'2010-10-07 00:00:00',NULL),(389,'Hubwerk ST 2010-8/2 2/1',77,14,'2010-09-30 00:00:00',14,'2010-10-06 00:00:00',NULL),(390,'Hubwerk',78,14,'2010-09-30 00:00:00',NULL,NULL,NULL),(391,'Hubwerk',79,14,'2010-09-30 00:00:00',NULL,NULL,NULL),(392,'Hubwerk',80,14,'2010-09-30 00:00:00',NULL,NULL,NULL),(393,'Hubwerk',87,14,'2010-09-30 00:00:00',NULL,NULL,NULL),(394,'Haupthubwerk KBH 160 B4',139,14,'2010-09-30 00:00:00',14,'2010-10-07 00:00:00',NULL),(396,'3~Motor 17.8 kW /n=1440U ',394,14,'2010-09-30 00:00:00',NULL,NULL,NULL),(397,'Feinhubwerk KBA 100 B4',139,14,'2010-09-30 00:00:00',14,'2010-10-07 00:00:00',NULL),(398,'3~Motor 3,0kW /n=1420U',397,14,'2010-09-30 00:00:00',NULL,NULL,NULL),(400,'3~Motor 1kW / 2510U/M /',256,14,'2010-09-30 00:00:00',NULL,NULL,NULL),(401,'Getriebe Typ AF 06  /I.ges=71,4',256,14,'2010-09-30 00:00:00',NULL,NULL,NULL),(402,'Getriebe AF 08/ I.ges=58,6',262,14,'2010-09-30 00:00:00',14,'2010-09-30 00:00:00',NULL),(403,'3~Motor 0,2/0,8kW 590/2520U',262,14,'2010-09-30 00:00:00',NULL,NULL,NULL),(404,'Steuerschrank Brücke',69,14,'2010-09-30 00:00:00',NULL,NULL,NULL),(405,'Kranfahrtsteuerung',404,14,'2010-09-30 00:00:00',NULL,NULL,NULL),(406,'???',405,14,'2010-09-30 00:00:00',NULL,NULL,NULL),(407,'Steuerschrank Brücke',70,14,'2010-09-30 00:00:00',NULL,NULL,NULL),(408,'Kransteuerung',407,14,'2010-09-30 00:00:00',NULL,NULL,NULL),(409,'Katzensteuerung',407,14,'2010-09-30 00:00:00',NULL,NULL,NULL),(414,'Kernschießmaschine Bicor',NULL,14,'2010-10-04 00:00:00',14,'2011-01-19 00:00:00',4),(415,'Kernsandaufbereitung',NULL,14,'2010-10-04 00:00:00',14,'2011-01-19 00:00:00',4),(416,'Mischer 1',415,14,'2010-10-04 00:00:00',14,'2010-10-04 00:00:00',NULL),(417,'Mischer 2',415,14,'2010-10-04 00:00:00',NULL,NULL,NULL),(420,'Pumpenschrank',415,14,'2010-10-04 00:00:00',14,'2010-10-04 00:00:00',NULL),(421,'Bedienschrank',415,14,'2010-10-04 00:00:00',NULL,NULL,NULL),(422,'Mischelement',416,14,'2010-10-04 00:00:00',NULL,NULL,NULL),(423,'Mischerklappe ',416,14,'2010-10-04 00:00:00',NULL,NULL,NULL),(424,'Mischelement',417,14,'2010-10-04 00:00:00',NULL,NULL,NULL),(425,'Mischerklappe ',417,14,'2010-10-04 00:00:00',NULL,NULL,NULL),(426,'Abrufkasten 4',415,14,'2010-10-04 00:00:00',NULL,NULL,NULL),(427,'Abrufkasten 3',415,14,'2010-10-04 00:00:00',NULL,NULL,NULL),(428,'Abrufkasten 2',415,14,'2010-10-04 00:00:00',NULL,NULL,NULL),(429,'Abrufkasten 1',415,14,'2010-10-04 00:00:00',NULL,NULL,NULL),(430,'Abrufkasten 5',415,14,'2010-10-04 00:00:00',NULL,NULL,NULL),(431,'Fahrwagen',415,14,'2010-10-04 00:00:00',NULL,NULL,NULL),(432,'Doppelschneckendosierer (Sand)',415,14,'2010-10-04 00:00:00',NULL,NULL,NULL),(433,'Sanddosierschnecke',415,14,'2010-10-04 00:00:00',NULL,NULL,NULL),(438,'Vorlagebehälter 3',420,14,'2010-10-04 00:00:00',NULL,NULL,NULL),(439,'Vorlagebehälter 2',420,14,'2010-10-04 00:00:00',NULL,NULL,NULL),(440,'Vorlagebehälter 1',420,14,'2010-10-04 00:00:00',NULL,NULL,NULL),(441,'Dosirpumpe1',440,14,'2010-10-04 00:00:00',NULL,NULL,NULL),(442,'Dosirpumpe2',439,14,'2010-10-04 00:00:00',NULL,NULL,NULL),(443,'Dosirpumpe3',438,14,'2010-10-04 00:00:00',NULL,NULL,NULL),(444,'Zahnradpumpe WR3-18-GQS',441,14,'2010-10-04 00:00:00',NULL,NULL,NULL),(445,'Zahnradpumpe WR3-18-GQS',442,14,'2010-10-04 00:00:00',NULL,NULL,NULL),(446,'Zahnradpumpe WR3-18-GQS',443,14,'2010-10-04 00:00:00',NULL,NULL,NULL),(448,'Motor KBA 112 B4 /3,5kW / 1405U/min',24,14,'2010-10-05 00:00:00',NULL,NULL,NULL),(449,'Getriebe FG 10 L / 0,8m/min ',24,14,'2010-10-05 00:00:00',NULL,NULL,NULL),(450,'Getriebe DH 1050 / 8,0m/min',23,14,'2010-10-05 00:00:00',NULL,NULL,NULL),(451,'Motor KBH 200 B 6 / 28,5kW / 955U/min',23,14,'2010-10-05 00:00:00',NULL,NULL,NULL),(454,'Getriebe AMK 40 TD / 5/20m/mim',255,14,'2010-10-05 00:00:00',NULL,NULL,NULL),(455,'Motor ZBF 100  A 8/2 / 0,2/0,8kW / 685/2760U',255,14,'2010-10-05 00:00:00',NULL,NULL,NULL),(456,'Getriebe FG 08 / 0,8m/min',56,14,'2010-10-05 00:00:00',NULL,NULL,NULL),(457,'Motor KBA 80 B4 / 1,5kW /1340U/min',56,14,'2010-10-05 00:00:00',NULL,NULL,NULL),(458,'Haupthubwerk KBH 140 B4',55,14,'2010-10-05 00:00:00',NULL,NULL,NULL),(459,'Getriebe DH 520 / 8m/min',458,14,'2010-10-05 00:00:00',NULL,NULL,NULL),(460,'Motor KBH 140 B4 / 11,4kW / 1420U/min',458,14,'2010-10-05 00:00:00',NULL,NULL,NULL),(461,'Getriebe AF 05 / 4/16m/min',60,14,'2010-10-05 00:00:00',14,'2010-10-05 00:00:00',NULL),(462,'Getriebe AF 05 / 4/16m/min',261,14,'2010-10-05 00:00:00',NULL,NULL,NULL),(463,'Motor 0,2/0,8kW / 590/2520U/min',261,14,'2010-10-05 00:00:00',14,'2010-10-07 00:00:00',NULL),(464,'Feinhubwerk KBA 80 B4',249,14,'2010-10-05 00:00:00',NULL,NULL,NULL),(465,'Haupthubwerk KBH 140 B4 ',249,14,'2010-10-05 00:00:00',NULL,NULL,NULL),(466,'Getriebe 12,5m/min',465,14,'2010-10-05 00:00:00',NULL,NULL,NULL),(467,'Motor 11,4kW / 1420U/min',465,14,'2010-10-05 00:00:00',NULL,NULL,NULL),(468,'Getriebe FG 08 / 1,2m/min',464,14,'2010-10-05 00:00:00',NULL,NULL,NULL),(469,'Motor 1,5kW / 1340U/min',464,14,'2010-10-05 00:00:00',14,'2010-10-07 00:00:00',NULL),(470,'Getriebe AME10DD / 5/20m/min',254,14,'2010-10-05 00:00:00',NULL,NULL,NULL),(471,'Motor 0,09/0,34kW / 675/2785U/min',254,14,'2010-10-05 00:00:00',NULL,NULL,NULL),(472,'Motor 3,2kW 930U/min',260,14,'2010-10-05 00:00:00',NULL,NULL,NULL),(475,'Feinhubwerk KBA 90 B4',248,14,'2010-10-05 00:00:00',NULL,NULL,NULL),(476,'Haupthubwerk KMH 160 B4',248,14,'2010-10-05 00:00:00',NULL,NULL,NULL),(477,'Getriebe  8m/min',476,14,'2010-10-05 00:00:00',NULL,NULL,NULL),(478,'Motor 17,8kW / 1440U/min',476,14,'2010-10-05 00:00:00',NULL,NULL,NULL),(479,'Getriebe FG 10 / 0,8m/min',475,14,'2010-10-05 00:00:00',NULL,NULL,NULL),(480,'Motor 2,3kW / 1365U/min',475,14,'2010-10-05 00:00:00',NULL,NULL,NULL),(481,'Getriebe AF 06 / 20m/min',252,14,'2010-10-05 00:00:00',NULL,NULL,NULL),(482,'Motor 0,5kW / 2570U/min',252,14,'2010-10-05 00:00:00',NULL,NULL,NULL),(483,'Getriebe AF 08 / 10/40m/min',259,14,'2010-10-05 00:00:00',NULL,NULL,NULL),(484,'Motor 0,2/0,8kW / 590/2520U/min',259,14,'2010-10-05 00:00:00',NULL,NULL,NULL),(485,'Kranfahrwerk KBF 90 A8/2',248,14,'2010-10-05 00:00:00',NULL,NULL,NULL),(486,'Getriebe AF 08 / 10/40m/min',485,14,'2010-10-05 00:00:00',NULL,NULL,NULL),(487,'Motor 0,2/0,8kW / 590/2520U/min',485,14,'2010-10-05 00:00:00',NULL,NULL,NULL),(488,'Kranfahrwerk KBF 90 A8/2',89,14,'2010-10-05 00:00:00',NULL,NULL,NULL),(489,'Motor 0,2/0,8kW / 590/2520U/min',488,14,'2010-10-05 00:00:00',NULL,NULL,NULL),(490,'Getriebe AF 08 / 10/40m/min',488,14,'2010-10-05 00:00:00',NULL,NULL,NULL),(492,'Kranfahrwerk KBF 90 A8/2',34,14,'2010-10-05 00:00:00',NULL,NULL,NULL),(493,'Motor 0,2/0,8kW / 590/2520U/min',492,14,'2010-10-05 00:00:00',14,'2010-10-07 00:00:00',NULL),(494,'Kranfahrwerk KBF 90 A8/2',492,14,'2010-10-05 00:00:00',NULL,NULL,NULL),(495,'Kranfahrt KBF 100 A8/2',20,14,'2010-10-05 00:00:00',NULL,NULL,NULL),(496,'Motor 0,26/1,2kW / 610/2620U/min',495,14,'2010-10-05 00:00:00',NULL,NULL,NULL),(497,' Getriebe AF10 S / 10/40U/min',495,14,'2010-10-05 00:00:00',NULL,NULL,NULL),(498,'Katzfahrwerk KBF 80 A8/2',8,14,'2010-10-05 00:00:00',14,'2010-10-07 00:00:00',NULL),(499,'Motor 0,13/0,5kW / 630/2710U/min',498,14,'2010-10-05 00:00:00',14,'2010-10-07 00:00:00',NULL),(500,' Getriebe AMK 40 TS / 5,0/20,0m/min',498,14,'2010-10-05 00:00:00',14,'2010-10-07 00:00:00',NULL),(501,'Kranfahrwerk ZBF 100 A8/2',8,14,'2010-10-05 00:00:00',NULL,NULL,NULL),(502,'Motor 0,29/1,2kW / 685/2760U/min',501,14,'2010-10-05 00:00:00',14,'2010-10-07 00:00:00',NULL),(503,'Getriebe ADE 50 DD / 10,0/40,0U/min',501,14,'2010-10-05 00:00:00',NULL,NULL,NULL),(504,'Kranfahrwerk KBF 90 A8/2',66,14,'2010-10-05 00:00:00',14,'2010-10-07 00:00:00',NULL),(505,'Getriebe AF 08/ I.ges=58,6',504,14,'2010-10-05 00:00:00',NULL,NULL,NULL),(506,'3~Motor 0,2/0,8kW 590/2520U',504,14,'2010-10-05 00:00:00',NULL,NULL,NULL),(507,'Feinhubwerk KBA 100 B4',247,14,'2010-10-05 00:00:00',NULL,NULL,NULL),(508,'Haupthubwerk KBH 160 B4',247,14,'2010-10-05 00:00:00',NULL,NULL,NULL),(509,'Getriebe DH1032 / 6,3m/min',508,14,'2010-10-05 00:00:00',NULL,NULL,NULL),(510,'Motor 14,2kW / 1450U/min',508,14,'2010-10-05 00:00:00',14,'2010-10-07 00:00:00',NULL),(511,'Getriebe FG 10 / 0,6m/min',507,14,'2010-10-05 00:00:00',NULL,NULL,NULL),(512,'Motor 3kW / 1420U/min',507,14,'2010-10-05 00:00:00',NULL,NULL,NULL),(513,'Getriebe AMK 40 TD / 5/20m/min',251,14,'2010-10-05 00:00:00',NULL,NULL,NULL),(514,'Motor 0,29/1,2kW / 685/2760U/min',251,14,'2010-10-05 00:00:00',NULL,NULL,NULL),(515,'Getriebe ADE 50 DD / 10/40m/min',258,14,'2010-10-05 00:00:00',NULL,NULL,NULL),(516,'Motor 0,29/1,2kW / 685/2760U/min',258,14,'2010-10-05 00:00:00',NULL,NULL,NULL),(517,'Kranfahrwerk ZBF 100 A8/2',69,14,'2010-10-05 00:00:00',NULL,NULL,NULL),(518,'Getriebe ADE 50 DD / 10/40m/min',517,14,'2010-10-05 00:00:00',NULL,NULL,NULL),(519,'Motor 0,29/1,2kW / 685/2760U/min',517,14,'2010-10-05 00:00:00',NULL,NULL,NULL),(520,'Feinhubwerk KBA 100 B4',246,14,'2010-10-05 00:00:00',14,'2010-10-07 00:00:00',NULL),(521,'Haupthubwerk KBH 160 B4',246,14,'2010-10-05 00:00:00',14,'2010-10-07 00:00:00',NULL),(522,'Getriebe DH 1032 / 6,3m/min',521,14,'2010-10-05 00:00:00',NULL,NULL,NULL),(523,'Motor 14,2kW / 1450U/min',521,14,'2010-10-05 00:00:00',NULL,NULL,NULL),(524,'Getriebe FG 10 0,6m/min',520,14,'2010-10-05 00:00:00',NULL,NULL,NULL),(525,'Motor 3kW / 1420U/min',520,14,'2010-10-05 00:00:00',14,'2010-10-07 00:00:00',NULL),(526,'Getriebe AMK 40 TD / 5/20m/min',250,14,'2010-10-05 00:00:00',NULL,NULL,NULL),(527,'Motor 0,29/1,2kW / 685/2760U/min',250,14,'2010-10-05 00:00:00',NULL,NULL,NULL),(528,'Getriebe ADE 50 DD / 10/40m/min',257,14,'2010-10-05 00:00:00',NULL,NULL,NULL),(529,'Motor 0,29/1,2kW / 685/2760U/min',257,14,'2010-10-05 00:00:00',NULL,NULL,NULL),(530,'Kranfahrwerk ZBF 100 A8/2',70,14,'2010-10-05 00:00:00',14,'2010-10-07 00:00:00',NULL),(531,'Getriebe ADE 50 DD / 10/40m/min',530,14,'2010-10-05 00:00:00',NULL,NULL,NULL),(532,' Motor 0,29/1,2kW / 685/2760U/min',530,14,'2010-10-05 00:00:00',NULL,NULL,NULL),(533,'Funksteuerung',70,14,'2010-10-05 00:00:00',NULL,NULL,NULL),(534,'Funksender (Joysticksteuerung) DRC-J',533,14,'2010-10-05 00:00:00',NULL,NULL,NULL),(536,'Feinheben',407,14,'2010-10-06 00:00:00',NULL,NULL,NULL),(537,'Grobheben',407,14,'2010-10-06 00:00:00',NULL,NULL,NULL),(538,'Kranfahrwerk KBF 100 A8/2',71,14,'2010-10-06 00:00:00',NULL,NULL,NULL),(539,'Getriebe ADE 50 DS / 10/40m/min',538,14,'2010-10-06 00:00:00',NULL,NULL,NULL),(540,'Motor 0,26/1,2kW / 610/2620U/min',538,14,'2010-10-06 00:00:00',NULL,NULL,NULL),(541,'Feinhubwerk KBA 90 B4',122,14,'2010-10-06 00:00:00',14,'2010-10-07 00:00:00',NULL),(542,'Haupthubwerk KBH 160 B4',122,14,'2010-10-06 00:00:00',NULL,NULL,NULL),(543,'Getriebe DH 1050 / 10m/min',542,14,'2010-10-06 00:00:00',NULL,NULL,NULL),(544,'Motor 17,8kW / 1440U/min',542,14,'2010-10-06 00:00:00',14,'2010-10-07 00:00:00',NULL),(545,'Getriebe FG 10 ',541,14,'2010-10-06 00:00:00',NULL,NULL,NULL),(546,'Motor 2,3kW / 1365U/min',541,14,'2010-10-06 00:00:00',14,'2010-10-07 00:00:00',NULL),(547,'GetriebeAMK 40 DL / 10/20m/min',123,14,'2010-10-06 00:00:00',NULL,NULL,NULL),(548,'Motor 0,2/0,8kW',123,14,'2010-10-06 00:00:00',NULL,NULL,NULL),(549,'GetriebeAMK 50 DL / 10/40m/min',124,14,'2010-10-06 00:00:00',NULL,NULL,NULL),(550,'Motor 0,2/0,8kW',124,14,'2010-10-06 00:00:00',NULL,NULL,NULL),(551,'Kranfahrwerk ZBF 90 B8-2 B020',72,14,'2010-10-06 00:00:00',NULL,NULL,NULL),(552,'GetriebeAMK 50 DL / 10/40m/min',551,14,'2010-10-06 00:00:00',NULL,NULL,NULL),(553,'Motor 0,2/0,8kW',551,14,'2010-10-06 00:00:00',NULL,NULL,NULL),(554,'Feinhubwerk KBA 80 B4',387,14,'2010-10-06 00:00:00',14,'2010-10-07 00:00:00',NULL),(555,'Haupthubwerk KBH 140 B4',387,14,'2010-10-06 00:00:00',14,'2010-10-07 00:00:00',NULL),(556,'Motor 11,4kW / 1420U/min',555,14,'2010-10-06 00:00:00',14,'2010-10-07 00:00:00',NULL),(557,'Getriebe 12,5m/min',555,14,'2010-10-06 00:00:00',NULL,NULL,NULL),(558,'FG 08 1,2m/min',554,14,'2010-10-06 00:00:00',NULL,NULL,NULL),(559,'Motor 1,5kW / 1340U/min',554,14,'2010-10-06 00:00:00',14,'2010-10-07 00:00:00',NULL),(560,'Getriebe AMK 30 DS / i=55,7 / 5/20m/min',278,14,'2010-10-06 00:00:00',NULL,NULL,NULL),(561,'Motor 0,13/0,5kW / 630/2710U/min',278,14,'2010-10-06 00:00:00',NULL,NULL,NULL),(563,'Haupthubwerk KBH 125 B 2/12',388,14,'2010-10-06 00:00:00',NULL,NULL,NULL),(564,'Motoren 4,6/0,68kW / 2870/430U/min',563,14,'2010-10-06 00:00:00',NULL,NULL,NULL),(565,'Motor 0,13/0,5kW / 630/2710U/min',279,14,'2010-10-06 00:00:00',NULL,NULL,NULL),(566,'Getriebe KDHGR5 / 6,3/25m/min',279,14,'2010-10-06 00:00:00',NULL,NULL,NULL),(567,'Hubmotor E 31',389,14,'2010-10-06 00:00:00',NULL,NULL,NULL),(611,'Schleifmaschinen (Elektro.)',NULL,14,'2011-02-25 00:00:00',17,'2011-07-30 00:00:00',NULL),(612,'Winkelschleifer',611,14,'2011-02-25 00:00:00',NULL,NULL,NULL),(613,'Rundschleifer',611,14,'2011-02-25 00:00:00',NULL,NULL,NULL),(614,'MSfo 870 d/c;200/300 Hz; ',612,14,'2011-02-25 00:00:00',14,'2011-02-26 00:00:00',NULL),(615,'MSho 849 Z',613,14,'2011-02-26 00:00:00',NULL,NULL,NULL),(616,'WSG 14-125',612,14,'2011-02-26 00:00:00',NULL,NULL,NULL),(618,'Schwingschleifer',611,14,'2011-02-26 00:00:00',NULL,NULL,NULL),(619,'Delta-Schwingschleifer',618,14,'2011-02-26 00:00:00',NULL,NULL,NULL),(627,'Gieß-und Kühlstrecke',90,14,'2011-04-19 00:00:00',14,'2011-04-19 00:00:00',8),(628,'Bahn 1-Gießstrecke',627,14,'2011-04-19 00:00:00',NULL,NULL,NULL),(629,'Bahn 2-Kühlstrecke',627,14,'2011-04-19 00:00:00',NULL,NULL,NULL),(630,'Schwenkstation (Quertransport 1)',627,14,'2011-04-19 00:00:00',14,'2011-04-19 00:00:00',8),(631,'Quertransport 2',627,14,'2011-04-19 00:00:00',14,'2011-04-19 00:00:00',NULL),(632,'Antriebstation 3 (1M3) Pos.3',628,14,'2011-04-19 00:00:00',14,'2011-04-20 00:00:00',NULL),(633,'Antriebstation 2 (1M2) Pos.2',628,14,'2011-04-19 00:00:00',14,'2011-04-20 00:00:00',NULL),(634,'Antriebstation 1 (1M1) Pos.1',628,14,'2011-04-19 00:00:00',14,'2011-04-20 00:00:00',NULL),(635,'Fahrt (4M2) Pos.14',631,14,'2011-04-19 00:00:00',14,'2011-04-20 00:00:00',NULL),(636,'Hub (4M1) Pos.13',631,14,'2011-04-19 00:00:00',14,'2011-04-20 00:00:00',NULL),(637,'Hub (2M1) Pos.11',630,14,'2011-04-19 00:00:00',14,'2011-04-20 00:00:00',NULL),(638,'Magnetband',90,14,'2011-04-19 00:00:00',14,'2011-08-11 00:00:00',8),(639,'Rinne',131,14,'2011-04-19 00:00:00',NULL,NULL,NULL),(642,'Bremsstation (3M3) Pos.8',629,14,'2011-04-19 00:00:00',14,'2011-04-20 00:00:00',NULL),(643,'Antriebstation 4 (3M5) Pos.10',629,14,'2011-04-19 00:00:00',14,'2011-04-20 00:00:00',NULL),(644,'Antriebstation 2 (3M2) Pos.7',629,14,'2011-04-19 00:00:00',14,'2011-04-20 00:00:00',NULL),(645,'Antriebstation 1 (3M1) Pos.6',629,14,'2011-04-19 00:00:00',14,'2011-04-20 00:00:00',NULL),(646,'Antriebstation 3 (3M4) Pos.9',629,14,'2011-04-19 00:00:00',14,'2011-04-20 00:00:00',NULL),(647,'Schwenken (2M2) Pos.12',630,14,'2011-04-19 00:00:00',14,'2011-04-20 00:00:00',NULL),(648,'Antriebstation 4 (1M5) Pos.5',628,14,'2011-04-19 00:00:00',14,'2011-04-20 00:00:00',NULL),(649,'Bremsstation (1M4) Pos.4',628,14,'2011-04-19 00:00:00',14,'2011-04-20 00:00:00',NULL),(651,'Umlastung',90,14,'2011-04-19 00:00:00',NULL,NULL,NULL),(652,'Hub (Laufwagen) (5M2) Pos.16',651,14,'2011-04-19 00:00:00',14,'2011-04-20 00:00:00',NULL),(653,'Fahrt (5M1) Pos.15',651,14,'2011-04-19 00:00:00',14,'2011-04-20 00:00:00',NULL),(654,'Greifer (5M4) Pos.18',651,14,'2011-04-19 00:00:00',14,'2011-04-20 00:00:00',NULL),(655,'Schaltstange (5M5) Pos.17',651,14,'2011-04-19 00:00:00',14,'2011-04-20 00:00:00',NULL),(656,'Schubschild ((7M1)Pos.20',90,14,'2011-04-20 00:00:00',14,'2011-04-20 00:00:00',NULL),(657,'Lasteisen-Reinigungsbürste (6M1) Pos.19',90,14,'2011-04-20 00:00:00',14,'2011-04-20 00:00:00',NULL),(658,'Vakuumpumpe Pos.22',90,14,'2011-04-20 00:00:00',14,'2011-04-20 00:00:00',NULL),(659,'Hydraulikaggregat Pos.21',90,14,'2011-04-20 00:00:00',14,'2011-04-20 00:00:00',NULL),(660,'Drehteller Pos.23',90,14,'2011-04-20 00:00:00',14,'2011-04-20 00:00:00',NULL),(662,'Modelplattenwagen Pos.24',90,14,'2011-04-20 00:00:00',14,'2011-04-20 00:00:00',NULL),(670,'Entstaubung Schreinerei',NULL,98,'2011-07-30 00:00:00',NULL,NULL,13),(671,'CRKS 1',321,98,'2011-07-30 00:00:00',NULL,NULL,NULL),(672,'Dachventilator 2',NULL,98,'2011-07-30 00:00:00',98,'2011-07-30 00:00:00',3),(673,'Dachventilator 3',NULL,98,'2011-07-30 00:00:00',98,'2011-07-30 00:00:00',22),(674,'Dachventilator 4',NULL,98,'2011-07-30 00:00:00',NULL,NULL,22),(675,'Dachventilator 5',NULL,98,'2011-07-30 00:00:00',NULL,NULL,8),(676,'Dachventilator 6',NULL,98,'2011-07-30 00:00:00',NULL,NULL,2),(677,'Dachventilator 7',NULL,98,'2011-07-30 00:00:00',NULL,NULL,7),(678,'Dachventilator 8',NULL,98,'2011-07-30 00:00:00',NULL,NULL,17),(679,'Turbostrahler 1',91,17,'2011-07-30 00:00:00',NULL,NULL,6),(680,'Turbostrahler 4',91,17,'2011-07-30 00:00:00',NULL,NULL,NULL),(681,'Turbostrahler 3',91,17,'2011-07-30 00:00:00',NULL,NULL,NULL),(682,'Turbostrahler 2',91,17,'2011-07-30 00:00:00',NULL,NULL,NULL),(683,'Druckluftwerkzeuge',NULL,17,'2011-07-30 00:00:00',NULL,NULL,NULL),(685,'Meiselhammer',683,17,'2011-07-30 00:00:00',NULL,NULL,NULL),(686,'Druckluftschleifer',683,17,'2011-07-30 00:00:00',NULL,NULL,NULL),(687,'Schleifbock 1',NULL,17,'2011-08-01 00:00:00',NULL,NULL,6),(688,'Dosierung Harz',176,17,'2011-08-01 00:00:00',NULL,NULL,NULL),(689,'Dosierung Härter',176,17,'2011-08-01 00:00:00',NULL,NULL,NULL),(690,'Chargierfahrzeug 1',NULL,14,'2011-08-11 00:00:00',14,'2011-08-11 00:00:00',11),(691,'Chargierfahrzeug 2',NULL,14,'2011-08-11 00:00:00',14,'2011-08-11 00:00:00',11),(692,'Chargierfahrzeug 3',NULL,14,'2011-08-11 00:00:00',14,'2011-08-11 00:00:00',11),(693,'Chargierfahrzeug 4',NULL,14,'2011-08-11 00:00:00',14,'2011-08-11 00:00:00',11),(694,'Serverschrank',NULL,14,'2011-08-11 00:00:00',NULL,NULL,7),(695,'Klimagerät',NULL,14,'2011-08-11 00:00:00',NULL,NULL,7),(696,'Hebeanlage ',NULL,14,'2011-08-11 00:00:00',NULL,NULL,7),(697,'Spektrometer',NULL,14,'2011-08-11 00:00:00',NULL,NULL,7),(698,'Osmose-Anlage (WTC)',NULL,14,'2011-08-11 00:00:00',NULL,NULL,7),(699,'Osmose 5,5kW',698,14,'2011-08-11 00:00:00',NULL,NULL,7),(700,'Pumpenstation 3,4kW',698,14,'2011-08-11 00:00:00',14,'2011-08-11 00:00:00',7),(701,' Kranfahrwerk',283,14,'2011-08-11 00:00:00',NULL,NULL,11),(702,'Katzfahrwerk',283,14,'2011-08-11 00:00:00',NULL,NULL,11),(703,'Kransteuerung Gattierung',82,14,'2011-08-11 00:00:00',NULL,NULL,11),(704,'Sender Neusand',NULL,14,'2011-08-11 00:00:00',NULL,NULL,24),(705,'Flurfahrzeuge',NULL,14,'2011-08-11 00:00:00',NULL,NULL,NULL),(706,'1Stapler / Typ H50D / KS 805',705,14,'2011-08-11 00:00:00',14,'2011-08-11 00:00:00',14),(707,'2 Stapler / Typ H50D / KS 805',705,14,'2011-08-11 00:00:00',14,'2011-08-11 00:00:00',14),(708,'3 Stapler / Typ H30D / KS 420',705,14,'2011-08-11 00:00:00',14,'2011-08-11 00:00:00',6),(709,'5 Stapler / Typ E20PH / KS 805',705,14,'2011-08-11 00:00:00',14,'2011-08-11 00:00:00',14),(710,'6 Stapler / Typ E16P / KS 140',705,14,'2011-08-11 00:00:00',14,'2011-08-11 00:00:00',15),(711,'10 Stapler / Typ H50D / KS 302',705,14,'2011-08-11 00:00:00',14,'2011-08-11 00:00:00',7),(712,'9 Stapler / Typ E20PH / KS 320',705,14,'2011-08-11 00:00:00',14,'2011-08-11 00:00:00',3),(713,'7 Stapler / Typ H30D / KS 140',705,14,'2011-08-11 00:00:00',14,'2011-08-11 00:00:00',15),(714,'11 Stapler / Typ E20P / KS 310',705,14,'2011-08-11 00:00:00',14,'2011-08-11 00:00:00',9),(715,'12 Stapler / Typ H25D / KS 62',705,14,'2011-08-11 00:00:00',14,'2011-08-11 00:00:00',1),(716,'13 Stapler / Typ E15Z / KS 140 Keller',705,14,'2011-08-11 00:00:00',14,'2011-08-11 00:00:00',21),(717,'14 Stapler / Typ H80D / KS 805',705,14,'2011-08-11 00:00:00',14,'2011-08-11 00:00:00',14),(718,'15 Stapler / Typ R14S / KS 140 Seiten',705,14,'2011-08-11 00:00:00',14,'2011-08-11 00:00:00',20),(719,'16 Kramer / Typ 750 / KS 334',705,14,'2011-08-11 00:00:00',14,'2011-08-11 00:00:00',2),(720,'18 Kehrmaschine / Typ Tennant 800D /KS 30',705,14,'2011-08-11 00:00:00',14,'2011-08-11 00:00:00',NULL),(721,'19 Ameise / Typ L14i /KS 302',705,14,'2011-08-11 00:00:00',14,'2011-08-11 00:00:00',NULL),(722,'20 Ameise / Typ L14i /KS 334',705,14,'2011-08-11 00:00:00',14,'2011-08-11 00:00:00',NULL),(723,'Umsetzwagen',NULL,14,'2011-08-11 00:00:00',NULL,NULL,7),(724,'200/300 Hz Umformer ',NULL,14,'2011-08-11 00:00:00',14,'2011-08-11 00:00:00',NULL),(725,'300 Hz Umformer ',724,14,'2011-08-11 00:00:00',NULL,NULL,5),(726,'200 Hz Umformer',724,14,'2011-08-11 00:00:00',NULL,NULL,6),(727,'Kühlturm Umrichterkreis',NULL,14,'2011-08-11 00:00:00',NULL,NULL,7),(728,'Steuerschrank',727,14,'2011-08-11 00:00:00',NULL,NULL,NULL),(729,'Kühlturm Ofenkreis 3+4',NULL,14,'2011-08-11 00:00:00',NULL,NULL,7),(730,'Steuerschrank',729,14,'2011-08-11 00:00:00',NULL,NULL,7),(731,'Kühlturm Ofenkreis 1+2',NULL,14,'2011-08-11 00:00:00',14,'2011-08-11 00:00:00',7),(732,'Steuerschrank',731,14,'2011-08-11 00:00:00',NULL,NULL,NULL),(735,'Druckluftversorgung',NULL,14,'2011-08-11 00:00:00',14,'2011-08-11 00:00:00',NULL),(736,'Kompressor 3   145kW',735,14,'2011-08-11 00:00:00',14,'2011-08-11 00:00:00',27),(737,'Kompressor 2   89kW',735,14,'2011-08-11 00:00:00',NULL,NULL,27),(738,'Kompressor 1   145kW',735,14,'2011-08-11 00:00:00',NULL,NULL,NULL),(739,'Zentralsteuerung',735,14,'2011-08-11 00:00:00',NULL,NULL,27),(740,'Lufttrockner',735,14,'2011-08-11 00:00:00',NULL,NULL,27),(741,'Druckluftnetz',735,14,'2011-08-11 00:00:00',14,'2011-08-11 00:00:00',NULL),(742,'Druckbehälter 5',741,14,'2011-08-11 00:00:00',14,'2011-08-11 00:00:00',28),(743,'Druckbehälter 4',741,14,'2011-08-11 00:00:00',NULL,NULL,15),(744,'Druckbehälter 3',741,14,'2011-08-11 00:00:00',NULL,NULL,27),(745,'Druckbehälter 2',741,14,'2011-08-11 00:00:00',NULL,NULL,11),(746,'Druckbehälter 1',741,14,'2011-08-11 00:00:00',NULL,NULL,11),(748,'Ölabscheider im DSD 238',741,14,'2011-08-11 00:00:00',NULL,NULL,27),(749,'Ölabscheider CSDX',741,14,'2011-08-11 00:00:00',NULL,NULL,27),(750,'Weidmannband 1',129,14,'2011-08-11 00:00:00',NULL,NULL,NULL),(751,'Weidmannband 2',129,14,'2011-08-11 00:00:00',NULL,NULL,NULL),(752,'Magnetband',129,14,'2011-08-11 00:00:00',NULL,NULL,8),(753,'Auspackrohr',129,14,'2011-08-11 00:00:00',NULL,NULL,8),(754,'Vibrorinne',753,14,'2011-08-11 00:00:00',NULL,NULL,8),(755,'Förderband 1',129,14,'2011-08-11 00:00:00',NULL,NULL,8),(756,'Förderband 2',129,14,'2011-08-11 00:00:00',14,'2011-08-11 00:00:00',8),(757,'Steuerschrank',175,14,'2011-08-11 00:00:00',NULL,NULL,NULL),(758,'Rinne',175,14,'2011-08-11 00:00:00',NULL,NULL,NULL),(759,'Serverschrank',NULL,14,'2011-08-11 00:00:00',14,'2011-08-11 00:00:00',12),(760,'Steuerschrank',66,20,'2011-08-12 00:00:00',NULL,NULL,2),(761,'Kernschießmaschine Lämpe 12L',NULL,20,'2011-08-12 00:00:00',NULL,NULL,4);
/*!40000 ALTER TABLE `baugruppe` ENABLE KEYS */;
UNLOCK TABLES;

--
-- Table structure for table `baugruppeartikel`
--

DROP TABLE IF EXISTS `baugruppeartikel`;
/*!40101 SET @saved_cs_client     = @@character_set_client */;
/*!40101 SET character_set_client = utf8 */;
CREATE TABLE `baugruppeartikel` (
  `id_artikel` int(10) unsigned NOT NULL,
  `id_baugruppe` int(10) unsigned NOT NULL,
  `eingebauteArtikelMenge` int(10) unsigned NOT NULL,
  PRIMARY KEY (`id_artikel`,`id_baugruppe`),
  KEY `FK_baugruppeartikel_id_baugruppe` (`id_baugruppe`),
  CONSTRAINT `FK_baugruppeartikel_id_artikel` FOREIGN KEY (`id_artikel`) REFERENCES `artikel` (`id`),
  CONSTRAINT `FK_baugruppeartikel_id_baugruppe` FOREIGN KEY (`id_baugruppe`) REFERENCES `baugruppe` (`id`)
) ENGINE=InnoDB DEFAULT CHARSET=latin1;
/*!40101 SET character_set_client = @saved_cs_client */;

--
-- Dumping data for table `baugruppeartikel`
--

LOCK TABLES `baugruppeartikel` WRITE;
/*!40000 ALTER TABLE `baugruppeartikel` DISABLE KEYS */;
INSERT INTO `baugruppeartikel` VALUES (8,9,1),(8,12,1),(10,9,1),(10,21,1),(10,111,1),(10,122,1),(10,246,1),(10,247,1),(10,248,1),(12,9,1),(12,21,1),(12,111,1),(12,139,1),(12,246,1),(12,247,1),(14,112,1),(15,112,1),(16,139,1),(17,55,1),(18,249,1),(20,125,1),(21,387,1),(22,388,1),(24,389,1),(28,221,1),(28,231,1),(28,232,1),(29,231,1),(29,232,1),(30,180,1),(30,187,1),(31,178,1),(32,178,1),(33,291,1),(33,308,1),(33,328,1),(33,334,1),(33,335,1),(33,336,1),(34,291,1),(34,308,1),(35,233,1),(35,234,1),(35,235,1),(35,238,1),(35,291,1),(35,308,1),(35,322,1),(35,324,1),(36,235,1),(36,238,1),(36,291,1),(36,308,1),(36,322,1),(36,324,1),(37,291,1),(37,308,1),(37,322,1),(38,233,1),(38,234,1),(38,235,1),(38,236,1),(38,237,1),(38,238,1),(38,311,1),(38,312,1),(38,317,1),(38,319,1),(39,233,1),(39,234,1),(39,235,1),(39,236,1),(39,237,1),(39,311,1),(39,312,1),(39,317,1),(39,319,1),(39,322,1),(40,233,1),(40,234,1),(40,236,2),(40,237,2),(40,311,1),(40,312,1),(40,317,1),(40,319,1),(40,322,1),(40,324,1),(40,334,1),(41,322,1),(42,322,2),(42,324,1),(42,328,2),(42,334,6),(42,335,6),(42,336,2),(43,322,1),(44,324,1),(45,324,1),(45,335,1),(46,322,1),(47,322,1),(48,324,1),(48,331,1),(48,332,1),(49,334,1),(50,336,1),(51,405,1),(52,405,1),(52,408,1),(53,408,2),(56,390,1),(56,391,1),(57,392,1),(58,393,1),(67,615,1),(71,443,1),(72,441,1),(72,442,1),(74,438,1),(74,439,1),(74,440,1),(75,438,1),(75,439,1),(75,440,1),(76,438,1),(76,439,1),(76,440,1),(77,439,1),(78,438,1),(78,439,1),(78,440,1),(83,55,1),(83,139,1),(84,9,1),(85,21,1),(86,248,1),(86,249,1),(88,111,1),(143,89,10),(143,536,2),(143,634,6),(218,358,2),(218,359,2),(221,533,1),(226,614,1),(227,614,1),(228,614,1),(231,615,1),(232,615,1),(235,614,1),(236,614,1),(239,614,1),(240,614,1),(241,614,1),(243,614,1),(244,614,1),(245,614,1),(246,614,1),(247,614,1),(248,614,1),(249,614,1),(251,614,1),(251,615,1),(252,614,1),(252,615,1),(255,615,1),(256,615,1),(259,615,1),(260,615,1),(261,615,1),(263,615,1),(264,615,1),(268,616,1),(269,619,1),(355,633,1),(355,643,1),(355,645,1),(355,646,1),(355,648,1),(361,642,1),(361,649,1),(362,634,1),(363,632,1),(363,644,1),(364,637,1),(365,653,1),(365,657,1),(366,655,1),(367,654,1),(369,658,1),(370,652,1),(376,635,1),(377,647,1),(378,750,1),(379,751,1),(380,754,2),(381,753,2),(383,636,1),(384,656,1),(387,628,5),(387,629,4),(387,630,5),(387,631,5),(387,652,5),(387,653,2),(387,654,2),(387,655,2),(387,656,2),(387,657,2),(389,659,1),(390,658,1),(391,660,1),(391,662,1),(392,659,1),(402,14,1),(402,498,1),(403,14,1),(403,498,1),(404,670,5),(405,671,2),(407,348,1),(407,672,1),(407,673,1),(407,674,1),(407,675,1),(407,676,1),(407,677,1),(407,678,1),(408,354,4),(410,679,1),(410,680,1),(410,681,1),(410,682,1),(411,685,1),(412,686,1),(413,687,1),(414,688,1),(416,689,1),(425,726,1),(426,760,1),(429,761,1);
/*!40000 ALTER TABLE `baugruppeartikel` ENABLE KEYS */;
UNLOCK TABLES;

--
-- Table structure for table `benutzer`
--

DROP TABLE IF EXISTS `benutzer`;
/*!40101 SET @saved_cs_client     = @@character_set_client */;
/*!40101 SET character_set_client = utf8 */;
CREATE TABLE `benutzer` (
  `id` int(10) unsigned NOT NULL,
  `name` varchar(20) COLLATE utf8_unicode_ci NOT NULL,
  `vorname` varchar(20) COLLATE utf8_unicode_ci NOT NULL,
  `loginName` varchar(20) COLLATE utf8_unicode_ci NOT NULL,
  `password` varchar(4) COLLATE utf8_unicode_ci NOT NULL,
  `email` varchar(45) COLLATE utf8_unicode_ci DEFAULT NULL,
  `copy_ba_email_empfaenger` int(11) NOT NULL,
  `erfassungsbenutzer` int(10) unsigned DEFAULT NULL,
  `erfassungsdatum` datetime DEFAULT NULL,
  `aenderungsbenutzer` int(10) unsigned DEFAULT NULL,
  `aenderungsdatum` datetime DEFAULT NULL,
  PRIMARY KEY (`id`),
  UNIQUE KEY `benutzer_loginName_eindeutig` (`loginName`)
) ENGINE=InnoDB DEFAULT CHARSET=utf8 COLLATE=utf8_unicode_ci ROW_FORMAT=DYNAMIC;
/*!40101 SET character_set_client = @saved_cs_client */;

--
-- Dumping data for table `benutzer`
--

LOCK TABLES `benutzer` WRITE;
/*!40000 ALTER TABLE `benutzer` DISABLE KEYS */;
INSERT INTO `benutzer` VALUES (14,'lager','lager','lager','pass','',0,NULL,NULL,NULL,NULL),(17,'Wachter','Peter','peter','pete','schlosserei@ke-ag.de',0,NULL,NULL,NULL,NULL),(18,'Miftari','Saja','HeiligerMann','hagi','schlosserei@ke-ag.de',0,NULL,NULL,14,'2011-01-17 00:00:00'),(19,'Thurner','Dieter','Dieter','Diet','thurner@ke-ag.de',0,NULL,NULL,NULL,NULL),(20,'Schmidt','Eugen','eugen','1111','elektrowerkstatt@ke-ag.de',0,NULL,NULL,NULL,NULL),(57,'admin','admin2','admin2','1111','eugen.schmidt@freenet.de',0,NULL,NULL,14,'2011-01-29 00:00:00'),(67,'Clausnitzer','Dietmar','mitarbeiter','mita','elektrowerkstatt@ke-ag.de',0,NULL,NULL,14,'2011-01-19 00:00:00'),(70,'Kovacevic','Mile','mile','mile','elektrowerkstatt@ke-ag.de',0,NULL,NULL,NULL,NULL),(71,'Cebulla','Harald','cebu','cebu','elektrowerkstatt@ke-ag.de',0,NULL,NULL,NULL,NULL),(74,'Marquart','Peter','pit','pitt','marquardt@ke-ag.de',0,NULL,NULL,14,'2011-01-25 00:00:00'),(75,'Schreier','Matthias','mate','mate','schlosserei@ke-ag.de',0,NULL,NULL,NULL,NULL),(76,'Bakic','Schevko','schevko','sche','schlosserei@ke-ag.de',0,NULL,NULL,NULL,NULL),(77,'Kristen','Klaus','krause','krau','schlosserei@ke-ag.de',0,NULL,NULL,14,'2011-01-25 00:00:00'),(78,'Schieleit','Klaus','klaus','grun','schlosserei@ke-ag.de',0,NULL,NULL,14,'2011-01-17 00:00:00'),(79,'Schmidt','Alfred','alufred','aluf','schlosserei@ke-ag.de',0,NULL,NULL,NULL,NULL),(80,'Bönke','Peter','Nikolaus','niko','',0,NULL,NULL,NULL,NULL),(81,'Harder','Vitali','Vitali','Vita','',0,NULL,NULL,NULL,NULL),(82,'Reichenberger','Wolfgang','Wolfi','wolf','',0,NULL,NULL,NULL,NULL),(98,'Hübner','Roland','hübner','roli','',0,NULL,NULL,NULL,NULL);
/*!40000 ALTER TABLE `benutzer` ENABLE KEYS */;
UNLOCK TABLES;

--
-- Table structure for table `benutzerzugrifsrechtecht`
--

DROP TABLE IF EXISTS `benutzerzugrifsrechtecht`;
/*!40101 SET @saved_cs_client     = @@character_set_client */;
/*!40101 SET character_set_client = utf8 */;
CREATE TABLE `benutzerzugrifsrechtecht` (
  `fk_benutzer` int(10) unsigned NOT NULL,
  `fk_zugrifsrecht` int(10) unsigned NOT NULL,
  PRIMARY KEY (`fk_benutzer`,`fk_zugrifsrecht`),
  KEY `FK_benutzerZugrifsrechtecht_zugrifsrecht` (`fk_zugrifsrecht`),
  CONSTRAINT `FK_benutzerZugrifsrechtecht_benutzer` FOREIGN KEY (`fk_benutzer`) REFERENCES `benutzer` (`id`),
  CONSTRAINT `FK_benutzerZugrifsrechtecht_zugrifsrecht` FOREIGN KEY (`fk_zugrifsrecht`) REFERENCES `zugriftsrechtt` (`id`)
) ENGINE=InnoDB DEFAULT CHARSET=latin1;
/*!40101 SET character_set_client = @saved_cs_client */;

--
-- Dumping data for table `benutzerzugrifsrechtecht`
--

LOCK TABLES `benutzerzugrifsrechtecht` WRITE;
/*!40000 ALTER TABLE `benutzerzugrifsrechtecht` DISABLE KEYS */;
INSERT INTO `benutzerzugrifsrechtecht` VALUES (14,1),(20,1),(57,1),(14,2),(17,2),(19,2),(20,2),(57,2),(71,2),(74,2),(75,2),(80,2),(81,2),(82,2),(98,2),(14,3),(18,3),(20,3),(57,3),(67,3),(70,3),(76,3),(77,3),(78,3),(79,3);
/*!40000 ALTER TABLE `benutzerzugrifsrechtecht` ENABLE KEYS */;
UNLOCK TABLES;

--
-- Table structure for table `bericht`
--

DROP TABLE IF EXISTS `bericht`;
/*!40101 SET @saved_cs_client     = @@character_set_client */;
/*!40101 SET character_set_client = utf8 */;
CREATE TABLE `bericht` (
  `id` int(10) unsigned NOT NULL,
  `erfassungsbenutzer` int(10) unsigned DEFAULT NULL,
  `erfassungsdatum` datetime DEFAULT NULL,
  `aenderungsbenutzer` int(10) unsigned DEFAULT NULL,
  `aenderungsdatum` datetime DEFAULT NULL,
  `TYP` varchar(20) NOT NULL,
  `benutzer` int(10) unsigned NOT NULL,
  `art` varchar(10) NOT NULL,
  `druckdatumoriginal` datetime DEFAULT NULL,
  `druckdatumkopie` datetime DEFAULT NULL,
  `email` varchar(45) DEFAULT NULL,
  `typID` int(10) unsigned NOT NULL,
  PRIMARY KEY (`id`)
) ENGINE=InnoDB DEFAULT CHARSET=latin1;
/*!40101 SET character_set_client = @saved_cs_client */;

--
-- Dumping data for table `bericht`
--

LOCK TABLES `bericht` WRITE;
/*!40000 ALTER TABLE `bericht` DISABLE KEYS */;
INSERT INTO `bericht` VALUES (1,NULL,NULL,NULL,NULL,'BENUTZER',1,'PRINT',NULL,NULL,NULL,0),(2,NULL,NULL,NULL,NULL,'BESTELLANFORDERUNG',2,'EMAIL',NULL,NULL,NULL,0),(3,14,'2010-12-03 00:00:00',NULL,NULL,'ANFORDERUNG',14,'EMAIL','2010-12-03 00:00:00','2010-12-03 00:00:00','',1148),(4,14,'2010-12-03 00:00:00',NULL,NULL,'ANFORDERUNG',14,'EMAIL','2010-12-03 00:00:00','2010-12-03 00:00:00','',1148),(5,14,'2010-12-03 00:00:00',NULL,NULL,'ANFORDERUNG',14,'EMAIL','2010-12-03 00:00:00','2010-12-03 00:00:00','',1148),(6,14,'2010-12-03 00:00:00',NULL,NULL,'ANFORDERUNG',14,'EMAIL','2010-12-03 00:00:00','2010-12-03 00:00:00','',1148),(7,14,'2010-12-03 00:00:00',NULL,NULL,'ANFORDERUNG',14,'EMAIL','2010-12-03 00:00:00','2010-12-03 00:00:00','',1145),(8,14,'2010-12-03 00:00:00',NULL,NULL,'ANFORDERUNG',14,'EMAIL','2010-12-03 00:00:00','2010-12-03 00:00:00','',1148),(9,14,'2010-12-04 00:00:00',NULL,NULL,'ANFORDERUNG',14,'EMAIL','2010-12-04 00:00:00','2010-12-04 00:00:00','',1146),(10,14,'2010-12-04 00:00:00',NULL,NULL,'ANFORDERUNG',14,'EMAIL','2010-12-04 00:00:00','2010-12-04 00:00:00','',1146),(11,14,'2010-12-04 00:00:00',NULL,NULL,'ANFORDERUNG',14,'EMAIL','2010-12-04 00:00:00','2010-12-04 00:00:00','',1146),(12,14,'2010-12-04 00:00:00',NULL,NULL,'ANFORDERUNG',14,'EMAIL','2010-12-04 00:00:00','2010-12-04 00:00:00','',1146),(13,14,'2010-12-04 00:00:00',NULL,NULL,'ANFORDERUNG',14,'EMAIL','2010-12-04 00:00:00','2010-12-04 00:00:00','',1142),(14,14,'2010-12-04 00:00:00',NULL,NULL,'ANFORDERUNG',14,'EMAIL','2010-12-04 00:00:00','2010-12-04 00:00:00','',1142),(15,14,'2010-12-04 00:00:00',NULL,NULL,'ANFORDERUNG',14,'EMAIL','2010-12-04 00:00:00','2010-12-04 00:00:00','',1126),(16,14,'2010-12-04 00:00:00',NULL,NULL,'ANFORDERUNG',14,'EMAIL','2010-12-04 00:00:00','2010-12-04 00:00:00','',1141),(17,14,'2010-12-05 00:00:00',NULL,NULL,'ANFORDERUNG',14,'EMAIL','2010-12-05 00:00:00','2010-12-05 00:00:00','',1143),(18,14,'2010-12-05 00:00:00',NULL,NULL,'ANFORDERUNG',14,'EMAIL','2010-12-05 00:00:00','2010-12-05 00:00:00','',1143),(19,14,'2010-12-05 00:00:00',NULL,NULL,'ANFORDERUNG',14,'EMAIL','2010-12-05 00:00:00','2010-12-05 00:00:00','',1143),(20,14,'2010-12-05 00:00:00',NULL,NULL,'ANFORDERUNG',14,'EMAIL','2010-12-05 00:00:00','2010-12-05 00:00:00','',1098),(21,14,'2010-12-07 00:00:00',NULL,NULL,'ANFORDERUNG',14,'EMAIL','2010-12-07 00:00:00','2010-12-07 00:00:00','',1140),(22,14,'2010-12-07 00:00:00',NULL,NULL,'ANFORDERUNG',14,'EMAIL','2010-12-07 00:00:00','2010-12-07 00:00:00','',1140),(23,14,'2010-12-07 00:00:00',NULL,NULL,'ANFORDERUNG',14,'EMAIL','2010-12-07 00:00:00','2010-12-07 00:00:00','',1140),(24,14,'2010-12-07 00:00:00',NULL,NULL,'ANFORDERUNG',14,'EMAIL','2010-12-07 00:00:00','2010-12-07 00:00:00','',1140),(25,14,'2010-12-07 00:00:00',NULL,NULL,'ANFORDERUNG',14,'EMAIL','2010-12-07 00:00:00','2010-12-07 00:00:00','',1140),(26,14,'2010-12-07 00:00:00',NULL,NULL,'ANFORDERUNG',14,'EMAIL','2010-12-07 00:00:00','2010-12-07 00:00:00','',1099),(27,14,'2010-12-07 00:00:00',NULL,NULL,'ANFORDERUNG',14,'EMAIL','2010-12-07 00:00:00','2010-12-07 00:00:00','',1128),(28,14,'2010-12-07 00:00:00',NULL,NULL,'ANFORDERUNG',14,'EMAIL','2010-12-07 00:00:00','2010-12-07 00:00:00','',1128),(29,14,'2010-12-07 00:00:00',NULL,NULL,'ANFORDERUNG',14,'EMAIL','2010-12-07 00:00:00','2010-12-07 00:00:00','',1092),(30,14,'2010-12-07 00:00:00',NULL,NULL,'ANFORDERUNG',14,'EMAIL','2010-12-07 00:00:00','2010-12-07 00:00:00','',1127),(31,14,'2010-12-07 00:00:00',NULL,NULL,'ANFORDERUNG',14,'EMAIL','2010-12-07 00:00:00','2010-12-07 00:00:00','',1127),(32,14,'2010-12-07 00:00:00',NULL,NULL,'ANFORDERUNG',14,'EMAIL','2010-12-07 00:00:00','2010-12-07 00:00:00','',1127),(33,14,'2010-12-07 00:00:00',NULL,NULL,'ANFORDERUNG',14,'EMAIL','2010-12-07 00:00:00','2010-12-07 00:00:00','',1124),(34,14,'2010-12-07 00:00:00',NULL,NULL,'ANFORDERUNG',14,'EMAIL','2010-12-07 00:00:00','2010-12-07 00:00:00','',1122),(35,14,'2010-12-07 00:00:00',NULL,NULL,'ANFORDERUNG',14,'EMAIL','2010-12-07 00:00:00','2010-12-07 00:00:00','',1122),(36,14,'2010-12-07 00:00:00',NULL,NULL,'ANFORDERUNG',14,'EMAIL','2010-12-07 00:00:00','2010-12-07 00:00:00','',1122),(37,14,'2010-12-07 00:00:00',NULL,NULL,'ANFORDERUNG',14,'EMAIL','2010-12-07 00:00:00','2010-12-07 00:00:00','',1122),(38,14,'2010-12-07 00:00:00',NULL,NULL,'ANFORDERUNG',14,'EMAIL','2010-12-07 00:00:00','2010-12-07 00:00:00','',1088),(39,20,'2010-12-07 00:00:00',NULL,NULL,'ANFORDERUNG',20,'EMAIL','2010-12-07 00:00:00','2010-12-07 00:00:00','',1089),(40,20,'2010-12-07 00:00:00',NULL,NULL,'ANFORDERUNG',20,'EMAIL','2010-12-07 00:00:00','2010-12-07 00:00:00','',1089),(41,20,'2010-12-07 00:00:00',NULL,NULL,'ANFORDERUNG',20,'EMAIL','2010-12-07 00:00:00','2010-12-07 00:00:00','',1090),(42,20,'2010-12-07 00:00:00',NULL,NULL,'ANFORDERUNG',20,'EMAIL','2010-12-07 00:00:00','2010-12-07 00:00:00','',1090),(43,20,'2010-12-07 00:00:00',NULL,NULL,'ANFORDERUNG',20,'EMAIL','2010-12-07 00:00:00','2010-12-07 00:00:00','',1091),(44,20,'2010-12-07 00:00:00',NULL,NULL,'ANFORDERUNG',20,'EMAIL','2010-12-07 00:00:00','2010-12-07 00:00:00','',1091),(45,20,'2010-12-07 00:00:00',NULL,NULL,'ANFORDERUNG',20,'EMAIL','2010-12-07 00:00:00','2010-12-07 00:00:00','',1091),(46,20,'2010-12-07 00:00:00',NULL,NULL,'ANFORDERUNG',20,'EMAIL','2010-12-07 00:00:00','2010-12-07 00:00:00','',1091),(47,14,'2010-12-07 00:00:00',NULL,NULL,'ANFORDERUNG',14,'EMAIL','2010-12-07 00:00:00','2010-12-07 00:00:00','',1046),(48,14,'2010-12-07 00:00:00',NULL,NULL,'ANFORDERUNG',14,'EMAIL','2010-12-07 00:00:00','2010-12-07 00:00:00','',1046),(49,14,'2010-12-07 00:00:00',NULL,NULL,'ANFORDERUNG',14,'EMAIL','2010-12-07 00:00:00','2010-12-07 00:00:00','',1093),(50,14,'2010-12-07 00:00:00',NULL,NULL,'ANFORDERUNG',14,'EMAIL','2010-12-07 00:00:00','2010-12-07 00:00:00','',1112),(51,14,'2010-12-07 00:00:00',NULL,NULL,'ANFORDERUNG',14,'EMAIL','2010-12-07 00:00:00','2010-12-07 00:00:00','',1096),(52,20,'2010-12-08 00:00:00',NULL,NULL,'ANFORDERUNG',20,'EMAIL','2010-12-08 00:00:00','2010-12-08 00:00:00','',1112),(53,20,'2010-12-08 00:00:00',NULL,NULL,'ANFORDERUNG',20,'EMAIL','2010-12-08 00:00:00','2010-12-08 00:00:00','',1112),(54,20,'2010-12-08 00:00:00',NULL,NULL,'ANFORDERUNG',20,'EMAIL','2010-12-08 00:00:00','2010-12-08 00:00:00','',1112),(55,20,'2010-12-08 00:00:00',NULL,NULL,'ANFORDERUNG',20,'EMAIL','2010-12-08 00:00:00','2010-12-08 00:00:00','',1112),(56,20,'2010-12-08 00:00:00',NULL,NULL,'ANFORDERUNG',20,'EMAIL','2010-12-08 00:00:00','2010-12-08 00:00:00','',1112),(57,20,'2010-12-08 00:00:00',NULL,NULL,'ANFORDERUNG',20,'EMAIL','2010-12-08 00:00:00','2010-12-08 00:00:00','',1093),(58,20,'2010-12-08 00:00:00',NULL,NULL,'ANFORDERUNG',20,'EMAIL','2010-12-08 00:00:00','2010-12-08 00:00:00','',1093),(59,14,'2010-12-08 00:00:00',NULL,NULL,'ANFORDERUNG',14,'EMAIL','2010-12-08 00:00:00','2010-12-08 00:00:00','',1094),(60,14,'2010-12-08 00:00:00',NULL,NULL,'ANFORDERUNG',14,'EMAIL','2010-12-08 00:00:00','2010-12-08 00:00:00','',1093),(61,20,'2010-12-08 00:00:00',NULL,NULL,'ANFORDERUNG',20,'EMAIL','2010-12-08 00:00:00','2010-12-08 00:00:00','',1112),(62,20,'2010-12-08 00:00:00',NULL,NULL,'ANFORDERUNG',20,'EMAIL','2010-12-08 00:00:00','2010-12-08 00:00:00','',1112),(63,20,'2010-12-08 00:00:00',NULL,NULL,'ANFORDERUNG',20,'EMAIL','2010-12-08 00:00:00','2010-12-08 00:00:00','',1096),(64,20,'2010-12-08 00:00:00',NULL,NULL,'ANFORDERUNG',20,'EMAIL','2010-12-08 00:00:00','2010-12-08 00:00:00','',1097),(65,20,'2010-12-08 00:00:00',NULL,NULL,'ANFORDERUNG',20,'EMAIL','2010-12-08 00:00:00','2010-12-08 00:00:00','',1102),(66,20,'2010-12-08 00:00:00',NULL,NULL,'ANFORDERUNG',20,'EMAIL','2010-12-08 00:00:00','2010-12-08 00:00:00','',1102),(67,20,'2010-12-08 00:00:00',NULL,NULL,'ANFORDERUNG',20,'EMAIL','2010-12-08 00:00:00','2010-12-08 00:00:00','',1046),(68,20,'2010-12-08 00:00:00',NULL,NULL,'ANFORDERUNG',20,'EMAIL','2010-12-08 00:00:00','2010-12-08 00:00:00','',1046),(69,14,'2010-12-08 00:00:00',NULL,NULL,'ANFORDERUNG',14,'EMAIL','2010-12-08 00:00:00','2010-12-08 00:00:00','',1108),(70,14,'2010-12-08 00:00:00',NULL,NULL,'ANFORDERUNG',14,'EMAIL','2010-12-08 00:00:00','2010-12-08 00:00:00','',1107),(71,14,'2010-12-09 00:00:00',NULL,NULL,'ANFORDERUNG',14,'EMAIL','2010-12-09 00:00:00','2010-12-09 00:00:00','',1048),(72,14,'2010-12-09 00:00:00',NULL,NULL,'ANFORDERUNG',14,'EMAIL','2010-12-09 00:00:00','2010-12-09 00:00:00','',1048),(73,14,'2010-12-09 00:00:00',NULL,NULL,'ANFORDERUNG',14,'EMAIL','2010-12-09 00:00:00','2010-12-09 00:00:00','',1105),(74,14,'2010-12-09 00:00:00',NULL,NULL,'ANFORDERUNG',14,'EMAIL','2010-12-09 00:00:00','2010-12-09 00:00:00','',1049),(75,14,'2011-01-29 00:00:00',NULL,NULL,'ANFORDERUNG',14,'EMAIL','2011-01-29 00:00:00','2011-01-29 00:00:00','',1104),(76,14,'2011-03-05 00:00:00',NULL,NULL,'ANFORDERUNG',14,'EMAIL','2011-03-05 00:00:00','2011-03-05 00:00:00','',1051),(77,14,'2011-03-05 00:00:00',NULL,NULL,'ANFORDERUNG',14,'EMAIL','2011-03-05 00:00:00','2011-03-05 00:00:00','',1155),(78,14,'2011-03-09 00:00:00',NULL,NULL,'ANFORDERUNG',14,'EMAIL','2011-03-09 00:00:00','2011-03-09 00:00:00','',1052),(79,14,'2011-03-09 00:00:00',NULL,NULL,'ANFORDERUNG',14,'EMAIL','2011-03-09 00:00:00','2011-03-09 00:00:00','',1052),(80,14,'2011-03-11 00:00:00',NULL,NULL,'ANFORDERUNG',14,'EMAIL','2011-03-11 00:00:00','2011-03-11 00:00:00','',1052),(81,14,'2011-03-12 00:00:00',NULL,NULL,'INVENTUR_LISTE',14,'PRINT','2011-03-12 00:00:00','2011-03-12 00:00:00','',1),(82,14,'2011-03-12 00:00:00',NULL,NULL,'INVENTUR_LISTE',14,'PRINT','2011-03-12 00:00:00','2011-03-12 00:00:00','',1),(83,14,'2011-03-12 00:00:00',NULL,NULL,'INVENTUR_LISTE',14,'PRINT','2011-03-12 00:00:00','2011-03-12 00:00:00','',1),(84,14,'2011-04-01 00:00:00',NULL,NULL,'INVENTUR_LISTE',14,'PRINT','2011-04-01 00:00:00','2011-04-01 00:00:00','',1),(85,14,'2011-04-01 00:00:00',NULL,NULL,'INVENTUR_LISTE_ZEILE',14,'PRINT','2011-04-01 00:00:00','2011-04-01 00:00:00','',3),(86,14,'2011-04-01 00:00:00',NULL,NULL,'INVENTUR_LISTE_HALLE',14,'PRINT','2011-04-01 00:00:00','2011-04-01 00:00:00','',1),(87,14,'2011-04-01 00:00:00',NULL,NULL,'INVENTUR_LISTE_HALLE',14,'PRINT','2011-04-01 00:00:00','2011-04-01 00:00:00','',1),(88,14,'2011-04-01 00:00:00',NULL,NULL,'INVENTUR_LISTE_HALLE',14,'PRINT','2011-04-01 00:00:00','2011-04-01 00:00:00','',1),(89,14,'2011-04-01 00:00:00',NULL,NULL,'INVENTUR_LISTE_HALLE',14,'PRINT','2011-04-01 00:00:00','2011-04-01 00:00:00','',1),(90,14,'2011-04-01 00:00:00',NULL,NULL,'INVENTUR_LISTE_ZEILE',14,'PRINT','2011-04-01 00:00:00','2011-04-01 00:00:00','',3),(91,14,'2011-04-01 00:00:00',NULL,NULL,'INVENTUR_LISTE_HALLE',14,'PRINT','2011-04-01 00:00:00','2011-04-01 00:00:00','',1),(92,14,'2011-04-01 00:00:00',NULL,NULL,'INVENTUR_LISTE_ZEILE',14,'PRINT','2011-04-01 00:00:00','2011-04-01 00:00:00','',3),(93,14,'2011-04-01 00:00:00',NULL,NULL,'INVENTUR_LISTE_ZEILE',14,'PRINT','2011-04-01 00:00:00','2011-04-01 00:00:00','',3),(94,14,'2011-04-01 00:00:00',NULL,NULL,'INVENTUR_LISTE_HALLE',14,'PRINT','2011-04-01 00:00:00','2011-04-01 00:00:00','',1),(95,14,'2011-04-02 00:00:00',NULL,NULL,'INVENTUR_LISTE_HALLE',14,'PRINT','2011-04-02 00:00:00','2011-04-02 00:00:00','',1),(96,14,'2011-04-02 00:00:00',NULL,NULL,'INVENTUR_LISTE_ZEILE',14,'PRINT','2011-04-02 00:00:00','2011-04-02 00:00:00','',2),(97,14,'2011-04-02 00:00:00',NULL,NULL,'INVENTUR_LISTE_HALLE',14,'PRINT','2011-04-02 00:00:00','2011-04-02 00:00:00','',17),(98,14,'2011-04-02 00:00:00',NULL,NULL,'INVENTUR_LISTE_HALLE',14,'PRINT','2011-04-02 00:00:00','2011-04-02 00:00:00','',7),(99,14,'2011-04-02 00:00:00',NULL,NULL,'INVENTUR_LISTE_HALLE',14,'PRINT','2011-04-02 00:00:00','2011-04-02 00:00:00','',11),(100,14,'2011-04-02 00:00:00',NULL,NULL,'INVENTUR_LISTE_HALLE',14,'PRINT','2011-04-02 00:00:00','2011-04-02 00:00:00','',2),(101,14,'2011-04-02 00:00:00',NULL,NULL,'INVENTUR_LISTE_HALLE',14,'PRINT','2011-04-02 00:00:00','2011-04-02 00:00:00','',23),(102,14,'2011-04-02 00:00:00',NULL,NULL,'INVENTUR_LISTE_HALLE',14,'PRINT','2011-04-02 00:00:00','2011-04-02 00:00:00','',13),(103,14,'2011-04-02 00:00:00',NULL,NULL,'INVENTUR_LISTE_HALLE',14,'PRINT','2011-04-02 00:00:00','2011-04-02 00:00:00','',1),(104,14,'2011-04-02 00:00:00',NULL,NULL,'INVENTUR_LISTE_ZEILE',14,'PRINT','2011-04-02 00:00:00','2011-04-02 00:00:00','',7),(105,14,'2011-04-02 00:00:00',NULL,NULL,'INVENTUR_LISTE_HALLE',14,'PRINT','2011-04-02 00:00:00','2011-04-02 00:00:00','',1),(106,14,'2011-04-07 00:00:00',NULL,NULL,'INVENTUR_LISTE_HALLE',14,'PRINT','2011-04-07 00:00:00','2011-04-07 00:00:00','',1),(107,14,'2011-04-10 00:00:00',NULL,NULL,'ANFORDERUNG',14,'EMAIL','2011-04-10 00:00:00','2011-04-10 00:00:00','',1156),(108,14,'2011-04-10 00:00:00',NULL,NULL,'ANFORDERUNG',14,'EMAIL','2011-04-10 00:00:00','2011-04-10 00:00:00','',1156),(109,14,'2011-04-10 00:00:00',NULL,NULL,'ANFORDERUNG',14,'EMAIL','2011-04-10 00:00:00','2011-04-10 00:00:00','',1103),(110,14,'2011-04-10 00:00:00',NULL,NULL,'ANFORDERUNG',14,'EMAIL','2011-04-10 00:00:00','2011-04-10 00:00:00','',1103),(111,14,'2011-04-14 00:00:00',NULL,NULL,'INVENTUR_LISTE_ZEILE',14,'PRINT','2011-04-14 00:00:00','2011-04-14 00:00:00','',3),(112,14,'2011-04-14 00:00:00',NULL,NULL,'INVENTUR_LISTE_ZEILE',14,'PRINT','2011-04-14 00:00:00','2011-04-14 00:00:00','',3),(113,14,'2011-04-14 00:00:00',NULL,NULL,'INVENTUR_LISTE_ZEILE',14,'PRINT','2011-04-14 00:00:00','2011-04-14 00:00:00','',3),(114,14,'2011-04-14 00:00:00',NULL,NULL,'INVENTUR_LISTE_ZEILE',14,'PRINT','2011-04-14 00:00:00','2011-04-14 00:00:00','',3),(115,14,'2011-04-14 00:00:00',NULL,NULL,'ANFORDERUNG',14,'EMAIL','2011-04-14 00:00:00','2011-04-14 00:00:00','',1157),(116,14,'2011-04-14 00:00:00',NULL,NULL,'ANFORDERUNG',14,'EMAIL','2011-04-14 00:00:00','2011-04-14 00:00:00','',1157),(117,14,'2011-04-14 00:00:00',NULL,NULL,'ANFORDERUNG',14,'EMAIL','2011-04-14 00:00:00','2011-04-14 00:00:00','',1157),(118,14,'2011-04-16 00:00:00',NULL,NULL,'INVENTUR_LISTE_HALLE',14,'PRINT','2011-04-16 00:00:00','2011-04-16 00:00:00','',1),(119,14,'2011-04-16 00:00:00',NULL,NULL,'ANFORDERUNG',14,'EMAIL','2011-04-16 00:00:00','2011-04-16 00:00:00','',1157),(120,14,'2011-04-16 00:00:00',NULL,NULL,'ANFORDERUNG',14,'EMAIL','2011-04-16 00:00:00','2011-04-16 00:00:00','',1157),(121,14,'2011-04-16 00:00:00',NULL,NULL,'ANFORDERUNG',14,'EMAIL','2011-04-16 00:00:00','2011-04-16 00:00:00','',1056),(129,14,'2011-04-22 00:00:00',NULL,NULL,'INVENTUR_LISTE_SAULE',14,'PRINT','2011-04-22 00:00:00','2011-04-22 00:00:00','',48),(130,14,'2011-04-22 00:00:00',NULL,NULL,'INVENTUR_LISTE_SAULE',14,'PRINT','2011-04-22 00:00:00','2011-04-22 00:00:00','',48),(131,14,'2011-04-22 00:00:00',NULL,NULL,'INVENTUR_LISTE_ZEILE',14,'PRINT','2011-04-22 00:00:00','2011-04-22 00:00:00','',3),(132,14,'2011-04-22 00:00:00',NULL,NULL,'INVENTUR_LISTE_HALLE',14,'PRINT','2011-04-22 00:00:00','2011-04-22 00:00:00','',1),(133,14,'2011-04-29 00:00:00',NULL,NULL,'INVENTUR_LISTE_HALLE',14,'PRINT','2011-04-29 00:00:00','2011-04-29 00:00:00','',1),(135,14,'2011-04-29 00:00:00',NULL,NULL,'INVENTUR_LISTE_SAULE',14,'PRINT','2011-04-29 00:00:00','2011-04-29 00:00:00','',48),(136,14,'2011-04-29 00:00:00',NULL,NULL,'INVENTUR_LISTE_SAULE',14,'PRINT','2011-04-29 00:00:00','2011-04-29 00:00:00','',48),(137,14,'2011-04-29 00:00:00',NULL,NULL,'INVENTUR_LISTE_SAULE',14,'PRINT','2011-04-29 00:00:00','2011-04-29 00:00:00','',48),(141,14,'2011-04-29 00:00:00',NULL,NULL,'MINDEST_BESTAND_LST',14,'PRINT','2011-04-29 00:00:00','2011-04-29 00:00:00','',0),(142,14,'2011-04-29 00:00:00',NULL,NULL,'MINDEST_BESTAND_LST',14,'PRINT','2011-04-29 00:00:00','2011-04-29 00:00:00','',0),(143,14,'2011-04-29 00:00:00',NULL,NULL,'INVENTUR_LISTE_ZEILE',14,'PRINT','2011-04-29 00:00:00','2011-04-29 00:00:00','',3),(144,14,'2011-04-29 00:00:00',NULL,NULL,'MINDEST_BESTAND_LST',14,'PRINT','2011-04-29 00:00:00','2011-04-29 00:00:00','',0),(145,14,'2011-04-29 00:00:00',NULL,NULL,'MINDEST_BESTAND_LST',14,'PRINT','2011-04-29 00:00:00','2011-04-29 00:00:00','',0),(146,14,'2011-04-29 00:00:00',NULL,NULL,'MINDEST_BESTAND_LST',14,'PRINT','2011-04-29 00:00:00','2011-04-29 00:00:00','',0),(147,14,'2011-04-29 00:00:00',NULL,NULL,'MINDEST_BESTAND_LST',14,'PRINT','2011-04-29 00:00:00','2011-04-29 00:00:00','',0),(148,14,'2011-04-29 00:00:00',NULL,NULL,'MINDEST_BESTAND_LST',14,'PRINT','2011-04-29 00:00:00','2011-04-29 00:00:00','',0),(149,14,'2011-05-07 00:00:00',NULL,NULL,'MINDEST_BESTAND_LST',14,'PRINT','2011-05-07 00:00:00','2011-05-07 00:00:00','',0),(150,14,'2011-05-07 00:00:00',NULL,NULL,'MINDEST_BESTAND_LST',14,'PRINT','2011-05-07 00:00:00','2011-05-07 00:00:00','',0),(151,14,'2011-06-10 00:00:00',NULL,NULL,'MINDEST_BESTAND_LST',14,'PRINT','2011-06-10 00:00:00','2011-06-10 00:00:00','',0),(152,14,'2011-06-10 00:00:00',NULL,NULL,'MINDEST_BESTAND_LST',14,'PRINT','2011-06-10 00:00:00','2011-06-10 00:00:00','',0),(153,14,'2011-06-17 00:00:00',NULL,NULL,'MINDEST_BESTAND_LST',14,'PRINT','2011-06-17 00:00:00','2011-06-17 00:00:00','',0),(154,14,'2011-06-17 00:00:00',NULL,NULL,'MINDEST_BESTAND_LST',14,'PRINT','2011-06-17 00:00:00','2011-06-17 00:00:00','',0),(155,14,'2011-06-17 00:00:00',NULL,NULL,'INVENTUR_LISTE_SAULE',14,'PRINT','2011-06-17 00:00:00','2011-06-17 00:00:00','',48),(156,14,'2011-06-24 00:00:00',NULL,NULL,'INVENTUR_LISTE_SAULE',14,'PRINT','2011-06-24 00:00:00','2011-06-24 00:00:00','',49),(157,14,'2011-06-24 00:00:00',NULL,NULL,'INVENTUR_LISTE_ZEILE',14,'PRINT','2011-06-24 00:00:00','2011-06-24 00:00:00','',3),(158,14,'2011-06-24 00:00:00',NULL,NULL,'INVENTUR_LISTE_SAULE',14,'PRINT','2011-06-24 00:00:00','2011-06-24 00:00:00','',49),(159,14,'2011-06-24 00:00:00',NULL,NULL,'INVENTUR_LISTE_SAULE',14,'PRINT','2011-06-24 00:00:00','2011-06-24 00:00:00','',49),(160,14,'2011-06-24 00:00:00',NULL,NULL,'INVENTUR_LISTE_SAULE',14,'PRINT','2011-06-24 00:00:00','2011-06-24 00:00:00','',49),(161,14,'2011-06-24 00:00:00',NULL,NULL,'INVENTUR_LISTE_SAULE',14,'PRINT','2011-06-24 00:00:00','2011-06-24 00:00:00','',49),(162,14,'2011-06-24 00:00:00',NULL,NULL,'INVENTUR_LISTE_SAULE',14,'PRINT','2011-06-24 00:00:00','2011-06-24 00:00:00','',49),(163,14,'2011-06-26 00:00:00',NULL,NULL,'INVENTUR_LISTE_SAULE',14,'PRINT','2011-06-26 00:00:00','2011-06-26 00:00:00','',48),(164,14,'2011-06-26 00:00:00',NULL,NULL,'INVENTUR_LISTE_SAULE',14,'PRINT','2011-06-26 00:00:00','2011-06-26 00:00:00','',48),(165,14,'2011-06-26 00:00:00',NULL,NULL,'INVENTUR_LISTE_SAULE',14,'PRINT','2011-06-26 00:00:00','2011-06-26 00:00:00','',48),(166,14,'2011-06-26 00:00:00',NULL,NULL,'INVENTUR_LISTE_SAULE',14,'PRINT','2011-06-26 00:00:00','2011-06-26 00:00:00','',48),(167,14,'2011-06-26 00:00:00',NULL,NULL,'INVENTUR_LISTE_SAULE',14,'PRINT','2011-06-26 00:00:00','2011-06-26 00:00:00','',48),(168,14,'2011-06-26 00:00:00',NULL,NULL,'INVENTUR_LISTE_SAULE',14,'PRINT','2011-06-26 00:00:00','2011-06-26 00:00:00','',48),(169,14,'2011-07-17 00:00:00',NULL,NULL,'ANFORDERUNG',14,'EMAIL','2011-07-17 00:00:00','2011-07-17 00:00:00','',34),(170,14,'2011-07-17 00:00:00',NULL,NULL,'ANFORDERUNG',14,'EMAIL','2011-07-17 00:00:00','2011-07-17 00:00:00','',34),(171,14,'2011-07-17 00:00:00',NULL,NULL,'ANFORDERUNG',14,'EMAIL','2011-07-17 00:00:00','2011-07-17 00:00:00','',1141),(172,14,'2011-07-18 00:00:00',NULL,NULL,'INVENTUR_LISTE_SAULE',14,'PRINT','2011-07-18 00:00:00','2011-07-18 00:00:00','',48),(173,14,'2011-07-18 00:00:00',NULL,NULL,'MINDEST_BESTAND_LST',14,'PRINT','2011-07-18 00:00:00','2011-07-18 00:00:00','',0),(174,14,'2011-07-18 00:00:00',NULL,NULL,'ANFORDERUNG',14,'EMAIL','2011-07-18 00:00:00','2011-07-18 00:00:00','',1158),(175,14,'2011-07-18 00:00:00',NULL,NULL,'MINDEST_BESTAND_LST',14,'PRINT','2011-07-18 00:00:00','2011-07-18 00:00:00','',0),(176,14,'2011-07-18 00:00:00',NULL,NULL,'INVENTUR_LISTE_SAULE',14,'PRINT','2011-07-18 00:00:00','2011-07-18 00:00:00','',11),(177,14,'2011-07-18 00:00:00',NULL,NULL,'INVENTUR_LISTE_SAULE',14,'PRINT','2011-07-18 00:00:00','2011-07-18 00:00:00','',48),(178,14,'2011-07-30 00:00:00',NULL,NULL,'MINDEST_BESTAND_LST',14,'PRINT','2011-07-30 00:00:00','2011-07-30 00:00:00','',0),(179,14,'2011-07-30 00:00:00',NULL,NULL,'MINDEST_BESTAND_LST',14,'PRINT','2011-07-30 00:00:00','2011-07-30 00:00:00','',0),(180,14,'2011-07-30 00:00:00',NULL,NULL,'MINDEST_BESTAND_LST',14,'PRINT','2011-07-30 00:00:00','2011-07-30 00:00:00','',0),(181,14,'2011-07-30 00:00:00',NULL,NULL,'MINDEST_BESTAND_LST',14,'PRINT','2011-07-30 00:00:00','2011-07-30 00:00:00','',0),(182,14,'2011-07-30 00:00:00',NULL,NULL,'MINDEST_BESTAND_LST',14,'PRINT','2011-07-30 00:00:00','2011-07-30 00:00:00','',0),(183,14,'2011-07-30 00:00:00',NULL,NULL,'INVENTUR_LISTE_SAULE',14,'PRINT','2011-07-30 00:00:00','2011-07-30 00:00:00','',48),(184,14,'2011-07-30 00:00:00',NULL,NULL,'MINDEST_BESTAND_LST',14,'PRINT','2011-07-30 00:00:00','2011-07-30 00:00:00','',0),(185,17,'2011-07-30 00:00:00',NULL,NULL,'MINDEST_BESTAND_LST',17,'PRINT','2011-07-30 00:00:00','2011-07-30 00:00:00','',0),(186,14,'2011-07-30 00:00:00',NULL,NULL,'MINDEST_BESTAND_LST',14,'PRINT','2011-07-30 00:00:00','2011-07-30 00:00:00','',0),(187,17,'2011-07-30 00:00:00',NULL,NULL,'MINDEST_BESTAND_LST',17,'PRINT','2011-07-30 00:00:00','2011-07-30 00:00:00','',0),(188,17,'2011-07-30 00:00:00',NULL,NULL,'INVENTUR_LISTE_SAULE',17,'PRINT','2011-07-30 00:00:00','2011-07-30 00:00:00','',49),(189,14,'2011-08-02 00:00:00',NULL,NULL,'INVENTUR_LISTE_SAULE',14,'PRINT','2011-08-02 00:00:00','2011-08-02 00:00:00','',49),(190,17,'2011-08-04 00:00:00',NULL,NULL,'ANFORDERUNG',17,'EMAIL','2011-08-04 00:00:00','2011-08-04 00:00:00','',1159),(191,17,'2011-08-04 00:00:00',NULL,NULL,'ANFORDERUNG',17,'EMAIL','2011-08-04 00:00:00','2011-08-04 00:00:00','',1159),(192,17,'2011-08-04 00:00:00',NULL,NULL,'ANFORDERUNG',17,'EMAIL','2011-08-04 00:00:00','2011-08-04 00:00:00','',1159),(193,17,'2011-08-04 00:00:00',NULL,NULL,'ANFORDERUNG',17,'EMAIL','2011-08-04 00:00:00','2011-08-04 00:00:00','',1160),(194,14,'2011-08-04 00:00:00',NULL,NULL,'ANFORDERUNG',14,'EMAIL','2011-08-04 00:00:00','2011-08-04 00:00:00','',1159),(195,14,'2011-08-04 00:00:00',NULL,NULL,'ANFORDERUNG',14,'EMAIL','2011-08-04 00:00:00','2011-08-04 00:00:00','',1160),(196,14,'2011-08-05 00:00:00',NULL,NULL,'ANFORDERUNG',14,'EMAIL','2011-08-05 00:00:00','2011-08-05 00:00:00','',1161),(197,14,'2011-08-06 00:00:00',NULL,NULL,'ANFORDERUNG',14,'EMAIL','2011-08-06 00:00:00','2011-08-06 00:00:00','',1162),(198,14,'2011-08-06 00:00:00',NULL,NULL,'ANFORDERUNG',14,'EMAIL','2011-08-06 00:00:00','2011-08-06 00:00:00','',1162),(199,14,'2011-08-06 00:00:00',NULL,NULL,'ANFORDERUNG',14,'EMAIL','2011-08-06 00:00:00','2011-08-06 00:00:00','',1163),(200,14,'2011-08-06 00:00:00',NULL,NULL,'MINDEST_BESTAND_LST',14,'PRINT','2011-08-06 00:00:00','2011-08-06 00:00:00','',0),(201,70,'2011-08-06 00:00:00',NULL,NULL,'ANFORDERUNG',70,'EMAIL','2011-08-06 00:00:00','2011-08-06 00:00:00','',1164),(202,70,'2011-08-06 00:00:00',NULL,NULL,'ANFORDERUNG',70,'EMAIL','2011-08-06 00:00:00','2011-08-06 00:00:00','',1165),(203,70,'2011-08-06 00:00:00',NULL,NULL,'ANFORDERUNG',70,'EMAIL','2011-08-06 00:00:00','2011-08-06 00:00:00','',1166),(204,70,'2011-08-06 00:00:00',NULL,NULL,'ANFORDERUNG',70,'EMAIL','2011-08-06 00:00:00','2011-08-06 00:00:00','',1167),(205,70,'2011-08-06 00:00:00',NULL,NULL,'ANFORDERUNG',70,'EMAIL','2011-08-06 00:00:00','2011-08-06 00:00:00','',1168),(206,70,'2011-08-06 00:00:00',NULL,NULL,'ANFORDERUNG',70,'EMAIL','2011-08-06 00:00:00','2011-08-06 00:00:00','',1168),(207,20,'2011-08-12 00:00:00',NULL,NULL,'ANFORDERUNG',20,'EMAIL','2011-08-12 00:00:00','2011-08-12 00:00:00','',1169);
/*!40000 ALTER TABLE `bericht` ENABLE KEYS */;
UNLOCK TABLES;

--
-- Table structure for table `bericht_bestellanforderung`
--

DROP TABLE IF EXISTS `bericht_bestellanforderung`;
/*!40101 SET @saved_cs_client     = @@character_set_client */;
/*!40101 SET character_set_client = utf8 */;
CREATE TABLE `bericht_bestellanforderung` (
  `fk_bericht_id` int(10) unsigned NOT NULL,
  `id` int(10) unsigned NOT NULL,
  `erstellungsdatum` datetime DEFAULT NULL,
  `status` varchar(1) COLLATE utf8_unicode_ci DEFAULT NULL,
  `fk_herstellerLieferant` int(10) unsigned DEFAULT NULL,
  `fk_herstellerLieferant_name` varchar(50) COLLATE utf8_unicode_ci DEFAULT NULL,
  `fk_herstellerLieferant_adresse_land` varchar(15) COLLATE utf8_unicode_ci DEFAULT NULL,
  `fk_herstellerLieferant_adresse_plz` varchar(10) COLLATE utf8_unicode_ci DEFAULT NULL,
  `fk_herstellerLieferant_adresse_stadt` varchar(20) COLLATE utf8_unicode_ci DEFAULT NULL,
  `fk_herstellerLieferant_adresse_strasse` varchar(35) COLLATE utf8_unicode_ci DEFAULT NULL,
  `fk_herstellerLieferant_telefon` varchar(20) COLLATE utf8_unicode_ci DEFAULT NULL,
  `fk_herstellerLieferant_fax` varchar(20) COLLATE utf8_unicode_ci DEFAULT NULL,
  `fk_herstellerLieferant_email` varchar(45) COLLATE utf8_unicode_ci DEFAULT NULL,
  `fk_herstellerLieferant_ansprechpartner` varchar(45) COLLATE utf8_unicode_ci DEFAULT NULL,
  `fk_benutzerAbsender` int(10) unsigned DEFAULT NULL,
  `fk_benutzerAbsender_name` varchar(20) COLLATE utf8_unicode_ci DEFAULT NULL,
  `fk_benutzerAbsender_vorname` varchar(20) COLLATE utf8_unicode_ci DEFAULT NULL,
  `fk_benutzerAbsender_loginName` varchar(20) COLLATE utf8_unicode_ci DEFAULT NULL,
  `fk_benutzerAbsender_email` varchar(45) COLLATE utf8_unicode_ci DEFAULT NULL,
  `fk_benutzerAnnehmer` int(10) unsigned DEFAULT NULL,
  `fk_benutzerAnnehmer_name` varchar(20) COLLATE utf8_unicode_ci DEFAULT NULL,
  `fk_benutzerAnnehmer_vorname` varchar(20) COLLATE utf8_unicode_ci DEFAULT NULL,
  `fk_benutzerAnnehmer_loginName` varchar(20) COLLATE utf8_unicode_ci DEFAULT NULL,
  `fk_benutzerAnnehmer_email` varchar(45) COLLATE utf8_unicode_ci DEFAULT NULL,
  `email_ba_empfaenger` varchar(45) COLLATE utf8_unicode_ci DEFAULT NULL,
  PRIMARY KEY (`fk_bericht_id`,`id`) USING BTREE
) ENGINE=InnoDB DEFAULT CHARSET=utf8 COLLATE=utf8_unicode_ci;
/*!40101 SET character_set_client = @saved_cs_client */;

--
-- Dumping data for table `bericht_bestellanforderung`
--

LOCK TABLES `bericht_bestellanforderung` WRITE;
/*!40000 ALTER TABLE `bericht_bestellanforderung` DISABLE KEYS */;
INSERT INTO `bericht_bestellanforderung` VALUES (3,1148,'2010-07-04 00:00:00','O',5,'Hagemeyer','DE','87600','Kaufbeuren','Leo-Lutz-Str.2','08331/950441','08331/950460','Melanie.Katheininger@Hagemeyerce.com','Fr.Katheininger',NULL,NULL,NULL,NULL,NULL,NULL,NULL,NULL,NULL,NULL,'thurner@ke-ag.de'),(4,1148,'2010-07-04 00:00:00','E',5,'Hagemeyer','DE','87600','Kaufbeuren','Leo-Lutz-Str.2','08331/950441','08331/950460','Melanie.Katheininger@Hagemeyerce.com','Fr.Katheininger',NULL,NULL,NULL,NULL,NULL,NULL,NULL,NULL,NULL,NULL,'thurner@ke-ag.de'),(5,1148,'2010-07-04 00:00:00','E',5,'Hagemeyer','DE','87600','Kaufbeuren','Leo-Lutz-Str.2','08331/950441','08331/950460','Melanie.Katheininger@Hagemeyerce.com','Fr.Katheininger',NULL,NULL,NULL,NULL,NULL,NULL,NULL,NULL,NULL,NULL,'thurner@ke-ag.de'),(6,1148,'2010-07-04 00:00:00','E',5,'Hagemeyer','DE','87600','Kaufbeuren','Leo-Lutz-Str.2','08331/950441','08331/950460','Melanie.Katheininger@Hagemeyerce.com','Fr.Katheininger',NULL,NULL,NULL,NULL,NULL,NULL,NULL,NULL,NULL,NULL,'thurner@ke-ag.de'),(7,1145,'2010-07-02 00:00:00','O',5,'Hagemeyer','DE','87600','Kaufbeuren','Leo-Lutz-Str.2','08331/950441','08331/950460','Melanie.Katheininger@Hagemeyerce.com','Fr.Katheininger',NULL,NULL,NULL,NULL,NULL,NULL,NULL,NULL,NULL,NULL,'email@emai5l.de'),(8,1148,'2010-07-04 00:00:00','E',5,'Hagemeyer','DE','87600','Kaufbeuren','Leo-Lutz-Str.2','08331/950441','08331/950460','Melanie.Katheininger@Hagemeyerce.com','Fr.Katheininger',NULL,NULL,NULL,NULL,NULL,NULL,NULL,NULL,NULL,NULL,'thurner@ke-ag.de'),(9,1146,'2010-07-03 00:00:00','O',6,'Schaller','DE','87436','Kempten (Ursulasried','Eichendorffweg 6','0831 / 110 6','0831 / 1103 6','email@emai6l.de','Ansprechpartner von Lieferant 6',NULL,NULL,NULL,NULL,NULL,NULL,NULL,NULL,NULL,NULL,'thurner@ke-ag.de'),(10,1146,'2010-07-03 00:00:00','E',6,'Schaller','DE','87436','Kempten (Ursulasried','Eichendorffweg 6','0831 / 110 6','0831 / 1103 6','email@emai6l.de','Ansprechpartner von Lieferant 6',NULL,NULL,NULL,NULL,NULL,NULL,NULL,NULL,NULL,NULL,'thurner@ke-ag.de'),(11,1146,'2010-07-03 00:00:00','E',6,'Schaller','DE','87436','Kempten (Ursulasried','Eichendorffweg 6','0831 / 110 6','0831 / 1103 6','email@emai6l.de','Ansprechpartner von Lieferant 6',NULL,NULL,NULL,NULL,NULL,NULL,NULL,NULL,NULL,NULL,'thurner@ke-ag.de'),(12,1146,'2010-07-03 00:00:00','E',6,'Schaller','DE','87436','Kempten (Ursulasried','Eichendorffweg 6','0831 / 110 6','0831 / 1103 6','email@emai6l.de','Ansprechpartner von Lieferant 6',NULL,NULL,NULL,NULL,NULL,NULL,NULL,NULL,NULL,NULL,'thurner@ke-ag.de'),(13,1142,'2010-06-25 00:00:00','O',NULL,NULL,NULL,NULL,NULL,NULL,NULL,NULL,NULL,NULL,NULL,NULL,NULL,NULL,NULL,NULL,NULL,NULL,NULL,NULL,'email@email.de23'),(14,1142,'2010-06-25 00:00:00','E',NULL,NULL,NULL,NULL,NULL,NULL,NULL,NULL,NULL,NULL,NULL,NULL,NULL,NULL,NULL,NULL,NULL,NULL,NULL,NULL,'email@email.de23'),(15,1126,'2010-06-12 00:00:00','O',NULL,NULL,NULL,NULL,NULL,NULL,NULL,NULL,NULL,NULL,NULL,NULL,NULL,NULL,NULL,NULL,NULL,NULL,NULL,NULL,'thurner@ke-ag.de'),(16,1141,'2010-06-12 00:00:00','O',NULL,NULL,NULL,NULL,NULL,NULL,NULL,NULL,NULL,NULL,NULL,NULL,NULL,NULL,NULL,NULL,NULL,NULL,NULL,NULL,'thurner@ke-ag.de'),(17,1143,'2010-06-25 00:00:00','O',NULL,NULL,NULL,NULL,NULL,NULL,NULL,NULL,NULL,NULL,NULL,NULL,NULL,NULL,NULL,NULL,NULL,NULL,NULL,NULL,'thurner@ke-ag.de'),(18,1143,'2010-06-25 00:00:00','E',NULL,NULL,NULL,NULL,NULL,NULL,NULL,NULL,NULL,NULL,NULL,NULL,NULL,NULL,NULL,NULL,NULL,NULL,NULL,NULL,'thurner@ke-ag.de'),(19,1143,'2010-06-25 00:00:00','E',NULL,NULL,NULL,NULL,NULL,NULL,NULL,NULL,NULL,NULL,NULL,NULL,NULL,NULL,NULL,NULL,NULL,NULL,NULL,NULL,'thurner@ke-ag.de'),(20,1098,'2010-06-11 00:00:00','O',5,'Hagemeyer','DE','87600','Kaufbeuren','Leo-Lutz-Str.2','08331/950441','08331/950460','Melanie.Katheininger@Hagemeyerce.com','Fr.Katheininger',NULL,NULL,NULL,NULL,NULL,NULL,NULL,NULL,NULL,NULL,'thurner@ke-ag.de'),(21,1140,'2010-06-12 00:00:00','O',NULL,NULL,NULL,NULL,NULL,NULL,NULL,NULL,NULL,NULL,NULL,NULL,NULL,NULL,NULL,NULL,NULL,NULL,NULL,NULL,'thurner@ke-ag.de'),(22,1140,'2010-06-12 00:00:00','E',NULL,NULL,NULL,NULL,NULL,NULL,NULL,NULL,NULL,NULL,NULL,NULL,NULL,NULL,NULL,NULL,NULL,NULL,NULL,NULL,'thurner@ke-ag.de'),(23,1140,'2010-06-12 00:00:00','E',NULL,NULL,NULL,NULL,NULL,NULL,NULL,NULL,NULL,NULL,NULL,NULL,NULL,NULL,NULL,NULL,NULL,NULL,NULL,NULL,'thurner@ke-ag.de'),(24,1140,'2010-06-12 00:00:00','E',NULL,NULL,NULL,NULL,NULL,NULL,NULL,NULL,NULL,NULL,NULL,NULL,NULL,NULL,NULL,NULL,NULL,NULL,NULL,NULL,'thurner@ke-ag.de'),(25,1140,'2010-06-12 00:00:00','E',NULL,NULL,NULL,NULL,NULL,NULL,NULL,NULL,NULL,NULL,NULL,NULL,NULL,NULL,NULL,NULL,NULL,NULL,NULL,NULL,'thurner@ke-ag.de'),(26,1099,'2010-06-11 00:00:00','O',5,'Hagemeyer','DE','87600','Kaufbeuren','Leo-Lutz-Str.2','08331/950441','08331/950460','Melanie.Katheininger@Hagemeyerce.com','Fr.Katheininger',NULL,NULL,NULL,NULL,NULL,NULL,NULL,NULL,NULL,NULL,'thurner@ke-ag.de'),(27,1128,'2010-06-12 00:00:00','O',NULL,NULL,NULL,NULL,NULL,NULL,NULL,NULL,NULL,NULL,NULL,NULL,NULL,NULL,NULL,NULL,NULL,NULL,NULL,NULL,'thurner@ke-ag.de'),(28,1128,'2010-06-12 00:00:00','E',NULL,NULL,NULL,NULL,NULL,NULL,NULL,NULL,NULL,NULL,NULL,NULL,NULL,NULL,NULL,NULL,NULL,NULL,NULL,NULL,'thurner@ke-ag.de'),(29,1092,'2010-06-11 00:00:00','O',NULL,NULL,NULL,NULL,NULL,NULL,NULL,NULL,NULL,NULL,NULL,NULL,NULL,NULL,NULL,NULL,NULL,NULL,NULL,NULL,'thurner@ke-ag.de'),(30,1127,'2010-06-12 00:00:00','O',NULL,NULL,NULL,NULL,NULL,NULL,NULL,NULL,NULL,NULL,NULL,NULL,NULL,NULL,NULL,NULL,NULL,NULL,NULL,NULL,'thurner@ke-ag.de'),(31,1127,'2010-06-12 00:00:00','E',NULL,NULL,NULL,NULL,NULL,NULL,NULL,NULL,NULL,NULL,NULL,NULL,NULL,NULL,NULL,NULL,NULL,NULL,NULL,NULL,'thurner@ke-ag.de'),(32,1127,'2010-06-12 00:00:00','E',NULL,NULL,NULL,NULL,NULL,NULL,NULL,NULL,NULL,NULL,NULL,NULL,NULL,NULL,NULL,NULL,NULL,NULL,NULL,NULL,'thurner@ke-ag.de'),(33,1124,'2010-06-11 00:00:00','O',NULL,NULL,NULL,NULL,NULL,NULL,NULL,NULL,NULL,NULL,NULL,NULL,NULL,NULL,NULL,NULL,NULL,NULL,NULL,NULL,'thurner@ke-ag.de'),(34,1122,'2010-06-11 00:00:00','O',NULL,NULL,NULL,NULL,NULL,NULL,NULL,NULL,NULL,NULL,NULL,NULL,NULL,NULL,NULL,NULL,NULL,NULL,NULL,NULL,'thurner@ke-ag.de'),(35,1122,'2010-06-11 00:00:00','E',NULL,NULL,NULL,NULL,NULL,NULL,NULL,NULL,NULL,NULL,NULL,NULL,NULL,NULL,NULL,NULL,NULL,NULL,NULL,NULL,'thurner@ke-ag.de'),(36,1122,'2010-06-11 00:00:00','E',NULL,NULL,NULL,NULL,NULL,NULL,NULL,NULL,NULL,NULL,NULL,NULL,NULL,NULL,NULL,NULL,NULL,NULL,NULL,NULL,'thurner@ke-ag.de'),(37,1122,'2010-06-11 00:00:00','E',NULL,NULL,NULL,NULL,NULL,NULL,NULL,NULL,NULL,NULL,NULL,NULL,NULL,NULL,NULL,NULL,NULL,NULL,NULL,NULL,'thurner@ke-ag.de'),(38,1088,'2010-06-11 00:00:00','O',NULL,NULL,NULL,NULL,NULL,NULL,NULL,NULL,NULL,NULL,NULL,NULL,NULL,NULL,NULL,NULL,NULL,NULL,NULL,NULL,'thurner@ke-ag.de'),(39,1089,'2010-06-11 00:00:00','O',NULL,NULL,NULL,NULL,NULL,NULL,NULL,NULL,NULL,NULL,NULL,NULL,NULL,NULL,NULL,NULL,NULL,NULL,NULL,NULL,'thurner@ke-ag.de'),(40,1089,'2010-06-11 00:00:00','E',NULL,NULL,NULL,NULL,NULL,NULL,NULL,NULL,NULL,NULL,NULL,NULL,NULL,NULL,NULL,NULL,NULL,NULL,NULL,NULL,'thurner@ke-ag.de'),(41,1090,'2010-06-11 00:00:00','O',NULL,NULL,NULL,NULL,NULL,NULL,NULL,NULL,NULL,NULL,NULL,NULL,NULL,NULL,NULL,NULL,NULL,NULL,NULL,NULL,'thurner@ke-ag.de'),(42,1090,'2010-06-11 00:00:00','E',NULL,NULL,NULL,NULL,NULL,NULL,NULL,NULL,NULL,NULL,NULL,NULL,NULL,NULL,NULL,NULL,NULL,NULL,NULL,NULL,'thurner@ke-ag.de'),(43,1091,'2010-06-11 00:00:00','O',NULL,NULL,NULL,NULL,NULL,NULL,NULL,NULL,NULL,NULL,NULL,NULL,NULL,NULL,NULL,NULL,NULL,NULL,NULL,NULL,'thurner@ke-ag.de'),(44,1091,'2010-06-11 00:00:00','E',NULL,NULL,NULL,NULL,NULL,NULL,NULL,NULL,NULL,NULL,NULL,NULL,NULL,NULL,NULL,NULL,NULL,NULL,NULL,NULL,'thurner@ke-ag.de'),(45,1091,'2010-06-11 00:00:00','E',NULL,NULL,NULL,NULL,NULL,NULL,NULL,NULL,NULL,NULL,NULL,NULL,NULL,NULL,NULL,NULL,NULL,NULL,NULL,NULL,'thurner@ke-ag.de'),(46,1091,'2010-06-11 00:00:00','E',NULL,NULL,NULL,NULL,NULL,NULL,NULL,NULL,NULL,NULL,NULL,NULL,NULL,NULL,NULL,NULL,NULL,NULL,NULL,NULL,'thurner@ke-ag.de'),(47,1046,'2010-05-14 00:00:00','O',5,'Hagemeyer','DE','87600','Kaufbeuren','Leo-Lutz-Str.2','08331/950441','08331/950460','Melanie.Katheininger@Hagemeyerce.com','Fr.Katheininger',NULL,NULL,NULL,NULL,NULL,NULL,NULL,NULL,NULL,NULL,NULL),(48,1046,'2010-05-14 00:00:00','O',5,'Hagemeyer','DE','87600','Kaufbeuren','Leo-Lutz-Str.2','08331/950441','08331/950460','Melanie.Katheininger@Hagemeyerce.com','Fr.Katheininger',NULL,NULL,NULL,NULL,NULL,NULL,NULL,NULL,NULL,NULL,NULL),(49,1093,'2010-06-11 00:00:00','O',NULL,NULL,NULL,NULL,NULL,NULL,NULL,NULL,NULL,NULL,NULL,NULL,NULL,NULL,NULL,NULL,NULL,NULL,NULL,NULL,'thurner@ke-ag.de'),(50,1112,'2010-06-11 00:00:00','O',NULL,NULL,NULL,NULL,NULL,NULL,NULL,NULL,NULL,NULL,NULL,NULL,NULL,NULL,NULL,NULL,NULL,NULL,NULL,NULL,'thurner@ke-ag.de'),(51,1096,'2010-06-11 00:00:00','O',NULL,NULL,NULL,NULL,NULL,NULL,NULL,NULL,NULL,NULL,NULL,NULL,NULL,NULL,NULL,NULL,NULL,NULL,NULL,NULL,'thurner@ke-ag.de'),(52,1112,'2010-06-11 00:00:00','O',NULL,NULL,NULL,NULL,NULL,NULL,NULL,NULL,NULL,NULL,NULL,NULL,NULL,NULL,NULL,NULL,NULL,NULL,NULL,NULL,'thurner@ke-ag.de'),(53,1112,'2010-06-11 00:00:00','O',NULL,NULL,NULL,NULL,NULL,NULL,NULL,NULL,NULL,NULL,NULL,NULL,NULL,NULL,NULL,NULL,NULL,NULL,NULL,NULL,'thurner@ke-ag.de'),(54,1112,'2010-06-11 00:00:00','O',NULL,NULL,NULL,NULL,NULL,NULL,NULL,NULL,NULL,NULL,NULL,NULL,NULL,NULL,NULL,NULL,NULL,NULL,NULL,NULL,'thurner@ke-ag.de'),(55,1112,'2010-06-11 00:00:00','O',NULL,NULL,NULL,NULL,NULL,NULL,NULL,NULL,NULL,NULL,NULL,NULL,NULL,NULL,NULL,NULL,NULL,NULL,NULL,NULL,'thurner@ke-ag.de'),(56,1112,'2010-06-11 00:00:00','O',NULL,NULL,NULL,NULL,NULL,NULL,NULL,NULL,NULL,NULL,NULL,NULL,NULL,NULL,NULL,NULL,NULL,NULL,NULL,NULL,'thurner@ke-ag.de'),(57,1093,'2010-06-11 00:00:00','O',NULL,NULL,NULL,NULL,NULL,NULL,NULL,NULL,NULL,NULL,NULL,NULL,NULL,NULL,NULL,NULL,NULL,NULL,NULL,NULL,'thurner@ke-ag.de'),(58,1093,'2010-06-11 00:00:00','O',NULL,NULL,NULL,NULL,NULL,NULL,NULL,NULL,NULL,NULL,NULL,NULL,NULL,NULL,NULL,NULL,NULL,NULL,NULL,NULL,'thurner@ke-ag.de'),(59,1094,'2010-06-11 00:00:00','O',NULL,NULL,NULL,NULL,NULL,NULL,NULL,NULL,NULL,NULL,NULL,NULL,NULL,NULL,NULL,NULL,NULL,NULL,NULL,NULL,'thurner@ke-ag.de'),(60,1093,'2010-06-11 00:00:00','O',NULL,NULL,NULL,NULL,NULL,NULL,NULL,NULL,NULL,NULL,NULL,NULL,NULL,NULL,NULL,NULL,NULL,NULL,NULL,NULL,'thurner@ke-ag.de'),(61,1112,'2010-06-11 00:00:00','O',NULL,NULL,NULL,NULL,NULL,NULL,NULL,NULL,NULL,NULL,NULL,NULL,NULL,NULL,NULL,NULL,NULL,NULL,NULL,NULL,'thurner@ke-ag.de'),(62,1112,'2010-06-11 00:00:00','E',NULL,NULL,NULL,NULL,NULL,NULL,NULL,NULL,NULL,NULL,NULL,NULL,NULL,NULL,NULL,NULL,NULL,NULL,NULL,NULL,'thurner@ke-ag.de'),(63,1096,'2010-06-11 00:00:00','O',NULL,NULL,NULL,NULL,NULL,NULL,NULL,NULL,NULL,NULL,NULL,NULL,NULL,NULL,NULL,NULL,NULL,NULL,NULL,NULL,'thurner@ke-ag.de'),(64,1097,'2010-06-11 00:00:00','O',NULL,NULL,NULL,NULL,NULL,NULL,NULL,NULL,NULL,NULL,NULL,NULL,NULL,NULL,NULL,NULL,NULL,NULL,NULL,NULL,'schlosserei@ke-ag.de'),(65,1102,'2010-06-11 00:00:00','O',NULL,NULL,NULL,NULL,NULL,NULL,NULL,NULL,NULL,NULL,NULL,NULL,NULL,NULL,NULL,NULL,NULL,NULL,NULL,NULL,'elektrowerkstatt@ke-ag.de'),(66,1102,'2010-06-11 00:00:00','E',NULL,NULL,NULL,NULL,NULL,NULL,NULL,NULL,NULL,NULL,NULL,NULL,NULL,NULL,NULL,NULL,NULL,NULL,NULL,NULL,'elektrowerkstatt@ke-ag.de'),(67,1046,'2010-05-14 00:00:00','O',5,'Hagemeyer','DE','87600','Kaufbeuren','Leo-Lutz-Str.2','08331/950441','08331/950460','Melanie.Katheininger@Hagemeyerce.com','Fr.Katheininger',NULL,NULL,NULL,NULL,NULL,NULL,NULL,NULL,NULL,NULL,'schlosserei@ke-ag.de'),(68,1046,'2010-05-14 00:00:00','E',5,'Hagemeyer','DE','87600','Kaufbeuren','Leo-Lutz-Str.2','08331/950441','08331/950460','Melanie.Katheininger@Hagemeyerce.com','Fr.Katheininger',NULL,NULL,NULL,NULL,NULL,NULL,NULL,NULL,NULL,NULL,'schlosserei@ke-ag.de'),(69,1108,'2010-06-11 00:00:00','O',NULL,NULL,NULL,NULL,NULL,NULL,NULL,NULL,NULL,NULL,NULL,NULL,NULL,NULL,NULL,NULL,NULL,NULL,NULL,NULL,'thurner@ke-ag.de'),(70,1107,'2010-06-11 00:00:00','O',NULL,NULL,NULL,NULL,NULL,NULL,NULL,NULL,NULL,NULL,NULL,NULL,NULL,NULL,NULL,NULL,NULL,NULL,NULL,NULL,'thurner@ke-ag.de'),(71,1048,'2010-05-14 00:00:00','O',5,'Hagemeyer','DE','87600','Kaufbeuren','Leo-Lutz-Str.2','08331/950441','08331/950460','Melanie.Katheininger@Hagemeyerce.com','Fr.Katheininger',NULL,NULL,NULL,NULL,NULL,NULL,NULL,NULL,NULL,NULL,NULL),(72,1048,'2010-05-14 00:00:00','E',5,'Hagemeyer','DE','87600','Kaufbeuren','Leo-Lutz-Str.2','08331/950441','08331/950460','Melanie.Katheininger@Hagemeyerce.com','Fr.Katheininger',NULL,NULL,NULL,NULL,NULL,NULL,NULL,NULL,NULL,NULL,NULL),(73,1105,'2010-06-11 00:00:00','O',NULL,NULL,NULL,NULL,NULL,NULL,NULL,NULL,NULL,NULL,NULL,NULL,NULL,NULL,NULL,NULL,NULL,NULL,NULL,NULL,'thurner@ke-ag.de'),(74,1049,'2010-05-14 00:00:00','O',5,'Hagemeyer','DE','87600','Kaufbeuren','Leo-Lutz-Str.2','08331/950441','08331/950460','Melanie.Katheininger@Hagemeyerce.com','Fr.Katheininger',NULL,NULL,NULL,NULL,NULL,NULL,NULL,NULL,NULL,NULL,NULL),(75,1104,'2010-06-11 00:00:00','O',NULL,NULL,NULL,NULL,NULL,NULL,NULL,NULL,NULL,NULL,NULL,NULL,NULL,NULL,NULL,NULL,NULL,NULL,NULL,NULL,'thurner@ke-ag.de'),(76,1051,'2010-05-14 00:00:00','O',5,'Hagemeyer','DE','87600','Kaufbeuren','Leo-Lutz-Str.2','08331/950441','08331/950460','Melanie.Katheininger@Hagemeyerce.com','Fr.Katheininger',NULL,NULL,NULL,NULL,NULL,NULL,NULL,NULL,NULL,NULL,'elektrowerkstatt@ke-ag.de'),(77,1155,'2011-03-05 00:00:00','O',NULL,NULL,NULL,NULL,NULL,NULL,NULL,NULL,NULL,NULL,NULL,NULL,NULL,NULL,NULL,NULL,NULL,NULL,NULL,NULL,'thurner@ke-ag.de'),(78,1052,'2010-05-14 00:00:00','O',5,'Hagemeyer','DE','87600','Kaufbeuren','Leo-Lutz-Str.2','08331/950441','08331/950460','Melanie.Katheininger@Hagemeyerce.com','Fr.Katheininger',NULL,NULL,NULL,NULL,NULL,NULL,NULL,NULL,NULL,NULL,'thurner@ke-ag.de'),(79,1052,'2010-05-14 00:00:00','O',5,'Hagemeyer','DE','87600','Kaufbeuren','Leo-Lutz-Str.2','08331/950441','08331/950460','Melanie.Katheininger@Hagemeyerce.com','Fr.Katheininger',NULL,NULL,NULL,NULL,NULL,NULL,NULL,NULL,NULL,NULL,'thurner@ke-ag.de'),(80,1052,'2010-05-14 00:00:00','O',5,'Hagemeyer','DE','87600','Kaufbeuren','Leo-Lutz-Str.2','08331/950441','08331/950460','Melanie.Katheininger@Hagemeyerce.com','Fr.Katheininger',NULL,NULL,NULL,NULL,NULL,NULL,NULL,NULL,NULL,NULL,'thurner@ke-ag.de'),(107,1156,'2011-04-10 00:00:00','O',NULL,NULL,NULL,NULL,NULL,NULL,NULL,NULL,NULL,NULL,NULL,NULL,NULL,NULL,NULL,NULL,NULL,NULL,NULL,NULL,'thurner@ke-ag.de'),(108,1156,'2011-04-10 00:00:00','E',NULL,NULL,NULL,NULL,NULL,NULL,NULL,NULL,NULL,NULL,NULL,NULL,NULL,NULL,NULL,NULL,NULL,NULL,NULL,NULL,'thurner@ke-ag.de'),(109,1103,'2010-06-11 00:00:00','O',NULL,NULL,NULL,NULL,NULL,NULL,NULL,NULL,NULL,NULL,NULL,NULL,NULL,NULL,NULL,NULL,NULL,NULL,NULL,NULL,'thurner@ke-ag.de'),(110,1103,'2010-06-11 00:00:00','E',NULL,NULL,NULL,NULL,NULL,NULL,NULL,NULL,NULL,NULL,NULL,NULL,NULL,NULL,NULL,NULL,NULL,NULL,NULL,NULL,'thurner@ke-ag.de'),(115,1157,'2011-04-14 00:00:00','O',NULL,NULL,NULL,NULL,NULL,NULL,NULL,NULL,NULL,NULL,NULL,NULL,NULL,NULL,NULL,NULL,NULL,NULL,NULL,NULL,'elektrowerkstatt@ke-ag.de'),(116,1157,'2011-04-14 00:00:00','O',NULL,NULL,NULL,NULL,NULL,NULL,NULL,NULL,NULL,NULL,NULL,NULL,NULL,NULL,NULL,NULL,NULL,NULL,NULL,NULL,'elektrowerkstatt@ke-ag.de'),(117,1157,'2011-04-14 00:00:00','O',NULL,NULL,NULL,NULL,NULL,NULL,NULL,NULL,NULL,NULL,NULL,NULL,NULL,NULL,NULL,NULL,NULL,NULL,NULL,NULL,'elektrowerkstatt@ke-ag.de'),(119,1157,'2011-04-14 00:00:00','O',NULL,NULL,NULL,NULL,NULL,NULL,NULL,NULL,NULL,NULL,NULL,NULL,NULL,NULL,NULL,NULL,NULL,NULL,NULL,NULL,'elektrowerkstatt@ke-ag.de'),(120,1157,'2011-04-14 00:00:00','E',NULL,NULL,NULL,NULL,NULL,NULL,NULL,NULL,NULL,NULL,NULL,NULL,NULL,NULL,NULL,NULL,NULL,NULL,NULL,NULL,'elektrowerkstatt@ke-ag.de'),(121,1056,'2010-05-14 00:00:00','O',5,'Hagemeyer','DE','87600','Kaufbeuren','Leo-Lutz-Str.2','08331/950441','08331/950460','Melanie.Katheininger@Hagemeyerce.com','Fr.Katheininger',NULL,NULL,NULL,NULL,NULL,NULL,NULL,NULL,NULL,NULL,NULL),(169,34,'2010-01-13 00:00:00','O',1,'Siemens','DE','87434','stadt','strasse','tel','fax','email','and',NULL,NULL,NULL,NULL,NULL,NULL,NULL,NULL,NULL,NULL,NULL),(170,34,'2010-01-13 00:00:00','E',1,'Siemens','DE','87434','stadt','strasse','tel','fax','email','and',NULL,NULL,NULL,NULL,NULL,NULL,NULL,NULL,NULL,NULL,'eugen.schmidt3@freenet.de'),(171,1141,'2010-06-12 00:00:00','E',NULL,NULL,NULL,NULL,NULL,NULL,NULL,NULL,NULL,NULL,NULL,NULL,NULL,NULL,NULL,NULL,NULL,NULL,NULL,NULL,'thurner@ke-ag.de'),(174,1158,'2011-07-18 00:00:00','O',NULL,NULL,NULL,NULL,NULL,NULL,NULL,NULL,NULL,NULL,NULL,NULL,NULL,NULL,NULL,NULL,NULL,NULL,NULL,NULL,'thurner@ke-ag.de'),(191,1159,'2011-08-04 00:00:00','O',NULL,NULL,NULL,NULL,NULL,NULL,NULL,NULL,NULL,NULL,NULL,NULL,NULL,NULL,NULL,NULL,NULL,NULL,NULL,NULL,'thurner@ke-ag.de'),(192,1159,'2011-08-04 00:00:00','O',NULL,NULL,NULL,NULL,NULL,NULL,NULL,NULL,NULL,NULL,NULL,NULL,NULL,NULL,NULL,NULL,NULL,NULL,NULL,NULL,'thurner@ke-ag.de'),(193,1160,'2011-08-04 00:00:00','O',NULL,NULL,NULL,NULL,NULL,NULL,NULL,NULL,NULL,NULL,NULL,NULL,NULL,NULL,NULL,NULL,NULL,NULL,NULL,NULL,'thurner@ke-ag.de'),(194,1159,'2011-08-04 00:00:00','O',NULL,NULL,NULL,NULL,NULL,NULL,NULL,NULL,NULL,NULL,NULL,NULL,NULL,NULL,NULL,NULL,NULL,NULL,NULL,NULL,'thurner@ke-ag.de'),(195,1160,'2011-08-04 00:00:00','O',NULL,NULL,NULL,NULL,NULL,NULL,NULL,NULL,NULL,NULL,NULL,NULL,NULL,NULL,NULL,NULL,NULL,NULL,NULL,NULL,'wladimir.stoll@gmx.de'),(196,1161,'2011-08-05 00:00:00','O',NULL,NULL,NULL,NULL,NULL,NULL,NULL,NULL,NULL,NULL,NULL,NULL,NULL,NULL,NULL,NULL,NULL,NULL,NULL,NULL,'thurner@ke-ag.de'),(198,1162,'2011-08-06 00:00:00','O',69,'AHB Giessereitechnik GmbH',NULL,'79585','Steinen','Bahnhofstr.20','07627 / 924908','07627 / 924909',NULL,NULL,14,'lager','lager','lager',NULL,NULL,NULL,NULL,NULL,NULL,'wladimir.stoll@gmx.de'),(199,1163,'2011-08-06 00:00:00','O',35,'Bachofen','Schweiz?','8610','Uster','Ackerstr.42','01 940 7001',NULL,NULL,NULL,14,'lager','lager','lager',NULL,NULL,NULL,NULL,NULL,NULL,'elektrowerkstatt@ke-ag.de'),(201,1164,'2011-08-06 00:00:00','O',NULL,NULL,NULL,NULL,NULL,NULL,NULL,NULL,NULL,NULL,70,'Kovacevic','Mile','mile','elektrowerkstatt@ke-ag.de',NULL,NULL,NULL,NULL,NULL,'schlosserei@ke-ag.de'),(202,1165,'2011-08-06 00:00:00','O',NULL,NULL,NULL,NULL,NULL,NULL,NULL,NULL,NULL,NULL,70,'Kovacevic','Mile','mile','elektrowerkstatt@ke-ag.de',NULL,NULL,NULL,NULL,NULL,'schlosserei@ke-ag.de'),(203,1166,'2011-08-06 00:00:00','O',NULL,NULL,NULL,NULL,NULL,NULL,NULL,NULL,NULL,NULL,70,'Kovacevic','Mile','mile','elektrowerkstatt@ke-ag.de',NULL,NULL,NULL,NULL,NULL,'elektrowerkstatt@ke-ag.de'),(204,1167,'2011-08-06 00:00:00','O',NULL,NULL,NULL,NULL,NULL,NULL,NULL,NULL,NULL,NULL,70,'Kovacevic','Mile','mile','elektrowerkstatt@ke-ag.de',NULL,NULL,NULL,NULL,NULL,'elektrowerkstatt@ke-ag.de'),(205,1168,'2011-08-06 00:00:00','O',NULL,NULL,NULL,NULL,NULL,NULL,NULL,NULL,NULL,NULL,70,'Kovacevic','Mile','mile','elektrowerkstatt@ke-ag.de',NULL,NULL,NULL,NULL,NULL,'elektrowerkstatt@ke-ag.de'),(206,1168,'2011-08-06 00:00:00','E',NULL,NULL,NULL,NULL,NULL,NULL,NULL,NULL,NULL,NULL,70,'Kovacevic','Mile','mile','elektrowerkstatt@ke-ag.de',NULL,NULL,NULL,NULL,NULL,'elektrowerkstatt@ke-ag.de'),(207,1169,'2011-08-12 00:00:00','O',12,'Schäfer/Siegen','DE','57074','Siegen-Feuersbach','Kränerstr.11','027375010','02737501100','ino@e-schaefer-kg.de','Weber',20,'Schmidt','Eugen','eugen','elektrowerkstatt@ke-ag.de',NULL,NULL,NULL,NULL,NULL,'thurner@ke-ag.de');
/*!40000 ALTER TABLE `bericht_bestellanforderung` ENABLE KEYS */;
UNLOCK TABLES;

--
-- Table structure for table `bericht_bestellanforderungsposition`
--

DROP TABLE IF EXISTS `bericht_bestellanforderungsposition`;
/*!40101 SET @saved_cs_client     = @@character_set_client */;
/*!40101 SET character_set_client = utf8 */;
CREATE TABLE `bericht_bestellanforderungsposition` (
  `fk_bericht_id` int(10) unsigned NOT NULL,
  `id` int(10) unsigned NOT NULL,
  `fk_bestellanforderung` int(10) unsigned NOT NULL,
  `fk_artikel` int(10) unsigned DEFAULT NULL,
  `fk_artikel_bezeichnung` varchar(70) COLLATE utf8_unicode_ci DEFAULT NULL,
  `fk_artikel_typ` varchar(70) COLLATE utf8_unicode_ci DEFAULT NULL,
  `fk_artikel_keg_nr` int(10) unsigned DEFAULT NULL,
  `bestellmenge` int(10) unsigned DEFAULT NULL,
  `liefertermin` int(2) unsigned DEFAULT NULL,
  `status` varchar(1) COLLATE utf8_unicode_ci DEFAULT NULL,
  `fk_kostenstelle` int(10) unsigned DEFAULT NULL,
  `fk_kostenstelle_name` varchar(20) CHARACTER SET latin1 DEFAULT NULL,
  `fk_kostenstelle_nummer` varchar(10) CHARACTER SET latin1 DEFAULT NULL,
  `fk_mengeneinheit` int(10) unsigned DEFAULT NULL,
  `fk_katalog` int(10) unsigned DEFAULT NULL,
  `fk_katalog_name` varchar(20) CHARACTER SET latin1 DEFAULT NULL,
  `lieferantenbestellnummer` varchar(45) COLLATE utf8_unicode_ci DEFAULT NULL,
  `katalogseite` varchar(20) COLLATE utf8_unicode_ci DEFAULT NULL,
  `katalogpreis` double DEFAULT NULL,
  PRIMARY KEY (`id`,`fk_bericht_id`) USING BTREE,
  KEY `FK_bericht_bestellanforderungsposition_1` (`fk_bericht_id`,`id`),
  KEY `FK_bericht_bestellanforderungsposition` (`fk_bericht_id`,`fk_bestellanforderung`),
  CONSTRAINT `FK_bericht_bestellanforderungsposition` FOREIGN KEY (`fk_bericht_id`, `fk_bestellanforderung`) REFERENCES `bericht_bestellanforderung` (`fk_bericht_id`, `id`)
) ENGINE=InnoDB DEFAULT CHARSET=utf8 COLLATE=utf8_unicode_ci;
/*!40101 SET character_set_client = @saved_cs_client */;

--
-- Dumping data for table `bericht_bestellanforderungsposition`
--

LOCK TABLES `bericht_bestellanforderungsposition` WRITE;
/*!40000 ALTER TABLE `bericht_bestellanforderungsposition` DISABLE KEYS */;
INSERT INTO `bericht_bestellanforderungsposition` VALUES (169,34,34,1,'Schütz','3RT1036-1A / 22,0kW',1,8,33,'O',2,'Schlosserei','152 / 112',3,NULL,NULL,NULL,NULL,0),(170,34,34,1,'Schütz','3RT1036-1A / 22,0kW',1,8,33,'O',2,'Schlosserei','152 / 112',3,NULL,NULL,NULL,NULL,0),(169,114,34,7,'Schütz','3RT1017-1AP01 / 5,5kW / Spule~230V',7,10,3,'O',NULL,NULL,NULL,3,NULL,NULL,NULL,NULL,0),(170,114,34,7,'Schütz','3RT1017-1AP01 / 5,5kW / Spule~230V',7,10,3,'O',NULL,NULL,NULL,3,NULL,NULL,NULL,NULL,0),(169,194,34,3,'Schütz','3RT1026-1A / 11,0kW / Spule~230V',3,10,8,'O',2,'Schlosserei','152 / 112',1,NULL,NULL,NULL,NULL,0),(170,194,34,3,'Schütz','3RT1026-1A / 11,0kW / Spule~230V',3,10,8,'O',2,'Schlosserei','152 / 112',1,NULL,NULL,NULL,NULL,0),(169,2043,34,4,'Schütz','3RT1044-1A / 30,0kW / Spule~230V',4,4,16,'O',NULL,NULL,NULL,3,NULL,NULL,NULL,NULL,0),(170,2043,34,4,'Schütz','3RT1044-1A / 30,0kW / Spule~230V',4,4,16,'O',NULL,NULL,NULL,3,NULL,NULL,NULL,NULL,0),(169,2071,34,6,'Schütz','3TF2010-OAPO /4kW / Spule~230V',6,10,22,'O',NULL,NULL,NULL,3,NULL,NULL,NULL,NULL,0),(170,2071,34,6,'Schütz','3TF2010-OAPO /4kW / Spule~230V',6,10,22,'O',NULL,NULL,NULL,3,NULL,NULL,NULL,NULL,0),(47,2074,1046,17,'Drahtseil','8x36+SES zS/14 mm/30m',17,7,19,'O',NULL,NULL,NULL,1,NULL,NULL,NULL,NULL,0),(48,2074,1046,17,'Drahtseil','8x36+SES zS/14 mm/30m',17,7,19,'O',NULL,NULL,NULL,1,NULL,NULL,NULL,NULL,0),(67,2074,1046,17,'Drahtseil','8x36+SES zS/14 mm/30m',17,7,19,'O',NULL,NULL,NULL,1,NULL,NULL,NULL,NULL,0),(68,2074,1046,17,'Drahtseil','8x36+SES zS/14 mm/30m',17,7,19,'O',NULL,NULL,NULL,1,NULL,NULL,NULL,NULL,0),(71,2076,1048,7,'Schütz','3RT1017-1AAP01 / 5,5kW / Spule~230V',7,10,19,'O',NULL,NULL,NULL,3,NULL,NULL,NULL,NULL,0),(72,2076,1048,7,'Schütz','3RT1017-1AAP01 / 5,5kW / Spule~230V',7,10,19,'O',NULL,NULL,NULL,3,NULL,NULL,NULL,NULL,0),(76,2091,1051,7,'Schütz','3RT1017-1AP01 / 5,5kW / Spule~230V',7,10,19,'O',NULL,NULL,NULL,3,NULL,NULL,NULL,NULL,0),(78,2093,1052,7,'Schütz','3RT1017-1AP01 / 5,5kW / Spule~230V',7,10,19,'O',NULL,NULL,NULL,3,NULL,NULL,NULL,NULL,0),(79,2093,1052,7,'Schütz','3RT1017-1AP01 / 5,5kW / Spule~230V',7,10,19,'O',NULL,NULL,NULL,3,NULL,NULL,NULL,NULL,0),(80,2093,1052,7,'Schütz','3RT1017-1AP01 / 5,5kW / Spule~230V',7,10,19,'O',NULL,NULL,NULL,3,NULL,NULL,NULL,NULL,0),(20,2117,1098,1,'Schütz','3RT1036-1A / 22,0kW / Spule~230V',1,1,53,'O',4,'Elektroofen','1212',1,2,'Hagemeier 2009','712123','5 - 123',0),(50,2134,1112,105,'Messumformer für Leitfähigkeit','Liquisys M CLM223/253',105,1,53,'O',NULL,NULL,NULL,1,NULL,NULL,NULL,NULL,0),(52,2134,1112,105,'Messumformer für Leitfähigkeit','Liquisys M CLM223/253',105,1,53,'O',NULL,NULL,NULL,1,NULL,NULL,NULL,NULL,0),(53,2134,1112,105,'Messumformer für Leitfähigkeit','Liquisys M CLM223/253',105,1,53,'O',NULL,NULL,NULL,1,NULL,NULL,NULL,NULL,0),(54,2134,1112,105,'Messumformer für Leitfähigkeit','Liquisys M CLM223/253',105,1,53,'O',NULL,NULL,NULL,1,NULL,NULL,NULL,NULL,0),(55,2134,1112,105,'Messumformer für Leitfähigkeit','Liquisys M CLM223/253',105,1,53,'O',NULL,NULL,NULL,1,NULL,NULL,NULL,NULL,0),(56,2134,1112,105,'Messumformer für Leitfähigkeit','Liquisys M CLM223/253',105,1,53,'O',NULL,NULL,NULL,1,NULL,NULL,NULL,NULL,0),(61,2134,1112,105,'Messumformer für Leitfähigkeit','Liquisys M CLM223/253',105,1,53,'O',NULL,NULL,NULL,1,NULL,NULL,NULL,NULL,0),(62,2134,1112,105,'Messumformer für Leitfähigkeit','Liquisys M CLM223/253',105,1,53,'O',NULL,NULL,NULL,1,NULL,NULL,NULL,NULL,0),(34,2136,1122,4,'Schütz','3RT1044-1A / 30,0kW / Spule~230V',4,2,23,'O',NULL,NULL,NULL,3,NULL,NULL,NULL,NULL,0),(35,2136,1122,4,'Schütz','3RT1044-1A / 30,0kW / Spule~230V',4,2,23,'O',NULL,NULL,NULL,3,NULL,NULL,NULL,NULL,0),(36,2136,1122,4,'Schütz','3RT1044-1A / 30,0kW / Spule~230V',4,2,23,'O',NULL,NULL,NULL,3,NULL,NULL,NULL,NULL,0),(37,2136,1122,4,'Schütz','3RT1044-1A / 30,0kW / Spule~230V',4,2,23,'O',NULL,NULL,NULL,3,NULL,NULL,NULL,NULL,0),(34,2137,1122,2,'Schütz','3RT1035-1A / 18,5kW / Spule~230V',2,2,23,'O',NULL,NULL,NULL,2,NULL,NULL,NULL,NULL,0),(35,2137,1122,2,'Schütz','3RT1035-1A / 18,5kW / Spule~230V',2,2,23,'O',NULL,NULL,NULL,2,NULL,NULL,NULL,NULL,0),(36,2137,1122,2,'Schütz','3RT1035-1A / 18,5kW / Spule~230V',2,2,23,'O',NULL,NULL,NULL,2,NULL,NULL,NULL,NULL,0),(37,2137,1122,2,'Schütz','3RT1035-1A / 18,5kW / Spule~230V',2,2,23,'O',NULL,NULL,NULL,2,NULL,NULL,NULL,NULL,0),(34,2138,1122,3,'Schütz','3RT1026-1A / 11,0kW / Spule~230V',3,3,23,'O',NULL,NULL,NULL,3,NULL,NULL,NULL,NULL,0),(35,2138,1122,3,'Schütz','3RT1026-1A / 11,0kW / Spule~230V',3,3,23,'O',NULL,NULL,NULL,3,NULL,NULL,NULL,NULL,0),(36,2138,1122,3,'Schütz','3RT1026-1A / 11,0kW / Spule~230V',3,3,23,'O',NULL,NULL,NULL,3,NULL,NULL,NULL,NULL,0),(37,2138,1122,3,'Schütz','3RT1026-1A / 11,0kW / Spule~230V',3,3,23,'O',NULL,NULL,NULL,3,NULL,NULL,NULL,NULL,0),(33,2140,1124,1,'Schütz','3RT1036-1A / 22,0kW / Spule~230V',1,1,23,'O',NULL,NULL,NULL,1,2,'Hagemeier 2009','712123','5 - 123',0),(33,2141,1124,4,'Schütz','3RT1044-1A / 30,0kW / Spule~230V',4,4,23,'O',NULL,NULL,NULL,3,NULL,NULL,NULL,NULL,0),(39,2142,1089,5,'Schütz','3RT1045-1A / 37,0kW / Spule~230V',5,1,23,'O',NULL,NULL,NULL,3,NULL,NULL,NULL,NULL,0),(40,2142,1089,5,'Schütz','3RT1045-1A / 37,0kW / Spule~230V',5,1,23,'O',NULL,NULL,NULL,3,NULL,NULL,NULL,NULL,0),(15,2143,1126,1,'Schütz','3RT1036-1A / 22,0kW / Spule~230V',1,1,23,'O',NULL,NULL,NULL,1,NULL,NULL,NULL,NULL,0),(30,2144,1127,1,'Schütz','3RT1036-1A / 22,0kW / Spule~230V',1,1,23,'O',1,'Elektrowerkstatt','1711',1,1,'Schaller 2010','123123  / b12','3 / 152',0),(31,2144,1127,1,'Schütz','3RT1036-1A / 22,0kW / Spule~230V',1,1,23,'O',1,'Elektrowerkstatt','1711',1,1,'Schaller 2010','123123  / b12','3 / 152',0),(32,2144,1127,1,'Schütz','3RT1036-1A / 22,0kW / Spule~230V',1,1,23,'O',1,'Elektrowerkstatt','1711',1,1,'Schaller 2010','123123  / b12','3 / 152',0),(27,2145,1128,7,'Schütz','3RT1017-1AAP01 / 5,5kW / Spule~230V',7,10,23,'O',4,'Elektroofen','1212',3,NULL,NULL,NULL,NULL,0),(28,2145,1128,7,'Schütz','3RT1017-1AAP01 / 5,5kW / Spule~230V',7,10,23,'O',4,'Elektroofen','1212',3,NULL,NULL,NULL,NULL,0),(13,2150,1142,1,'Schütz','3RT1036-1A / 22,0kW / Spule~230V',1,1,25,'O',4,'Elektroofen','1212',1,1,'Schaller 2010','123123  / b12','3 / 152',0),(14,2150,1142,1,'Schütz','3RT1036-1A / 22,0kW / Spule~230V',1,1,25,'O',4,'Elektroofen','1212',1,1,'Schaller 2010','123123  / b12','3 / 152',0),(17,2151,1143,1,'Schütz','3RT1036-1A / 22,0kW / Spule~230V',1,1,25,'O',5,'Schreinerei','1211',1,2,'Hagemeier 2009','712123','5 - 123',0),(18,2151,1143,1,'Schütz','3RT1036-1A / 22,0kW / Spule~230V',1,1,25,'O',5,'Schreinerei','1211',1,2,'Hagemeier 2009','712123','5 - 123',0),(19,2151,1143,1,'Schütz','3RT1036-1A / 22,0kW / Spule~230V',1,1,25,'O',5,'Schreinerei','1211',1,2,'Hagemeier 2009','712123','5 - 123',0),(17,2152,1143,5,'Schütz','3RT1045-1A / 37,0kW / Spule~230V',5,5,25,'O',1,'Elektrowerkstatt','1711',3,NULL,NULL,NULL,NULL,0),(18,2152,1143,5,'Schütz','3RT1045-1A / 37,0kW / Spule~230V',5,5,25,'O',1,'Elektrowerkstatt','1711',3,NULL,NULL,NULL,NULL,0),(19,2152,1143,5,'Schütz','3RT1045-1A / 37,0kW / Spule~230V',5,5,25,'O',1,'Elektrowerkstatt','1711',3,NULL,NULL,NULL,NULL,0),(7,2153,1145,7,'Schütz','3RT1017-1AAP01 / 5,5kW / Spule~230V',7,10,26,'O',NULL,NULL,NULL,2,NULL,NULL,NULL,NULL,0),(7,2154,1145,1,'Schütz','3RT1036-1A / 22,0kW / Spule~230V',1,1,26,'O',NULL,NULL,NULL,3,2,'Hagemeier 2009','712123','5 - 123',0),(9,2155,1146,1,'Schütz','3RT1036-1A / 22,0kW / Spule~230V',1,1,26,'O',NULL,NULL,NULL,1,NULL,NULL,NULL,NULL,0),(10,2155,1146,1,'Schütz','3RT1036-1A / 22,0kW / Spule~230V',1,1,26,'O',NULL,NULL,NULL,1,NULL,NULL,NULL,NULL,0),(11,2155,1146,1,'Schütz','3RT1036-1A / 22,0kW / Spule~230V',1,1,26,'O',NULL,NULL,NULL,1,NULL,NULL,NULL,NULL,0),(12,2155,1146,1,'Schütz','3RT1036-1A / 22,0kW / Spule~230V',1,1,26,'O',NULL,NULL,NULL,1,NULL,NULL,NULL,NULL,0),(9,2156,1146,4,'Schütz','3RT1044-1A / 30,0kW / Spule~230V',4,4,26,'O',NULL,NULL,NULL,3,NULL,NULL,NULL,NULL,0),(10,2156,1146,4,'Schütz','3RT1044-1A / 30,0kW / Spule~230V',4,4,26,'O',NULL,NULL,NULL,3,NULL,NULL,NULL,NULL,0),(11,2156,1146,4,'Schütz','3RT1044-1A / 30,0kW / Spule~230V',4,4,26,'O',NULL,NULL,NULL,3,NULL,NULL,NULL,NULL,0),(12,2156,1146,4,'Schütz','3RT1044-1A / 30,0kW / Spule~230V',4,4,26,'O',NULL,NULL,NULL,3,NULL,NULL,NULL,NULL,0),(3,2157,1148,71,'3~Motor','SSKh 90L-8 /0,55kW /675U/min',71,2,33,'O',NULL,NULL,NULL,1,NULL,NULL,NULL,NULL,0),(4,2157,1148,71,'3~Motor','SSKh 90L-8 /0,55kW /675U/min',71,2,33,'O',NULL,NULL,NULL,1,NULL,NULL,NULL,NULL,0),(5,2157,1148,71,'3~Motor','SSKh 90L-8 /0,55kW /675U/min',71,2,33,'O',NULL,NULL,NULL,1,NULL,NULL,NULL,NULL,0),(6,2157,1148,71,'3~Motor','SSKh 90L-8 /0,55kW /675U/min',71,2,33,'O',NULL,NULL,NULL,1,NULL,NULL,NULL,NULL,0),(8,2157,1148,71,'3~Motor','SSKh 90L-8 /0,55kW /675U/min',71,2,33,'O',NULL,NULL,NULL,1,NULL,NULL,NULL,NULL,0),(9,2158,1146,3,'Schütz','3RT1026-1A / 11,0kW / Spule~230V',3,10,28,'O',NULL,NULL,NULL,3,NULL,NULL,NULL,NULL,0),(10,2158,1146,3,'Schütz','3RT1026-1A / 11,0kW / Spule~230V',3,10,28,'O',NULL,NULL,NULL,3,NULL,NULL,NULL,NULL,0),(11,2158,1146,3,'Schütz','3RT1026-1A / 11,0kW / Spule~230V',3,10,28,'O',NULL,NULL,NULL,3,NULL,NULL,NULL,NULL,0),(12,2158,1146,3,'Schütz','3RT1026-1A / 11,0kW / Spule~230V',3,10,28,'O',NULL,NULL,NULL,3,NULL,NULL,NULL,NULL,0),(13,2167,1142,107,'2-Wege  Kugelhahn ,Kunstoff,für Säurelei','546',107,1,48,'O',3,'Formautomat','148 / 15',1,NULL,NULL,NULL,NULL,0),(14,2167,1142,107,'2-Wege  Kugelhahn ,Kunstoff,für Säurelei','546',107,1,48,'O',3,'Formautomat','148 / 15',1,NULL,NULL,NULL,NULL,0),(15,2169,1126,3,'Schütz','3RT1026-1A / 11,0kW / Spule~230V',3,5,48,'O',4,'Elektroofen','1212',1,2,'Hagemeier 2009','144433','3/543',0),(16,2170,1141,2,'Schütz','3RT1035-1A / 18,5kW / Spule~230V',2,5,48,'O',2,'Schlosserei','152 / 112',1,2,'Hagemeier 2009','121111','1/543',0),(171,2170,1141,2,'Schütz','3RT1035-1A / 18,5kW / Spule~230V',2,5,48,'O',2,'Schlosserei','152 / 112',1,2,'Hagemeier 2009','121111','1/543',0),(16,2171,1141,52,'Schnellschütz / 5,5kW','3RT1517-1APOO',52,10,48,'O',5,'Schreinerei','1211',1,1,'Schaller 2010','???',NULL,0),(171,2171,1141,52,'Schnellschütz / 5,5kW','3RT1517-1APOO',52,10,48,'O',5,'Schreinerei','1211',1,1,'Schaller 2010','???',NULL,0),(16,2172,1141,53,'Schütz / 5,5kW','3RT1017-1AP01',53,10,48,'O',1,'Elektrowerkstatt','1711',1,1,'Schaller 2010','???',NULL,0),(171,2172,1141,53,'Schütz / 5,5kW','3RT1017-1AP01',53,10,48,'O',1,'Elektrowerkstatt','1711',1,1,'Schaller 2010','???',NULL,0),(20,2173,1098,107,'2-Wege  Kugelhahn ,Kunstoff,für Säurelei','546',107,1,48,'O',2,'Schlosserei','152 / 112',1,NULL,NULL,NULL,NULL,0),(21,2176,1140,118,'DIAZED-Schraubkappe','DII 25A AC DC50 Keramik mit Prüfloch',118,10,49,'O',NULL,NULL,NULL,1,2,'Hagemeier 2009','2606490',NULL,0),(22,2176,1140,118,'DIAZED-Schraubkappe','DII 25A AC DC50 Keramik mit Prüfloch',118,10,49,'O',NULL,NULL,NULL,1,2,'Hagemeier 2009','2606490',NULL,0),(23,2176,1140,118,'DIAZED-Schraubkappe','DII 25A AC DC50 Keramik mit Prüfloch',118,10,49,'O',NULL,NULL,NULL,1,2,'Hagemeier 2009','2606490',NULL,0),(24,2176,1140,118,'DIAZED-Schraubkappe','DII 25A AC DC50 Keramik mit Prüfloch',118,10,49,'O',NULL,NULL,NULL,1,2,'Hagemeier 2009','2606490',NULL,0),(25,2176,1140,118,'DIAZED-Schraubkappe','DII 25A AC DC50 Keramik mit Prüfloch',118,10,49,'O',NULL,NULL,NULL,1,2,'Hagemeier 2009','2606490',NULL,0),(26,2177,1099,71,'3~Motor','SSKh 90L-8 /0,55kW /675U/min',71,1,49,'O',3,'Formautomat','148 / 15',1,NULL,NULL,NULL,NULL,0),(29,2178,1092,72,'3~Motor','AR 90L-8 /0,55kW /705U/min',72,1,49,'O',1,'Elektrowerkstatt','1711',1,NULL,NULL,NULL,NULL,0),(41,2180,1090,2,'Schütz','3RT1035-1A / 18,5kW / Spule~230V',2,5,49,'O',4,'Elektroofen','1212',1,2,'Hagemeier 2009','121111','1/543',0),(42,2180,1090,2,'Schütz','3RT1035-1A / 18,5kW / Spule~230V',2,5,49,'O',4,'Elektroofen','1212',1,2,'Hagemeier 2009','121111','1/543',0),(43,2181,1091,81,'Schütz','3RT1034-1AP00 /15kW/Spule~230V',81,5,49,'O',5,'Schreinerei','1211',1,NULL,NULL,NULL,NULL,0),(44,2181,1091,81,'Schütz','3RT1034-1AP00 /15kW/Spule~230V',81,5,49,'O',5,'Schreinerei','1211',1,NULL,NULL,NULL,NULL,0),(45,2181,1091,81,'Schütz','3RT1034-1AP00 /15kW/Spule~230V',81,5,49,'O',5,'Schreinerei','1211',1,NULL,NULL,NULL,NULL,0),(46,2181,1091,81,'Schütz','3RT1034-1AP00 /15kW/Spule~230V',81,5,49,'O',5,'Schreinerei','1211',1,NULL,NULL,NULL,NULL,0),(43,2182,1091,52,'Schnellschütz / 5,5kW','3RT1517-1APOO',52,10,49,'O',3,'Formautomat','148 / 15',1,1,'Schaller 2010','???',NULL,0),(44,2182,1091,52,'Schnellschütz / 5,5kW','3RT1517-1APOO',52,10,49,'O',3,'Formautomat','148 / 15',1,1,'Schaller 2010','???',NULL,0),(45,2182,1091,52,'Schnellschütz / 5,5kW','3RT1517-1APOO',52,10,49,'O',3,'Formautomat','148 / 15',1,1,'Schaller 2010','???',NULL,0),(46,2182,1091,52,'Schnellschütz / 5,5kW','3RT1517-1APOO',52,10,49,'O',3,'Formautomat','148 / 15',1,1,'Schaller 2010','???',NULL,0),(49,2183,1093,96,'Multifunktions-Zeitrelais,18Funkt.,1W','MFZ12DX-UC',96,5,49,'O',1,'Elektrowerkstatt','1711',1,NULL,NULL,NULL,NULL,0),(57,2183,1093,96,'Multifunktions-Zeitrelais,18Funkt.,1W','MFZ12DX-UC',96,5,49,'O',1,'Elektrowerkstatt','1711',1,NULL,NULL,NULL,NULL,0),(58,2183,1093,96,'Multifunktions-Zeitrelais,18Funkt.,1W','MFZ12DX-UC',96,5,49,'O',1,'Elektrowerkstatt','1711',1,NULL,NULL,NULL,NULL,0),(60,2183,1093,96,'Multifunktions-Zeitrelais,18Funkt.,1W','MFZ12DX-UC',96,5,49,'O',1,'Elektrowerkstatt','1711',1,NULL,NULL,NULL,NULL,0),(51,2184,1096,17,'Drahtseil','8x36+SES zS/14 mm/30m',17,6,49,'O',5,'Schreinerei','1211',1,NULL,NULL,NULL,NULL,0),(63,2184,1096,17,'Drahtseil','8x36+SES zS/14 mm/30m',17,6,49,'O',5,'Schreinerei','1211',1,NULL,NULL,NULL,NULL,0),(52,2185,1112,76,'Dosierventil','3/2-Wege 3/4\"',76,1,49,'O',4,'Elektroofen','1212',1,NULL,NULL,NULL,NULL,0),(53,2185,1112,76,'Dosierventil','3/2-Wege 3/4\"',76,1,49,'O',4,'Elektroofen','1212',1,NULL,NULL,NULL,NULL,0),(54,2185,1112,76,'Dosierventil','3/2-Wege 3/4\"',76,1,49,'O',4,'Elektroofen','1212',1,NULL,NULL,NULL,NULL,0),(55,2185,1112,76,'Dosierventil','3/2-Wege 3/4\"',76,1,49,'O',4,'Elektroofen','1212',1,NULL,NULL,NULL,NULL,0),(56,2185,1112,76,'Dosierventil','3/2-Wege 3/4\"',76,1,49,'O',4,'Elektroofen','1212',1,NULL,NULL,NULL,NULL,0),(61,2185,1112,76,'Dosierventil','3/2-Wege 3/4\"',76,1,49,'O',4,'Elektroofen','1212',1,NULL,NULL,NULL,NULL,0),(62,2185,1112,76,'Dosierventil','3/2-Wege 3/4\"',76,1,49,'O',4,'Elektroofen','1212',1,NULL,NULL,NULL,NULL,0),(59,2186,1094,17,'Drahtseil','8x36+SES zS/14 mm/30m',17,1,49,'O',NULL,NULL,NULL,1,NULL,NULL,NULL,NULL,0),(64,2187,1097,80,'5/2-Wege-Magnetventil','JMFH-5-1/4',80,7,49,'O',1,'Elektrowerkstatt','1711',1,NULL,NULL,NULL,NULL,0),(65,2188,1102,80,'5/2-Wege-Magnetventil','JMFH-5-1/4',80,6,49,'O',4,'Elektroofen','1212',1,NULL,NULL,NULL,NULL,0),(66,2188,1102,80,'5/2-Wege-Magnetventil','JMFH-5-1/4',80,6,49,'O',4,'Elektroofen','1212',1,NULL,NULL,NULL,NULL,0),(69,2189,1108,107,'2-Wege  Kugelhahn ,Kunstoff,für Säurelei','546',107,1,49,'O',NULL,NULL,NULL,1,NULL,NULL,NULL,NULL,0),(71,2190,1048,18,'Drahtseil','9x19+SES zS/14 mm/28m',18,7,49,'O',NULL,NULL,NULL,1,NULL,NULL,NULL,NULL,0),(72,2190,1048,18,'Drahtseil','9x19+SES zS/14 mm/28m',18,7,49,'O',NULL,NULL,NULL,1,NULL,NULL,NULL,NULL,0),(73,2191,1105,117,'Durchgangsklemmen (PE)','UT 2,5-TWIN PE',117,50,49,'O',2,'Schlosserei','152 / 112',1,2,'Hagemeier 2009','2842906',NULL,0),(74,2192,1049,117,'Durchgangsklemmen (PE)','UT 2,5-TWIN PE',117,50,49,'O',1,'Elektrowerkstatt','1711',1,2,'Hagemeier 2009','2842906',NULL,0),(76,2197,1051,107,'2-Wege  Kugelhahn ','546',107,1,9,'O',NULL,NULL,NULL,1,NULL,NULL,NULL,NULL,0),(76,2203,1051,189,'Aderendhülsen isoliert,0,75qmm','471/???',189,300,9,'O',NULL,NULL,NULL,1,NULL,NULL,NULL,NULL,0),(76,2204,1051,129,'Dosenklemme,3x0,75-1,5qmm','273-100',129,1,9,'O',NULL,NULL,NULL,1,NULL,NULL,NULL,NULL,0),(77,2205,1155,80,'5/2-Wege-Magnetventil','JMFH-5-1/4',80,3,9,'O',NULL,NULL,NULL,1,NULL,NULL,NULL,NULL,0),(109,2206,1103,72,'3~Motor','AR 90L-8 /0,55kW /705U/min',72,1,10,'O',NULL,NULL,NULL,1,NULL,NULL,NULL,NULL,0),(110,2206,1103,72,'3~Motor','AR 90L-8 /0,55kW /705U/min',72,1,10,'O',NULL,NULL,NULL,1,NULL,NULL,NULL,NULL,0),(109,2208,1103,130,'Dosenklemme,8x0,75-1,5qmm','273-108',130,100,14,'O',4,'Elektroofen','1212',1,2,'Hagemeier 2009','2014005',NULL,0),(110,2208,1103,130,'Dosenklemme,8x0,75-1,5qmm','273-108',130,100,14,'O',4,'Elektroofen','1212',1,2,'Hagemeier 2009','2014005',NULL,0),(107,2209,1156,129,'Dosenklemme,3x0,75-1,5qmm','273-100',129,1,14,'O',1,'Elektrowerkstatt','1711',1,2,'Hagemeier 2009','2599967',NULL,0),(108,2209,1156,129,'Dosenklemme,3x0,75-1,5qmm','273-100',129,1,14,'O',1,'Elektrowerkstatt','1711',1,2,'Hagemeier 2009','2599967',NULL,0),(115,2210,1157,322,'Motorschützschalter 0,63-1,0 A','PKZM0-1',322,1,15,'O',NULL,NULL,NULL,1,NULL,NULL,NULL,NULL,0),(116,2210,1157,322,'Motorschützschalter 0,63-1,0 A','PKZM0-1',322,1,15,'O',NULL,NULL,NULL,1,NULL,NULL,NULL,NULL,0),(117,2210,1157,322,'Motorschützschalter 0,63-1,0 A','PKZM0-1',322,1,15,'O',NULL,NULL,NULL,1,NULL,NULL,NULL,NULL,0),(119,2210,1157,322,'Motorschützschalter 0,63-1,0 A','PKZM0-1',322,1,15,'O',NULL,NULL,NULL,1,NULL,NULL,NULL,NULL,0),(120,2210,1157,322,'Motorschützschalter 0,63-1,0 A','PKZM0-1',322,1,15,'O',NULL,NULL,NULL,1,NULL,NULL,NULL,NULL,0),(115,2211,1157,321,'Motorschützschalter 0,16-0,25 A','PKZM0-0,25',321,1,15,'O',NULL,NULL,NULL,1,NULL,NULL,NULL,NULL,0),(116,2211,1157,321,'Motorschützschalter 0,16-0,25 A','PKZM0-0,25',321,1,15,'O',NULL,NULL,NULL,1,NULL,NULL,NULL,NULL,0),(117,2211,1157,321,'Motorschützschalter 0,16-0,25 A','PKZM0-0,25',321,1,15,'O',NULL,NULL,NULL,1,NULL,NULL,NULL,NULL,0),(119,2211,1157,321,'Motorschützschalter 0,16-0,25 A','PKZM0-0,25',321,1,15,'O',NULL,NULL,NULL,1,NULL,NULL,NULL,NULL,0),(120,2211,1157,321,'Motorschützschalter 0,16-0,25 A','PKZM0-0,25',321,1,15,'O',NULL,NULL,NULL,1,NULL,NULL,NULL,NULL,0),(115,2212,1157,304,'Motorschützschalter 24-40 A','GV7 RS40',304,1,15,'O',NULL,NULL,NULL,1,NULL,NULL,NULL,NULL,0),(116,2212,1157,304,'Motorschützschalter 24-40 A','GV7 RS40',304,1,15,'O',NULL,NULL,NULL,1,NULL,NULL,NULL,NULL,0),(117,2212,1157,304,'Motorschützschalter 24-40 A','GV7 RS40',304,1,15,'O',NULL,NULL,NULL,1,NULL,NULL,NULL,NULL,0),(119,2212,1157,304,'Motorschützschalter 24-40 A','GV7 RS40',304,1,15,'O',NULL,NULL,NULL,1,NULL,NULL,NULL,NULL,0),(120,2212,1157,304,'Motorschützschalter 24-40 A','GV7 RS40',304,1,15,'O',NULL,NULL,NULL,1,NULL,NULL,NULL,NULL,0),(174,2213,1158,107,'2-Wege  Kugelhahn ','546',107,2,29,'O',NULL,NULL,NULL,1,NULL,NULL,NULL,NULL,0),(191,2214,1159,288,'Aluminium-Steckmuffe 40','AMS-E 40',288,10,31,'O',NULL,NULL,NULL,1,2,'Hagemeier 2009','2687956','3/56',0),(192,2214,1159,288,'Aluminium-Steckmuffe 40','AMS-E 40',288,10,31,'O',NULL,NULL,NULL,1,2,'Hagemeier 2009','2687956','3/56',0),(194,2214,1159,288,'Aluminium-Steckmuffe 40','AMS-E 40',288,10,31,'O',NULL,NULL,NULL,1,2,'Hagemeier 2009','2687956','3/56',0),(193,2215,1160,288,'Aluminium-Steckmuffe 40','AMS-E 40',288,10,31,'O',NULL,NULL,NULL,1,2,'Hagemeier 2009','2687956','3/56',0),(195,2215,1160,288,'Aluminium-Steckmuffe 40','AMS-E 40',288,10,31,'O',NULL,NULL,NULL,1,2,'Hagemeier 2009','2687956','3/56',0),(196,2216,1161,107,'2-Wege  Kugelhahn ','546',107,2,31,'O',NULL,NULL,NULL,1,NULL,NULL,NULL,NULL,0),(198,2217,1162,107,'2-Wege  Kugelhahn ','546',107,2,31,'O',7,'Allg. Werkdienst','11',1,NULL,NULL,NULL,NULL,0),(199,2218,1163,382,'3~Motor; 0,18kW; 1360/83U/min; m.Bremse; m.Getriebe','SK01 F63L74 Bre4',382,1,31,'O',1,'Elektrowerkstatt','61',1,NULL,NULL,NULL,NULL,0),(201,2219,1164,382,'3~Motor; 0,18kW; 1360/83U/min; m.Bremse; m.Getriebe','SK01 F63L74 Bre4',382,1,31,'O',NULL,NULL,NULL,1,NULL,NULL,NULL,NULL,0),(202,2220,1165,10,'Drahtseil','8x36+SES zS/20 mm/42m',10,3,31,'O',4,'Elektroofen','302',1,NULL,NULL,NULL,NULL,0),(203,2221,1166,293,'Endtülle , M32','129 M32',293,50,31,'O',9,'Druckluft','23',1,7,'OBO-Bettermann','2047853',NULL,0),(204,2222,1167,83,'Einfachhaken (Kran)','GR.5,0',83,1,31,'O',15,'EDV','90',1,NULL,NULL,NULL,NULL,0),(205,2223,1168,221,'Funkempfänger ','DRC-MP D2',221,1,31,'O',13,'Krananlagen','52',1,NULL,NULL,NULL,NULL,0),(206,2223,1168,221,'Funkempfänger ','DRC-MP D2',221,1,31,'O',13,'Krananlagen','52',1,NULL,NULL,NULL,NULL,0),(205,2224,1168,96,'Multifunktions-Zeitrelais,18Funkt.,1W','MFZ12DX-UC',96,5,31,'O',33,'HF','324',1,NULL,NULL,NULL,NULL,0),(206,2224,1168,96,'Multifunktions-Zeitrelais,18Funkt.,1W','MFZ12DX-UC',96,5,31,'O',33,'HF','324',1,NULL,NULL,NULL,NULL,0),(205,2225,1168,371,'3~Motor; 0,12kW; 660U/min','3AP71/8',371,1,31,'O',29,'Kernschießmaschinen','315',1,NULL,NULL,NULL,NULL,0),(206,2225,1168,371,'3~Motor; 0,12kW; 660U/min','3AP71/8',371,1,31,'O',29,'Kernschießmaschinen','315',1,NULL,NULL,NULL,NULL,0),(207,2226,1169,426,'Überlastabschaltgerät mit Lastkollektivspeicher','FWL 230VAC',426,2,32,'O',13,'Krananlagen','52',1,30,'Schäfer/Siegen','469 667 44',NULL,0);
/*!40000 ALTER TABLE `bericht_bestellanforderungsposition` ENABLE KEYS */;
UNLOCK TABLES;

--
-- Table structure for table `bericht_inventur_bestandspackstueck`
--

DROP TABLE IF EXISTS `bericht_inventur_bestandspackstueck`;
/*!40101 SET @saved_cs_client     = @@character_set_client */;
/*!40101 SET character_set_client = utf8 */;
CREATE TABLE `bericht_inventur_bestandspackstueck` (
  `fk_bericht_id` int(10) unsigned NOT NULL,
  `id` int(10) unsigned NOT NULL,
  `fk_artikel` int(10) unsigned NOT NULL,
  `fk_position` int(10) unsigned DEFAULT NULL,
  `menge` int(10) unsigned DEFAULT NULL,
  `artikel_bezeichnung` varchar(70) COLLATE utf8_unicode_ci DEFAULT NULL,
  `artikel_typ` varchar(70) COLLATE utf8_unicode_ci DEFAULT NULL,
  `artikel_keg_nr` int(10) unsigned DEFAULT NULL,
  `artikel_mindestbestand` int(10) unsigned DEFAULT NULL,
  `artikel_fk_mengeneinheit` int(10) unsigned DEFAULT NULL,
  `artikel_fk_hersteller` int(10) unsigned DEFAULT NULL,
  `hersteller_name` varchar(50) COLLATE utf8_unicode_ci DEFAULT NULL,
  `mengeneinheit_name` varchar(15) COLLATE utf8_unicode_ci DEFAULT NULL,
  PRIMARY KEY (`fk_bericht_id`,`id`) USING BTREE
) ENGINE=InnoDB DEFAULT CHARSET=utf8 COLLATE=utf8_unicode_ci;
/*!40101 SET character_set_client = @saved_cs_client */;

--
-- Dumping data for table `bericht_inventur_bestandspackstueck`
--

LOCK TABLES `bericht_inventur_bestandspackstueck` WRITE;
/*!40000 ALTER TABLE `bericht_inventur_bestandspackstueck` DISABLE KEYS */;
INSERT INTO `bericht_inventur_bestandspackstueck` VALUES (83,33,141,339,100,'Rohr-Abstandschellen,30-38 mm','733',141,NULL,1,60,'OBO (Bettermann)','Stück'),(83,34,139,338,100,'Rohr-Abstandschellen,24-29 mm','733/M25 PG 21',139,NULL,1,60,'OBO (Bettermann)','Stück'),(83,35,138,337,100,'Rohr-Abstandschellen,21-23 mm','733 PG 16',138,NULL,1,60,'OBO (Bettermann)','Stück'),(83,36,136,336,130,'Rohr-Abstandschellen,19-21 mm','733/M20',136,NULL,1,60,'OBO (Bettermann)','Stück'),(83,56,147,340,50,'Rohr-Abstandschellen,39-48 mm','733/M40 PG36',147,NULL,1,60,'OBO (Bettermann)','Stück'),(83,61,148,341,2,'Rohr-Abstandschellen,47-55 mm','5VC4895',148,NULL,1,61,'Kleinhuis','Stück'),(83,63,150,354,6,'NH-Sicherung Gr.000 16A','3NA3805',150,NULL,1,1,'Siemens','Stück'),(83,64,151,355,6,'NH-Sicherung Gr.000 20A','3NA3807',151,3,1,1,'Siemens','Stück'),(83,65,152,356,6,'NH-Sicherung Gr.000 25A','3NA3810',152,NULL,1,1,'Siemens','Stück'),(83,66,153,357,6,'NH-Sicherung Gr.000 35A','3NA3814',153,3,1,1,'Siemens','Stück'),(83,67,154,358,6,'NH-Sicherung Gr.000 50A','3NA3820',154,NULL,1,1,'Siemens','Stück'),(83,68,149,359,NULL,'NH-Sicherung Gr.000 63A','3NA3 822',149,3,1,1,'Siemens','Stück'),(83,69,155,360,6,'NH-Sicherung Gr.000 80A','3NA3824',155,NULL,1,1,'Siemens','Stück'),(83,70,156,361,6,'NH-Sicherung Gr.000 100A','3NA3830',156,NULL,1,1,'Siemens','Stück'),(83,71,157,362,NULL,'NH-Sicherung Gr.00 125A','3NA3832',157,NULL,1,1,'Siemens','Stück'),(83,72,158,363,6,'NH-Sicherung Gr.00 160A','3NA3836',158,NULL,1,1,'Siemens','Stück'),(83,74,160,364,15,'NH-Sicherung Gr.1 63A','3NA3122',160,3,1,1,'Siemens','Stück'),(83,75,161,365,4,'NH-Sicherung Gr.1 100A','3NA3130',161,NULL,1,1,'Siemens','Stück'),(83,76,162,366,6,'NH-Sicherung Gr.1 125A','3NA3132',162,3,1,1,'Siemens','Stück'),(83,77,163,367,11,'NH-Sicherung Gr.1 160A','3NA3136',163,3,1,1,'Siemens','Stück'),(83,78,178,368,4,'NH-Sicherung Gr.1 250A','3NA3144',178,3,1,1,'Siemens','Stück'),(83,79,165,369,1,'NH-Sicherung Gr.2 80A','3NA3224',165,3,1,1,'Siemens','Stück'),(83,81,176,378,6,'NH-Sicherung Gr.1 200A','3NA3140',176,3,1,1,'Siemens','Stück'),(83,82,166,370,4,'NH-Sicherung Gr.2 100A','3NA3230',166,3,1,1,'Siemens','Stück'),(83,83,167,371,9,'NH-Sicherung Gr.2 125A','3NA3232',167,3,1,1,'Siemens','Stück'),(83,84,168,372,3,'NH-Sicherung Gr.2 160A','3NA3236',168,3,1,1,'Siemens','Stück'),(83,85,169,373,3,'NH-Sicherung Gr.2 200A','3NA3240',169,3,1,1,'Siemens','Stück'),(83,86,170,374,9,'NH-Sicherung Gr.2 250A','3NA3244',170,3,1,1,'Siemens','Stück'),(83,87,175,382,12,'NH-Sicherung Gr.2 315A','2466151',175,3,1,1,'Siemens','Stück'),(83,88,171,383,4,'NH-Sicherung Gr.2 300A','3NA3250',171,3,1,1,'Siemens','Stück'),(83,89,172,384,4,'NH-Sicherung Gr.2 355A','3NA3254',172,3,1,1,'Siemens','Stück'),(83,90,173,385,3,'NH-Sicherung Gr.3 315A','3NA3352',173,3,1,1,'Siemens','Stück'),(83,91,174,386,4,'NH-Sicherung Gr.3 400A','3NA3360',174,3,1,1,'Siemens','Stück'),(83,92,179,387,50,'Aluminium-Klemmschelle 20','AKS-E Type 20',179,10,1,62,'Fränkische Rohrwerke','Stück'),(83,93,180,388,50,'Aluminium-Klemmschelle 32','AKS-E Type 32',180,10,1,62,'Fränkische Rohrwerke','Stück'),(83,94,181,389,25,'Aluminium-Klemmschelle 40','AKS-E Type 40',181,5,1,62,'Fränkische Rohrwerke','Stück'),(83,95,182,390,25,'Aluminium-Klemmschelle 50','AKS-E Type 50',182,5,1,62,'Fränkische Rohrwerke','Stück'),(83,96,183,391,25,'Aluminium-Abstandschelle 50','ASG-E Type 50',183,NULL,1,62,'Fränkische Rohrwerke','Stück'),(83,97,184,392,25,'Edelstahl-Abstandschelle V4 32','VSG-E  Type 32',184,5,1,62,'Fränkische Rohrwerke','Stück'),(83,98,185,393,10,'Edelstahl-Abstandschelle V4 50','VSG-E 50',185,5,1,62,'Fränkische Rohrwerke','Stück'),(83,125,235,404,2,'Lagerplatte','324 19 055 003',235,1,1,16,'Fein','Stück'),(83,126,233,402,5,'Schutzhaube 180mm','318 10 070 121',233,1,1,16,'Fein','Stück'),(83,127,236,405,7,'Antriebswelle M14','Pos.42',236,1,1,16,'Fein','Stück'),(83,128,237,406,3,'Flantsch','324 36 025 004',237,1,1,16,'Fein','Stück'),(83,129,238,400,5,'Hülse','Pos.62',238,1,1,16,'Fein','Stück'),(83,130,239,409,6,'Lagergehäuse','312 07 061 002',239,1,1,16,'Fein','Stück'),(83,131,240,410,3,'Läufer','335 08 030 011',240,1,1,16,'Fein','Stück'),(83,132,241,408,4,'Ventilationsflügel','Pos.66',241,1,1,16,'Fein','Stück'),(83,133,242,407,5,'Flügelgehäuse,43-265V','Pos.69',242,1,1,16,'Fein','Stück'),(83,134,243,432,6,'Motorgehäuse','Pos.1; 200 Hz; 265 V',243,1,1,16,'Fein','Stück'),(83,135,244,427,3,'Motorgehäuse','Pos.1; 300 Hz; 200 V',244,1,1,16,'Fein','Stück'),(83,136,247,430,1,'Kegelradgetriebe','43/31 Zähne; 200 Hz',247,1,1,16,'Fein','Stück'),(83,137,248,430,1,'Kegelradgetriebe','52/25 Zähne; 300 Hz',248,1,1,16,'Fein','Stück'),(83,138,249,430,1,'Kegelradgetriebe','49/18 Zähne; 300 Hz',249,1,1,16,'Fein','Stück'),(83,139,250,424,4,'Handgriff','Pos.92',250,1,1,16,'Fein','Stück'),(83,140,256,415,8,'Antriebswelle','Pos.320',256,1,1,16,'Fein','Stück'),(83,141,257,413,9,'Halslager','Pos.300',257,1,1,16,'Fein','Stück'),(83,142,259,414,6,'Anker','Pos.520',259,1,1,16,'Fein','Stück'),(83,143,260,401,6,'Motorgehäuse,43-265 V','Pos.10',260,1,1,16,'Fein','Stück'),(83,144,261,431,4,'Ständer mit Wicklung','Pos.20;200Hz; 265V',261,1,1,16,'Fein','Stück'),(83,145,262,428,4,'Ständer mit Wicklung','Pos.20;300Hz;200V',262,1,1,16,'Fein','Stück'),(83,146,264,411,5,'Zwischenlager','Pos.170',264,1,1,16,'Fein','Stück'),(83,147,265,416,6,'Hülse','Pos.510',265,1,1,16,'Fein','Stück'),(83,148,266,416,4,'Hülse','Pos.40',266,1,1,16,'Fein','Stück'),(83,153,143,336,5,'111111','11111',1111,1,3,9,'Bauer','Eimer'),(83,154,143,336,45,'111111','11111',1111,1,3,9,'Bauer','Eimer'),(83,155,143,336,11,'111111','11111',1111,1,3,9,'Bauer','Eimer'),(83,156,67,412,5,'Ring mit Ansatz','Pos.500',67,1,1,16,'Fein','Stück'),(83,158,271,337,2,'Spannzange 6 mm','9369837',271,1,1,7,'Demag','Stück'),(84,33,141,339,100,'Rohr-Abstandschellen,30-38 mm','733',141,NULL,1,60,'OBO (Bettermann)','Stück'),(84,34,139,338,100,'Rohr-Abstandschellen,24-29 mm','733/M25 PG 21',139,NULL,1,60,'OBO (Bettermann)','Stück'),(84,35,138,337,100,'Rohr-Abstandschellen,21-23 mm','733 PG 16',138,NULL,1,60,'OBO (Bettermann)','Stück'),(84,36,136,336,130,'Rohr-Abstandschellen,19-21 mm','733/M20',136,NULL,1,60,'OBO (Bettermann)','Stück'),(84,56,147,340,50,'Rohr-Abstandschellen,39-48 mm','733/M40 PG36',147,NULL,1,60,'OBO (Bettermann)','Stück'),(84,61,148,341,2,'Rohr-Abstandschellen,47-55 mm','5VC4895',148,NULL,1,61,'Kleinhuis','Stück'),(84,63,150,354,6,'NH-Sicherung Gr.000 16A','3NA3805',150,NULL,1,1,'Siemens','Stück'),(84,64,151,355,6,'NH-Sicherung Gr.000 20A','3NA3807',151,3,1,1,'Siemens','Stück'),(84,65,152,356,6,'NH-Sicherung Gr.000 25A','3NA3810',152,NULL,1,1,'Siemens','Stück'),(84,66,153,357,6,'NH-Sicherung Gr.000 35A','3NA3814',153,3,1,1,'Siemens','Stück'),(84,67,154,358,6,'NH-Sicherung Gr.000 50A','3NA3820',154,NULL,1,1,'Siemens','Stück'),(84,68,149,359,NULL,'NH-Sicherung Gr.000 63A','3NA3 822',149,3,1,1,'Siemens','Stück'),(84,69,155,360,6,'NH-Sicherung Gr.000 80A','3NA3824',155,NULL,1,1,'Siemens','Stück'),(84,70,156,361,6,'NH-Sicherung Gr.000 100A','3NA3830',156,NULL,1,1,'Siemens','Stück'),(84,71,157,362,NULL,'NH-Sicherung Gr.00 125A','3NA3832',157,NULL,1,1,'Siemens','Stück'),(84,72,158,363,6,'NH-Sicherung Gr.00 160A','3NA3836',158,NULL,1,1,'Siemens','Stück'),(84,74,160,364,15,'NH-Sicherung Gr.1 63A','3NA3122',160,3,1,1,'Siemens','Stück'),(84,75,161,365,4,'NH-Sicherung Gr.1 100A','3NA3130',161,NULL,1,1,'Siemens','Stück'),(84,76,162,366,6,'NH-Sicherung Gr.1 125A','3NA3132',162,3,1,1,'Siemens','Stück'),(84,77,163,367,11,'NH-Sicherung Gr.1 160A','3NA3136',163,3,1,1,'Siemens','Stück'),(84,78,178,368,4,'NH-Sicherung Gr.1 250A','3NA3144',178,3,1,1,'Siemens','Stück'),(84,79,165,369,1,'NH-Sicherung Gr.2 80A','3NA3224',165,3,1,1,'Siemens','Stück'),(84,81,176,378,6,'NH-Sicherung Gr.1 200A','3NA3140',176,3,1,1,'Siemens','Stück'),(84,82,166,370,4,'NH-Sicherung Gr.2 100A','3NA3230',166,3,1,1,'Siemens','Stück'),(84,83,167,371,9,'NH-Sicherung Gr.2 125A','3NA3232',167,3,1,1,'Siemens','Stück'),(84,84,168,372,3,'NH-Sicherung Gr.2 160A','3NA3236',168,3,1,1,'Siemens','Stück'),(84,85,169,373,3,'NH-Sicherung Gr.2 200A','3NA3240',169,3,1,1,'Siemens','Stück'),(84,86,170,374,9,'NH-Sicherung Gr.2 250A','3NA3244',170,3,1,1,'Siemens','Stück'),(84,87,175,382,12,'NH-Sicherung Gr.2 315A','2466151',175,3,1,1,'Siemens','Stück'),(84,88,171,383,4,'NH-Sicherung Gr.2 300A','3NA3250',171,3,1,1,'Siemens','Stück'),(84,89,172,384,4,'NH-Sicherung Gr.2 355A','3NA3254',172,3,1,1,'Siemens','Stück'),(84,90,173,385,3,'NH-Sicherung Gr.3 315A','3NA3352',173,3,1,1,'Siemens','Stück'),(84,91,174,386,4,'NH-Sicherung Gr.3 400A','3NA3360',174,3,1,1,'Siemens','Stück'),(84,92,179,387,50,'Aluminium-Klemmschelle 20','AKS-E Type 20',179,10,1,62,'Fränkische Rohrwerke','Stück'),(84,93,180,388,50,'Aluminium-Klemmschelle 32','AKS-E Type 32',180,10,1,62,'Fränkische Rohrwerke','Stück'),(84,94,181,389,25,'Aluminium-Klemmschelle 40','AKS-E Type 40',181,5,1,62,'Fränkische Rohrwerke','Stück'),(84,95,182,390,25,'Aluminium-Klemmschelle 50','AKS-E Type 50',182,5,1,62,'Fränkische Rohrwerke','Stück'),(84,96,183,391,25,'Aluminium-Abstandschelle 50','ASG-E Type 50',183,NULL,1,62,'Fränkische Rohrwerke','Stück'),(84,97,184,392,25,'Edelstahl-Abstandschelle V4 32','VSG-E  Type 32',184,5,1,62,'Fränkische Rohrwerke','Stück'),(84,98,185,393,10,'Edelstahl-Abstandschelle V4 50','VSG-E 50',185,5,1,62,'Fränkische Rohrwerke','Stück'),(84,125,235,404,2,'Lagerplatte','324 19 055 003',235,1,1,16,'Fein','Stück'),(84,126,233,402,5,'Schutzhaube 180mm','318 10 070 121',233,1,1,16,'Fein','Stück'),(84,127,236,405,7,'Antriebswelle M14','Pos.42',236,1,1,16,'Fein','Stück'),(84,128,237,406,3,'Flantsch','324 36 025 004',237,1,1,16,'Fein','Stück'),(84,129,238,400,5,'Hülse','Pos.62',238,1,1,16,'Fein','Stück'),(84,130,239,409,4,'Lagergehäuse','312 07 061 002',239,1,1,16,'Fein','Stück'),(84,131,240,410,3,'Läufer','335 08 030 011',240,1,1,16,'Fein','Stück'),(84,132,241,408,4,'Ventilationsflügel','Pos.66',241,1,1,16,'Fein','Stück'),(84,133,242,407,5,'Flügelgehäuse,43-265V','Pos.69',242,1,1,16,'Fein','Stück'),(84,134,243,432,6,'Motorgehäuse','Pos.1; 200 Hz; 265 V',243,1,1,16,'Fein','Stück'),(84,135,244,427,3,'Motorgehäuse','Pos.1; 300 Hz; 200 V',244,1,1,16,'Fein','Stück'),(84,136,247,430,1,'Kegelradgetriebe','43/31 Zähne; 200 Hz',247,1,1,16,'Fein','Stück'),(84,137,248,430,1,'Kegelradgetriebe','52/25 Zähne; 300 Hz',248,1,1,16,'Fein','Stück'),(84,138,249,430,1,'Kegelradgetriebe','49/18 Zähne; 300 Hz',249,1,1,16,'Fein','Stück'),(84,139,250,424,4,'Handgriff','Pos.92',250,1,1,16,'Fein','Stück'),(84,140,256,415,8,'Antriebswelle','Pos.320',256,1,1,16,'Fein','Stück'),(84,141,257,413,9,'Halslager','Pos.300',257,1,1,16,'Fein','Stück'),(84,142,259,414,6,'Anker','Pos.520',259,1,1,16,'Fein','Stück'),(84,143,260,401,4,'Motorgehäuse,43-265 V','Pos.10',260,1,1,16,'Fein','Stück'),(84,144,261,431,4,'Ständer mit Wicklung','Pos.20;200Hz; 265V',261,1,1,16,'Fein','Stück'),(84,145,262,428,4,'Ständer mit Wicklung','Pos.20;300Hz;200V',262,1,1,16,'Fein','Stück'),(84,146,264,411,5,'Zwischenlager','Pos.170',264,1,1,16,'Fein','Stück'),(84,147,265,416,6,'Hülse','Pos.510',265,1,1,16,'Fein','Stück'),(84,148,266,416,4,'Hülse','Pos.40',266,1,1,16,'Fein','Stück'),(84,153,143,336,5,'111111','11111',1111,1,3,9,'Bauer','Eimer'),(84,154,143,336,45,'111111','11111',1111,1,3,9,'Bauer','Eimer'),(84,155,143,336,11,'111111','11111',1111,1,3,9,'Bauer','Eimer'),(84,156,67,412,5,'Ring mit Ansatz','Pos.500',67,1,1,16,'Fein','Stück'),(84,158,271,337,2,'Spannzange 6 mm','9369837',271,1,1,7,'Demag','Stück'),(85,33,141,339,100,'Rohr-Abstandschellen,30-38 mm','733',141,NULL,1,60,'OBO (Bettermann)','Stück'),(85,34,139,338,100,'Rohr-Abstandschellen,24-29 mm','733/M25 PG 21',139,NULL,1,60,'OBO (Bettermann)','Stück'),(85,35,138,337,100,'Rohr-Abstandschellen,21-23 mm','733 PG 16',138,NULL,1,60,'OBO (Bettermann)','Stück'),(85,36,136,336,130,'Rohr-Abstandschellen,19-21 mm','733/M20',136,NULL,1,60,'OBO (Bettermann)','Stück'),(85,56,147,340,50,'Rohr-Abstandschellen,39-48 mm','733/M40 PG36',147,NULL,1,60,'OBO (Bettermann)','Stück'),(85,61,148,341,2,'Rohr-Abstandschellen,47-55 mm','5VC4895',148,NULL,1,61,'Kleinhuis','Stück'),(85,63,150,354,6,'NH-Sicherung Gr.000 16A','3NA3805',150,NULL,1,1,'Siemens','Stück'),(85,64,151,355,6,'NH-Sicherung Gr.000 20A','3NA3807',151,3,1,1,'Siemens','Stück'),(85,65,152,356,6,'NH-Sicherung Gr.000 25A','3NA3810',152,NULL,1,1,'Siemens','Stück'),(85,66,153,357,6,'NH-Sicherung Gr.000 35A','3NA3814',153,3,1,1,'Siemens','Stück'),(85,67,154,358,6,'NH-Sicherung Gr.000 50A','3NA3820',154,NULL,1,1,'Siemens','Stück'),(85,68,149,359,NULL,'NH-Sicherung Gr.000 63A','3NA3 822',149,3,1,1,'Siemens','Stück'),(85,69,155,360,6,'NH-Sicherung Gr.000 80A','3NA3824',155,NULL,1,1,'Siemens','Stück'),(85,70,156,361,6,'NH-Sicherung Gr.000 100A','3NA3830',156,NULL,1,1,'Siemens','Stück'),(85,71,157,362,NULL,'NH-Sicherung Gr.00 125A','3NA3832',157,NULL,1,1,'Siemens','Stück'),(85,72,158,363,6,'NH-Sicherung Gr.00 160A','3NA3836',158,NULL,1,1,'Siemens','Stück'),(85,74,160,364,15,'NH-Sicherung Gr.1 63A','3NA3122',160,3,1,1,'Siemens','Stück'),(85,75,161,365,4,'NH-Sicherung Gr.1 100A','3NA3130',161,NULL,1,1,'Siemens','Stück'),(85,76,162,366,6,'NH-Sicherung Gr.1 125A','3NA3132',162,3,1,1,'Siemens','Stück'),(85,77,163,367,11,'NH-Sicherung Gr.1 160A','3NA3136',163,3,1,1,'Siemens','Stück'),(85,78,178,368,4,'NH-Sicherung Gr.1 250A','3NA3144',178,3,1,1,'Siemens','Stück'),(85,79,165,369,1,'NH-Sicherung Gr.2 80A','3NA3224',165,3,1,1,'Siemens','Stück'),(85,81,176,378,6,'NH-Sicherung Gr.1 200A','3NA3140',176,3,1,1,'Siemens','Stück'),(85,82,166,370,4,'NH-Sicherung Gr.2 100A','3NA3230',166,3,1,1,'Siemens','Stück'),(85,83,167,371,9,'NH-Sicherung Gr.2 125A','3NA3232',167,3,1,1,'Siemens','Stück'),(85,84,168,372,3,'NH-Sicherung Gr.2 160A','3NA3236',168,3,1,1,'Siemens','Stück'),(85,85,169,373,3,'NH-Sicherung Gr.2 200A','3NA3240',169,3,1,1,'Siemens','Stück'),(85,86,170,374,9,'NH-Sicherung Gr.2 250A','3NA3244',170,3,1,1,'Siemens','Stück'),(85,87,175,382,12,'NH-Sicherung Gr.2 315A','2466151',175,3,1,1,'Siemens','Stück'),(85,88,171,383,4,'NH-Sicherung Gr.2 300A','3NA3250',171,3,1,1,'Siemens','Stück'),(85,89,172,384,4,'NH-Sicherung Gr.2 355A','3NA3254',172,3,1,1,'Siemens','Stück'),(85,90,173,385,3,'NH-Sicherung Gr.3 315A','3NA3352',173,3,1,1,'Siemens','Stück'),(85,91,174,386,4,'NH-Sicherung Gr.3 400A','3NA3360',174,3,1,1,'Siemens','Stück'),(85,92,179,387,50,'Aluminium-Klemmschelle 20','AKS-E Type 20',179,10,1,62,'Fränkische Rohrwerke','Stück'),(85,93,180,388,50,'Aluminium-Klemmschelle 32','AKS-E Type 32',180,10,1,62,'Fränkische Rohrwerke','Stück'),(85,94,181,389,25,'Aluminium-Klemmschelle 40','AKS-E Type 40',181,5,1,62,'Fränkische Rohrwerke','Stück'),(85,95,182,390,25,'Aluminium-Klemmschelle 50','AKS-E Type 50',182,5,1,62,'Fränkische Rohrwerke','Stück'),(85,96,183,391,25,'Aluminium-Abstandschelle 50','ASG-E Type 50',183,NULL,1,62,'Fränkische Rohrwerke','Stück'),(85,97,184,392,25,'Edelstahl-Abstandschelle V4 32','VSG-E  Type 32',184,5,1,62,'Fränkische Rohrwerke','Stück'),(85,98,185,393,10,'Edelstahl-Abstandschelle V4 50','VSG-E 50',185,5,1,62,'Fränkische Rohrwerke','Stück'),(85,153,143,336,5,'111111','11111',1111,1,3,9,'Bauer','Eimer'),(85,154,143,336,45,'111111','11111',1111,1,3,9,'Bauer','Eimer'),(85,155,143,336,11,'111111','11111',1111,1,3,9,'Bauer','Eimer'),(85,158,271,337,2,'Spannzange 6 mm','9369837',271,1,1,7,'Demag','Stück'),(86,33,141,339,100,'Rohr-Abstandschellen,30-38 mm','733',141,NULL,1,60,'OBO (Bettermann)','Stück'),(86,34,139,338,100,'Rohr-Abstandschellen,24-29 mm','733/M25 PG 21',139,NULL,1,60,'OBO (Bettermann)','Stück'),(86,35,138,337,100,'Rohr-Abstandschellen,21-23 mm','733 PG 16',138,NULL,1,60,'OBO (Bettermann)','Stück'),(86,36,136,336,130,'Rohr-Abstandschellen,19-21 mm','733/M20',136,NULL,1,60,'OBO (Bettermann)','Stück'),(86,56,147,340,50,'Rohr-Abstandschellen,39-48 mm','733/M40 PG36',147,NULL,1,60,'OBO (Bettermann)','Stück'),(86,61,148,341,2,'Rohr-Abstandschellen,47-55 mm','5VC4895',148,NULL,1,61,'Kleinhuis','Stück'),(86,63,150,354,6,'NH-Sicherung Gr.000 16A','3NA3805',150,NULL,1,1,'Siemens','Stück'),(86,64,151,355,6,'NH-Sicherung Gr.000 20A','3NA3807',151,3,1,1,'Siemens','Stück'),(86,65,152,356,6,'NH-Sicherung Gr.000 25A','3NA3810',152,NULL,1,1,'Siemens','Stück'),(86,66,153,357,6,'NH-Sicherung Gr.000 35A','3NA3814',153,3,1,1,'Siemens','Stück'),(86,67,154,358,6,'NH-Sicherung Gr.000 50A','3NA3820',154,NULL,1,1,'Siemens','Stück'),(86,68,149,359,NULL,'NH-Sicherung Gr.000 63A','3NA3 822',149,3,1,1,'Siemens','Stück'),(86,69,155,360,6,'NH-Sicherung Gr.000 80A','3NA3824',155,NULL,1,1,'Siemens','Stück'),(86,70,156,361,6,'NH-Sicherung Gr.000 100A','3NA3830',156,NULL,1,1,'Siemens','Stück'),(86,71,157,362,NULL,'NH-Sicherung Gr.00 125A','3NA3832',157,NULL,1,1,'Siemens','Stück'),(86,72,158,363,6,'NH-Sicherung Gr.00 160A','3NA3836',158,NULL,1,1,'Siemens','Stück'),(86,74,160,364,15,'NH-Sicherung Gr.1 63A','3NA3122',160,3,1,1,'Siemens','Stück'),(86,75,161,365,4,'NH-Sicherung Gr.1 100A','3NA3130',161,NULL,1,1,'Siemens','Stück'),(86,76,162,366,6,'NH-Sicherung Gr.1 125A','3NA3132',162,3,1,1,'Siemens','Stück'),(86,77,163,367,11,'NH-Sicherung Gr.1 160A','3NA3136',163,3,1,1,'Siemens','Stück'),(86,78,178,368,4,'NH-Sicherung Gr.1 250A','3NA3144',178,3,1,1,'Siemens','Stück'),(86,79,165,369,1,'NH-Sicherung Gr.2 80A','3NA3224',165,3,1,1,'Siemens','Stück'),(86,81,176,378,6,'NH-Sicherung Gr.1 200A','3NA3140',176,3,1,1,'Siemens','Stück'),(86,82,166,370,4,'NH-Sicherung Gr.2 100A','3NA3230',166,3,1,1,'Siemens','Stück'),(86,83,167,371,9,'NH-Sicherung Gr.2 125A','3NA3232',167,3,1,1,'Siemens','Stück'),(86,84,168,372,3,'NH-Sicherung Gr.2 160A','3NA3236',168,3,1,1,'Siemens','Stück'),(86,85,169,373,3,'NH-Sicherung Gr.2 200A','3NA3240',169,3,1,1,'Siemens','Stück'),(86,86,170,374,9,'NH-Sicherung Gr.2 250A','3NA3244',170,3,1,1,'Siemens','Stück'),(86,87,175,382,12,'NH-Sicherung Gr.2 315A','2466151',175,3,1,1,'Siemens','Stück'),(86,88,171,383,4,'NH-Sicherung Gr.2 300A','3NA3250',171,3,1,1,'Siemens','Stück'),(86,89,172,384,4,'NH-Sicherung Gr.2 355A','3NA3254',172,3,1,1,'Siemens','Stück'),(86,90,173,385,3,'NH-Sicherung Gr.3 315A','3NA3352',173,3,1,1,'Siemens','Stück'),(86,91,174,386,4,'NH-Sicherung Gr.3 400A','3NA3360',174,3,1,1,'Siemens','Stück'),(86,92,179,387,50,'Aluminium-Klemmschelle 20','AKS-E Type 20',179,10,1,62,'Fränkische Rohrwerke','Stück'),(86,93,180,388,50,'Aluminium-Klemmschelle 32','AKS-E Type 32',180,10,1,62,'Fränkische Rohrwerke','Stück'),(86,94,181,389,25,'Aluminium-Klemmschelle 40','AKS-E Type 40',181,5,1,62,'Fränkische Rohrwerke','Stück'),(86,95,182,390,25,'Aluminium-Klemmschelle 50','AKS-E Type 50',182,5,1,62,'Fränkische Rohrwerke','Stück'),(86,96,183,391,25,'Aluminium-Abstandschelle 50','ASG-E Type 50',183,NULL,1,62,'Fränkische Rohrwerke','Stück'),(86,97,184,392,25,'Edelstahl-Abstandschelle V4 32','VSG-E  Type 32',184,5,1,62,'Fränkische Rohrwerke','Stück'),(86,98,185,393,10,'Edelstahl-Abstandschelle V4 50','VSG-E 50',185,5,1,62,'Fränkische Rohrwerke','Stück'),(86,125,235,404,2,'Lagerplatte','324 19 055 003',235,1,1,16,'Fein','Stück'),(86,126,233,402,5,'Schutzhaube 180mm','318 10 070 121',233,1,1,16,'Fein','Stück'),(86,127,236,405,7,'Antriebswelle M14','Pos.42',236,1,1,16,'Fein','Stück'),(86,128,237,406,3,'Flantsch','324 36 025 004',237,1,1,16,'Fein','Stück'),(86,129,238,400,5,'Hülse','Pos.62',238,1,1,16,'Fein','Stück'),(86,130,239,409,4,'Lagergehäuse','312 07 061 002',239,1,1,16,'Fein','Stück'),(86,131,240,410,3,'Läufer','335 08 030 011',240,1,1,16,'Fein','Stück'),(86,132,241,408,4,'Ventilationsflügel','Pos.66',241,1,1,16,'Fein','Stück'),(86,133,242,407,5,'Flügelgehäuse,43-265V','Pos.69',242,1,1,16,'Fein','Stück'),(86,134,243,432,6,'Motorgehäuse','Pos.1; 200 Hz; 265 V',243,1,1,16,'Fein','Stück'),(86,135,244,427,3,'Motorgehäuse','Pos.1; 300 Hz; 200 V',244,1,1,16,'Fein','Stück'),(86,136,247,430,1,'Kegelradgetriebe','43/31 Zähne; 200 Hz',247,1,1,16,'Fein','Stück'),(86,137,248,430,1,'Kegelradgetriebe','52/25 Zähne; 300 Hz',248,1,1,16,'Fein','Stück'),(86,138,249,430,1,'Kegelradgetriebe','49/18 Zähne; 300 Hz',249,1,1,16,'Fein','Stück'),(86,139,250,424,4,'Handgriff','Pos.92',250,1,1,16,'Fein','Stück'),(86,140,256,415,8,'Antriebswelle','Pos.320',256,1,1,16,'Fein','Stück'),(86,141,257,413,9,'Halslager','Pos.300',257,1,1,16,'Fein','Stück'),(86,142,259,414,6,'Anker','Pos.520',259,1,1,16,'Fein','Stück'),(86,143,260,401,4,'Motorgehäuse,43-265 V','Pos.10',260,1,1,16,'Fein','Stück'),(86,144,261,431,4,'Ständer mit Wicklung','Pos.20;200Hz; 265V',261,1,1,16,'Fein','Stück'),(86,145,262,428,4,'Ständer mit Wicklung','Pos.20;300Hz;200V',262,1,1,16,'Fein','Stück'),(86,146,264,411,5,'Zwischenlager','Pos.170',264,1,1,16,'Fein','Stück'),(86,147,265,416,6,'Hülse','Pos.510',265,1,1,16,'Fein','Stück'),(86,148,266,416,4,'Hülse','Pos.40',266,1,1,16,'Fein','Stück'),(86,153,143,336,5,'111111','11111',1111,1,3,9,'Bauer','Eimer'),(86,154,143,336,45,'111111','11111',1111,1,3,9,'Bauer','Eimer'),(86,155,143,336,11,'111111','11111',1111,1,3,9,'Bauer','Eimer'),(86,156,67,412,5,'Ring mit Ansatz','Pos.500',67,1,1,16,'Fein','Stück'),(86,158,271,337,2,'Spannzange 6 mm','9369837',271,1,1,7,'Demag','Stück'),(87,33,141,339,100,'Rohr-Abstandschellen,30-38 mm','733',141,NULL,1,60,'OBO (Bettermann)','Stück'),(87,34,139,338,100,'Rohr-Abstandschellen,24-29 mm','733/M25 PG 21',139,NULL,1,60,'OBO (Bettermann)','Stück'),(87,35,138,337,100,'Rohr-Abstandschellen,21-23 mm','733 PG 16',138,NULL,1,60,'OBO (Bettermann)','Stück'),(87,36,136,336,130,'Rohr-Abstandschellen,19-21 mm','733/M20',136,NULL,1,60,'OBO (Bettermann)','Stück'),(87,56,147,340,50,'Rohr-Abstandschellen,39-48 mm','733/M40 PG36',147,NULL,1,60,'OBO (Bettermann)','Stück'),(87,61,148,341,2,'Rohr-Abstandschellen,47-55 mm','5VC4895',148,NULL,1,61,'Kleinhuis','Stück'),(87,63,150,354,6,'NH-Sicherung Gr.000 16A','3NA3805',150,NULL,1,1,'Siemens','Stück'),(87,64,151,355,6,'NH-Sicherung Gr.000 20A','3NA3807',151,3,1,1,'Siemens','Stück'),(87,65,152,356,6,'NH-Sicherung Gr.000 25A','3NA3810',152,NULL,1,1,'Siemens','Stück'),(87,66,153,357,6,'NH-Sicherung Gr.000 35A','3NA3814',153,3,1,1,'Siemens','Stück'),(87,67,154,358,6,'NH-Sicherung Gr.000 50A','3NA3820',154,NULL,1,1,'Siemens','Stück'),(87,68,149,359,NULL,'NH-Sicherung Gr.000 63A','3NA3 822',149,3,1,1,'Siemens','Stück'),(87,69,155,360,6,'NH-Sicherung Gr.000 80A','3NA3824',155,NULL,1,1,'Siemens','Stück'),(87,70,156,361,6,'NH-Sicherung Gr.000 100A','3NA3830',156,NULL,1,1,'Siemens','Stück'),(87,71,157,362,NULL,'NH-Sicherung Gr.00 125A','3NA3832',157,NULL,1,1,'Siemens','Stück'),(87,72,158,363,6,'NH-Sicherung Gr.00 160A','3NA3836',158,NULL,1,1,'Siemens','Stück'),(87,74,160,364,15,'NH-Sicherung Gr.1 63A','3NA3122',160,3,1,1,'Siemens','Stück'),(87,75,161,365,4,'NH-Sicherung Gr.1 100A','3NA3130',161,NULL,1,1,'Siemens','Stück'),(87,76,162,366,6,'NH-Sicherung Gr.1 125A','3NA3132',162,3,1,1,'Siemens','Stück'),(87,77,163,367,11,'NH-Sicherung Gr.1 160A','3NA3136',163,3,1,1,'Siemens','Stück'),(87,78,178,368,4,'NH-Sicherung Gr.1 250A','3NA3144',178,3,1,1,'Siemens','Stück'),(87,79,165,369,1,'NH-Sicherung Gr.2 80A','3NA3224',165,3,1,1,'Siemens','Stück'),(87,81,176,378,6,'NH-Sicherung Gr.1 200A','3NA3140',176,3,1,1,'Siemens','Stück'),(87,82,166,370,4,'NH-Sicherung Gr.2 100A','3NA3230',166,3,1,1,'Siemens','Stück'),(87,83,167,371,9,'NH-Sicherung Gr.2 125A','3NA3232',167,3,1,1,'Siemens','Stück'),(87,84,168,372,3,'NH-Sicherung Gr.2 160A','3NA3236',168,3,1,1,'Siemens','Stück'),(87,85,169,373,3,'NH-Sicherung Gr.2 200A','3NA3240',169,3,1,1,'Siemens','Stück'),(87,86,170,374,9,'NH-Sicherung Gr.2 250A','3NA3244',170,3,1,1,'Siemens','Stück'),(87,87,175,382,12,'NH-Sicherung Gr.2 315A','2466151',175,3,1,1,'Siemens','Stück'),(87,88,171,383,4,'NH-Sicherung Gr.2 300A','3NA3250',171,3,1,1,'Siemens','Stück'),(87,89,172,384,4,'NH-Sicherung Gr.2 355A','3NA3254',172,3,1,1,'Siemens','Stück'),(87,90,173,385,3,'NH-Sicherung Gr.3 315A','3NA3352',173,3,1,1,'Siemens','Stück'),(87,91,174,386,4,'NH-Sicherung Gr.3 400A','3NA3360',174,3,1,1,'Siemens','Stück'),(87,92,179,387,50,'Aluminium-Klemmschelle 20','AKS-E Type 20',179,10,1,62,'Fränkische Rohrwerke','Stück'),(87,93,180,388,50,'Aluminium-Klemmschelle 32','AKS-E Type 32',180,10,1,62,'Fränkische Rohrwerke','Stück'),(87,94,181,389,25,'Aluminium-Klemmschelle 40','AKS-E Type 40',181,5,1,62,'Fränkische Rohrwerke','Stück'),(87,95,182,390,25,'Aluminium-Klemmschelle 50','AKS-E Type 50',182,5,1,62,'Fränkische Rohrwerke','Stück'),(87,96,183,391,25,'Aluminium-Abstandschelle 50','ASG-E Type 50',183,NULL,1,62,'Fränkische Rohrwerke','Stück'),(87,97,184,392,25,'Edelstahl-Abstandschelle V4 32','VSG-E  Type 32',184,5,1,62,'Fränkische Rohrwerke','Stück'),(87,98,185,393,10,'Edelstahl-Abstandschelle V4 50','VSG-E 50',185,5,1,62,'Fränkische Rohrwerke','Stück'),(87,125,235,404,2,'Lagerplatte','324 19 055 003',235,1,1,16,'Fein','Stück'),(87,126,233,402,5,'Schutzhaube 180mm','318 10 070 121',233,1,1,16,'Fein','Stück'),(87,127,236,405,7,'Antriebswelle M14','Pos.42',236,1,1,16,'Fein','Stück'),(87,128,237,406,3,'Flantsch','324 36 025 004',237,1,1,16,'Fein','Stück'),(87,129,238,400,5,'Hülse','Pos.62',238,1,1,16,'Fein','Stück'),(87,130,239,409,4,'Lagergehäuse','312 07 061 002',239,1,1,16,'Fein','Stück'),(87,131,240,410,3,'Läufer','335 08 030 011',240,1,1,16,'Fein','Stück'),(87,132,241,408,4,'Ventilationsflügel','Pos.66',241,1,1,16,'Fein','Stück'),(87,133,242,407,5,'Flügelgehäuse,43-265V','Pos.69',242,1,1,16,'Fein','Stück'),(87,134,243,432,6,'Motorgehäuse','Pos.1; 200 Hz; 265 V',243,1,1,16,'Fein','Stück'),(87,135,244,427,3,'Motorgehäuse','Pos.1; 300 Hz; 200 V',244,1,1,16,'Fein','Stück'),(87,136,247,430,1,'Kegelradgetriebe','43/31 Zähne; 200 Hz',247,1,1,16,'Fein','Stück'),(87,137,248,430,1,'Kegelradgetriebe','52/25 Zähne; 300 Hz',248,1,1,16,'Fein','Stück'),(87,138,249,430,1,'Kegelradgetriebe','49/18 Zähne; 300 Hz',249,1,1,16,'Fein','Stück'),(87,139,250,424,4,'Handgriff','Pos.92',250,1,1,16,'Fein','Stück'),(87,140,256,415,8,'Antriebswelle','Pos.320',256,1,1,16,'Fein','Stück'),(87,141,257,413,9,'Halslager','Pos.300',257,1,1,16,'Fein','Stück'),(87,142,259,414,6,'Anker','Pos.520',259,1,1,16,'Fein','Stück'),(87,143,260,401,4,'Motorgehäuse,43-265 V','Pos.10',260,1,1,16,'Fein','Stück'),(87,144,261,431,4,'Ständer mit Wicklung','Pos.20;200Hz; 265V',261,1,1,16,'Fein','Stück'),(87,145,262,428,4,'Ständer mit Wicklung','Pos.20;300Hz;200V',262,1,1,16,'Fein','Stück'),(87,146,264,411,5,'Zwischenlager','Pos.170',264,1,1,16,'Fein','Stück'),(87,147,265,416,6,'Hülse','Pos.510',265,1,1,16,'Fein','Stück'),(87,148,266,416,4,'Hülse','Pos.40',266,1,1,16,'Fein','Stück'),(87,153,143,336,5,'111111','11111',1111,1,3,9,'Bauer','Eimer'),(87,154,143,336,45,'111111','11111',1111,1,3,9,'Bauer','Eimer'),(87,155,143,336,11,'111111','11111',1111,1,3,9,'Bauer','Eimer'),(87,156,67,412,5,'Ring mit Ansatz','Pos.500',67,1,1,16,'Fein','Stück'),(87,158,271,337,2,'Spannzange 6 mm','9369837',271,1,1,7,'Demag','Stück'),(88,33,141,339,100,'Rohr-Abstandschellen,30-38 mm','733',141,NULL,1,60,'OBO (Bettermann)','Stück'),(88,34,139,338,100,'Rohr-Abstandschellen,24-29 mm','733/M25 PG 21',139,NULL,1,60,'OBO (Bettermann)','Stück'),(88,35,138,337,100,'Rohr-Abstandschellen,21-23 mm','733 PG 16',138,NULL,1,60,'OBO (Bettermann)','Stück'),(88,36,136,336,130,'Rohr-Abstandschellen,19-21 mm','733/M20',136,NULL,1,60,'OBO (Bettermann)','Stück'),(88,56,147,340,50,'Rohr-Abstandschellen,39-48 mm','733/M40 PG36',147,NULL,1,60,'OBO (Bettermann)','Stück'),(88,61,148,341,2,'Rohr-Abstandschellen,47-55 mm','5VC4895',148,NULL,1,61,'Kleinhuis','Stück'),(88,63,150,354,6,'NH-Sicherung Gr.000 16A','3NA3805',150,NULL,1,1,'Siemens','Stück'),(88,64,151,355,6,'NH-Sicherung Gr.000 20A','3NA3807',151,3,1,1,'Siemens','Stück'),(88,65,152,356,6,'NH-Sicherung Gr.000 25A','3NA3810',152,NULL,1,1,'Siemens','Stück'),(88,66,153,357,6,'NH-Sicherung Gr.000 35A','3NA3814',153,3,1,1,'Siemens','Stück'),(88,67,154,358,6,'NH-Sicherung Gr.000 50A','3NA3820',154,NULL,1,1,'Siemens','Stück'),(88,68,149,359,NULL,'NH-Sicherung Gr.000 63A','3NA3 822',149,3,1,1,'Siemens','Stück'),(88,69,155,360,6,'NH-Sicherung Gr.000 80A','3NA3824',155,NULL,1,1,'Siemens','Stück'),(88,70,156,361,6,'NH-Sicherung Gr.000 100A','3NA3830',156,NULL,1,1,'Siemens','Stück'),(88,71,157,362,NULL,'NH-Sicherung Gr.00 125A','3NA3832',157,NULL,1,1,'Siemens','Stück'),(88,72,158,363,6,'NH-Sicherung Gr.00 160A','3NA3836',158,NULL,1,1,'Siemens','Stück'),(88,74,160,364,15,'NH-Sicherung Gr.1 63A','3NA3122',160,3,1,1,'Siemens','Stück'),(88,75,161,365,4,'NH-Sicherung Gr.1 100A','3NA3130',161,NULL,1,1,'Siemens','Stück'),(88,76,162,366,6,'NH-Sicherung Gr.1 125A','3NA3132',162,3,1,1,'Siemens','Stück'),(88,77,163,367,11,'NH-Sicherung Gr.1 160A','3NA3136',163,3,1,1,'Siemens','Stück'),(88,78,178,368,4,'NH-Sicherung Gr.1 250A','3NA3144',178,3,1,1,'Siemens','Stück'),(88,79,165,369,1,'NH-Sicherung Gr.2 80A','3NA3224',165,3,1,1,'Siemens','Stück'),(88,81,176,378,6,'NH-Sicherung Gr.1 200A','3NA3140',176,3,1,1,'Siemens','Stück'),(88,82,166,370,4,'NH-Sicherung Gr.2 100A','3NA3230',166,3,1,1,'Siemens','Stück'),(88,83,167,371,9,'NH-Sicherung Gr.2 125A','3NA3232',167,3,1,1,'Siemens','Stück'),(88,84,168,372,3,'NH-Sicherung Gr.2 160A','3NA3236',168,3,1,1,'Siemens','Stück'),(88,85,169,373,3,'NH-Sicherung Gr.2 200A','3NA3240',169,3,1,1,'Siemens','Stück'),(88,86,170,374,9,'NH-Sicherung Gr.2 250A','3NA3244',170,3,1,1,'Siemens','Stück'),(88,87,175,382,12,'NH-Sicherung Gr.2 315A','2466151',175,3,1,1,'Siemens','Stück'),(88,88,171,383,4,'NH-Sicherung Gr.2 300A','3NA3250',171,3,1,1,'Siemens','Stück'),(88,89,172,384,4,'NH-Sicherung Gr.2 355A','3NA3254',172,3,1,1,'Siemens','Stück'),(88,90,173,385,3,'NH-Sicherung Gr.3 315A','3NA3352',173,3,1,1,'Siemens','Stück'),(88,91,174,386,4,'NH-Sicherung Gr.3 400A','3NA3360',174,3,1,1,'Siemens','Stück'),(88,92,179,387,50,'Aluminium-Klemmschelle 20','AKS-E Type 20',179,10,1,62,'Fränkische Rohrwerke','Stück'),(88,93,180,388,50,'Aluminium-Klemmschelle 32','AKS-E Type 32',180,10,1,62,'Fränkische Rohrwerke','Stück'),(88,94,181,389,25,'Aluminium-Klemmschelle 40','AKS-E Type 40',181,5,1,62,'Fränkische Rohrwerke','Stück'),(88,95,182,390,25,'Aluminium-Klemmschelle 50','AKS-E Type 50',182,5,1,62,'Fränkische Rohrwerke','Stück'),(88,96,183,391,25,'Aluminium-Abstandschelle 50','ASG-E Type 50',183,NULL,1,62,'Fränkische Rohrwerke','Stück'),(88,97,184,392,25,'Edelstahl-Abstandschelle V4 32','VSG-E  Type 32',184,5,1,62,'Fränkische Rohrwerke','Stück'),(88,98,185,393,10,'Edelstahl-Abstandschelle V4 50','VSG-E 50',185,5,1,62,'Fränkische Rohrwerke','Stück'),(88,125,235,404,2,'Lagerplatte','324 19 055 003',235,1,1,16,'Fein','Stück'),(88,126,233,402,5,'Schutzhaube 180mm','318 10 070 121',233,1,1,16,'Fein','Stück'),(88,127,236,405,7,'Antriebswelle M14','Pos.42',236,1,1,16,'Fein','Stück'),(88,128,237,406,3,'Flantsch','324 36 025 004',237,1,1,16,'Fein','Stück'),(88,129,238,400,5,'Hülse','Pos.62',238,1,1,16,'Fein','Stück'),(88,130,239,409,4,'Lagergehäuse','312 07 061 002',239,1,1,16,'Fein','Stück'),(88,131,240,410,3,'Läufer','335 08 030 011',240,1,1,16,'Fein','Stück'),(88,132,241,408,4,'Ventilationsflügel','Pos.66',241,1,1,16,'Fein','Stück'),(88,133,242,407,5,'Flügelgehäuse,43-265V','Pos.69',242,1,1,16,'Fein','Stück'),(88,134,243,432,6,'Motorgehäuse','Pos.1; 200 Hz; 265 V',243,1,1,16,'Fein','Stück'),(88,135,244,427,3,'Motorgehäuse','Pos.1; 300 Hz; 200 V',244,1,1,16,'Fein','Stück'),(88,136,247,430,1,'Kegelradgetriebe','43/31 Zähne; 200 Hz',247,1,1,16,'Fein','Stück'),(88,137,248,430,1,'Kegelradgetriebe','52/25 Zähne; 300 Hz',248,1,1,16,'Fein','Stück'),(88,138,249,430,1,'Kegelradgetriebe','49/18 Zähne; 300 Hz',249,1,1,16,'Fein','Stück'),(88,139,250,424,4,'Handgriff','Pos.92',250,1,1,16,'Fein','Stück'),(88,140,256,415,8,'Antriebswelle','Pos.320',256,1,1,16,'Fein','Stück'),(88,141,257,413,9,'Halslager','Pos.300',257,1,1,16,'Fein','Stück'),(88,142,259,414,6,'Anker','Pos.520',259,1,1,16,'Fein','Stück'),(88,143,260,401,4,'Motorgehäuse,43-265 V','Pos.10',260,1,1,16,'Fein','Stück'),(88,144,261,431,4,'Ständer mit Wicklung','Pos.20;200Hz; 265V',261,1,1,16,'Fein','Stück'),(88,145,262,428,4,'Ständer mit Wicklung','Pos.20;300Hz;200V',262,1,1,16,'Fein','Stück'),(88,146,264,411,5,'Zwischenlager','Pos.170',264,1,1,16,'Fein','Stück'),(88,147,265,416,6,'Hülse','Pos.510',265,1,1,16,'Fein','Stück'),(88,148,266,416,4,'Hülse','Pos.40',266,1,1,16,'Fein','Stück'),(88,153,143,336,5,'111111','11111',1111,1,3,9,'Bauer','Eimer'),(88,154,143,336,45,'111111','11111',1111,1,3,9,'Bauer','Eimer'),(88,155,143,336,11,'111111','11111',1111,1,3,9,'Bauer','Eimer'),(88,156,67,412,5,'Ring mit Ansatz','Pos.500',67,1,1,16,'Fein','Stück'),(88,158,271,337,2,'Spannzange 6 mm','9369837',271,1,1,7,'Demag','Stück'),(89,33,141,339,100,'Rohr-Abstandschellen,30-38 mm','733',141,NULL,1,60,'OBO (Bettermann)','Stück'),(89,34,139,338,100,'Rohr-Abstandschellen,24-29 mm','733/M25 PG 21',139,NULL,1,60,'OBO (Bettermann)','Stück'),(89,35,138,337,100,'Rohr-Abstandschellen,21-23 mm','733 PG 16',138,NULL,1,60,'OBO (Bettermann)','Stück'),(89,36,136,336,130,'Rohr-Abstandschellen,19-21 mm','733/M20',136,NULL,1,60,'OBO (Bettermann)','Stück'),(89,56,147,340,50,'Rohr-Abstandschellen,39-48 mm','733/M40 PG36',147,NULL,1,60,'OBO (Bettermann)','Stück'),(89,61,148,341,2,'Rohr-Abstandschellen,47-55 mm','5VC4895',148,NULL,1,61,'Kleinhuis','Stück'),(89,63,150,354,6,'NH-Sicherung Gr.000 16A','3NA3805',150,NULL,1,1,'Siemens','Stück'),(89,64,151,355,6,'NH-Sicherung Gr.000 20A','3NA3807',151,3,1,1,'Siemens','Stück'),(89,65,152,356,6,'NH-Sicherung Gr.000 25A','3NA3810',152,NULL,1,1,'Siemens','Stück'),(89,66,153,357,6,'NH-Sicherung Gr.000 35A','3NA3814',153,3,1,1,'Siemens','Stück'),(89,67,154,358,6,'NH-Sicherung Gr.000 50A','3NA3820',154,NULL,1,1,'Siemens','Stück'),(89,68,149,359,NULL,'NH-Sicherung Gr.000 63A','3NA3 822',149,3,1,1,'Siemens','Stück'),(89,69,155,360,6,'NH-Sicherung Gr.000 80A','3NA3824',155,NULL,1,1,'Siemens','Stück'),(89,70,156,361,6,'NH-Sicherung Gr.000 100A','3NA3830',156,NULL,1,1,'Siemens','Stück'),(89,71,157,362,NULL,'NH-Sicherung Gr.00 125A','3NA3832',157,NULL,1,1,'Siemens','Stück'),(89,72,158,363,6,'NH-Sicherung Gr.00 160A','3NA3836',158,NULL,1,1,'Siemens','Stück'),(89,74,160,364,15,'NH-Sicherung Gr.1 63A','3NA3122',160,3,1,1,'Siemens','Stück'),(89,75,161,365,4,'NH-Sicherung Gr.1 100A','3NA3130',161,NULL,1,1,'Siemens','Stück'),(89,76,162,366,6,'NH-Sicherung Gr.1 125A','3NA3132',162,3,1,1,'Siemens','Stück'),(89,77,163,367,11,'NH-Sicherung Gr.1 160A','3NA3136',163,3,1,1,'Siemens','Stück'),(89,78,178,368,4,'NH-Sicherung Gr.1 250A','3NA3144',178,3,1,1,'Siemens','Stück'),(89,79,165,369,1,'NH-Sicherung Gr.2 80A','3NA3224',165,3,1,1,'Siemens','Stück'),(89,81,176,378,6,'NH-Sicherung Gr.1 200A','3NA3140',176,3,1,1,'Siemens','Stück'),(89,82,166,370,4,'NH-Sicherung Gr.2 100A','3NA3230',166,3,1,1,'Siemens','Stück'),(89,83,167,371,9,'NH-Sicherung Gr.2 125A','3NA3232',167,3,1,1,'Siemens','Stück'),(89,84,168,372,3,'NH-Sicherung Gr.2 160A','3NA3236',168,3,1,1,'Siemens','Stück'),(89,85,169,373,3,'NH-Sicherung Gr.2 200A','3NA3240',169,3,1,1,'Siemens','Stück'),(89,86,170,374,9,'NH-Sicherung Gr.2 250A','3NA3244',170,3,1,1,'Siemens','Stück'),(89,87,175,382,12,'NH-Sicherung Gr.2 315A','2466151',175,3,1,1,'Siemens','Stück'),(89,88,171,383,4,'NH-Sicherung Gr.2 300A','3NA3250',171,3,1,1,'Siemens','Stück'),(89,89,172,384,4,'NH-Sicherung Gr.2 355A','3NA3254',172,3,1,1,'Siemens','Stück'),(89,90,173,385,3,'NH-Sicherung Gr.3 315A','3NA3352',173,3,1,1,'Siemens','Stück'),(89,91,174,386,4,'NH-Sicherung Gr.3 400A','3NA3360',174,3,1,1,'Siemens','Stück'),(89,92,179,387,50,'Aluminium-Klemmschelle 20','AKS-E Type 20',179,10,1,62,'Fränkische Rohrwerke','Stück'),(89,93,180,388,50,'Aluminium-Klemmschelle 32','AKS-E Type 32',180,10,1,62,'Fränkische Rohrwerke','Stück'),(89,94,181,389,25,'Aluminium-Klemmschelle 40','AKS-E Type 40',181,5,1,62,'Fränkische Rohrwerke','Stück'),(89,95,182,390,25,'Aluminium-Klemmschelle 50','AKS-E Type 50',182,5,1,62,'Fränkische Rohrwerke','Stück'),(89,96,183,391,25,'Aluminium-Abstandschelle 50','ASG-E Type 50',183,NULL,1,62,'Fränkische Rohrwerke','Stück'),(89,97,184,392,25,'Edelstahl-Abstandschelle V4 32','VSG-E  Type 32',184,5,1,62,'Fränkische Rohrwerke','Stück'),(89,98,185,393,10,'Edelstahl-Abstandschelle V4 50','VSG-E 50',185,5,1,62,'Fränkische Rohrwerke','Stück'),(89,125,235,404,2,'Lagerplatte','324 19 055 003',235,1,1,16,'Fein','Stück'),(89,126,233,402,5,'Schutzhaube 180mm','318 10 070 121',233,1,1,16,'Fein','Stück'),(89,127,236,405,7,'Antriebswelle M14','Pos.42',236,1,1,16,'Fein','Stück'),(89,128,237,406,3,'Flantsch','324 36 025 004',237,1,1,16,'Fein','Stück'),(89,129,238,400,5,'Hülse','Pos.62',238,1,1,16,'Fein','Stück'),(89,130,239,409,4,'Lagergehäuse','312 07 061 002',239,1,1,16,'Fein','Stück'),(89,131,240,410,3,'Läufer','335 08 030 011',240,1,1,16,'Fein','Stück'),(89,132,241,408,4,'Ventilationsflügel','Pos.66',241,1,1,16,'Fein','Stück'),(89,133,242,407,5,'Flügelgehäuse,43-265V','Pos.69',242,1,1,16,'Fein','Stück'),(89,134,243,432,6,'Motorgehäuse','Pos.1; 200 Hz; 265 V',243,1,1,16,'Fein','Stück'),(89,135,244,427,3,'Motorgehäuse','Pos.1; 300 Hz; 200 V',244,1,1,16,'Fein','Stück'),(89,136,247,430,1,'Kegelradgetriebe','43/31 Zähne; 200 Hz',247,1,1,16,'Fein','Stück'),(89,137,248,430,1,'Kegelradgetriebe','52/25 Zähne; 300 Hz',248,1,1,16,'Fein','Stück'),(89,138,249,430,1,'Kegelradgetriebe','49/18 Zähne; 300 Hz',249,1,1,16,'Fein','Stück'),(89,139,250,424,4,'Handgriff','Pos.92',250,1,1,16,'Fein','Stück'),(89,140,256,415,8,'Antriebswelle','Pos.320',256,1,1,16,'Fein','Stück'),(89,141,257,413,9,'Halslager','Pos.300',257,1,1,16,'Fein','Stück'),(89,142,259,414,6,'Anker','Pos.520',259,1,1,16,'Fein','Stück'),(89,143,260,401,4,'Motorgehäuse,43-265 V','Pos.10',260,1,1,16,'Fein','Stück'),(89,144,261,431,4,'Ständer mit Wicklung','Pos.20;200Hz; 265V',261,1,1,16,'Fein','Stück'),(89,145,262,428,4,'Ständer mit Wicklung','Pos.20;300Hz;200V',262,1,1,16,'Fein','Stück'),(89,146,264,411,5,'Zwischenlager','Pos.170',264,1,1,16,'Fein','Stück'),(89,147,265,416,6,'Hülse','Pos.510',265,1,1,16,'Fein','Stück'),(89,148,266,416,4,'Hülse','Pos.40',266,1,1,16,'Fein','Stück'),(89,153,143,336,5,'111111','11111',1111,1,3,9,'Bauer','Eimer'),(89,154,143,336,45,'111111','11111',1111,1,3,9,'Bauer','Eimer'),(89,155,143,336,11,'111111','11111',1111,1,3,9,'Bauer','Eimer'),(89,156,67,412,5,'Ring mit Ansatz','Pos.500',67,1,1,16,'Fein','Stück'),(89,158,271,337,2,'Spannzange 6 mm','9369837',271,1,1,7,'Demag','Stück'),(90,33,141,339,100,'Rohr-Abstandschellen,30-38 mm','733',141,NULL,1,60,'OBO (Bettermann)','Stück'),(90,34,139,338,100,'Rohr-Abstandschellen,24-29 mm','733/M25 PG 21',139,NULL,1,60,'OBO (Bettermann)','Stück'),(90,35,138,337,100,'Rohr-Abstandschellen,21-23 mm','733 PG 16',138,NULL,1,60,'OBO (Bettermann)','Stück'),(90,36,136,336,130,'Rohr-Abstandschellen,19-21 mm','733/M20',136,NULL,1,60,'OBO (Bettermann)','Stück'),(90,56,147,340,50,'Rohr-Abstandschellen,39-48 mm','733/M40 PG36',147,NULL,1,60,'OBO (Bettermann)','Stück'),(90,61,148,341,2,'Rohr-Abstandschellen,47-55 mm','5VC4895',148,NULL,1,61,'Kleinhuis','Stück'),(90,63,150,354,6,'NH-Sicherung Gr.000 16A','3NA3805',150,NULL,1,1,'Siemens','Stück'),(90,64,151,355,6,'NH-Sicherung Gr.000 20A','3NA3807',151,3,1,1,'Siemens','Stück'),(90,65,152,356,6,'NH-Sicherung Gr.000 25A','3NA3810',152,NULL,1,1,'Siemens','Stück'),(90,66,153,357,6,'NH-Sicherung Gr.000 35A','3NA3814',153,3,1,1,'Siemens','Stück'),(90,67,154,358,6,'NH-Sicherung Gr.000 50A','3NA3820',154,NULL,1,1,'Siemens','Stück'),(90,68,149,359,NULL,'NH-Sicherung Gr.000 63A','3NA3 822',149,3,1,1,'Siemens','Stück'),(90,69,155,360,6,'NH-Sicherung Gr.000 80A','3NA3824',155,NULL,1,1,'Siemens','Stück'),(90,70,156,361,6,'NH-Sicherung Gr.000 100A','3NA3830',156,NULL,1,1,'Siemens','Stück'),(90,71,157,362,NULL,'NH-Sicherung Gr.00 125A','3NA3832',157,NULL,1,1,'Siemens','Stück'),(90,72,158,363,6,'NH-Sicherung Gr.00 160A','3NA3836',158,NULL,1,1,'Siemens','Stück'),(90,74,160,364,15,'NH-Sicherung Gr.1 63A','3NA3122',160,3,1,1,'Siemens','Stück'),(90,75,161,365,4,'NH-Sicherung Gr.1 100A','3NA3130',161,NULL,1,1,'Siemens','Stück'),(90,76,162,366,6,'NH-Sicherung Gr.1 125A','3NA3132',162,3,1,1,'Siemens','Stück'),(90,77,163,367,11,'NH-Sicherung Gr.1 160A','3NA3136',163,3,1,1,'Siemens','Stück'),(90,78,178,368,4,'NH-Sicherung Gr.1 250A','3NA3144',178,3,1,1,'Siemens','Stück'),(90,79,165,369,1,'NH-Sicherung Gr.2 80A','3NA3224',165,3,1,1,'Siemens','Stück'),(90,81,176,378,6,'NH-Sicherung Gr.1 200A','3NA3140',176,3,1,1,'Siemens','Stück'),(90,82,166,370,4,'NH-Sicherung Gr.2 100A','3NA3230',166,3,1,1,'Siemens','Stück'),(90,83,167,371,9,'NH-Sicherung Gr.2 125A','3NA3232',167,3,1,1,'Siemens','Stück'),(90,84,168,372,3,'NH-Sicherung Gr.2 160A','3NA3236',168,3,1,1,'Siemens','Stück'),(90,85,169,373,3,'NH-Sicherung Gr.2 200A','3NA3240',169,3,1,1,'Siemens','Stück'),(90,86,170,374,9,'NH-Sicherung Gr.2 250A','3NA3244',170,3,1,1,'Siemens','Stück'),(90,87,175,382,12,'NH-Sicherung Gr.2 315A','2466151',175,3,1,1,'Siemens','Stück'),(90,88,171,383,4,'NH-Sicherung Gr.2 300A','3NA3250',171,3,1,1,'Siemens','Stück'),(90,89,172,384,4,'NH-Sicherung Gr.2 355A','3NA3254',172,3,1,1,'Siemens','Stück'),(90,90,173,385,3,'NH-Sicherung Gr.3 315A','3NA3352',173,3,1,1,'Siemens','Stück'),(90,91,174,386,4,'NH-Sicherung Gr.3 400A','3NA3360',174,3,1,1,'Siemens','Stück'),(90,92,179,387,50,'Aluminium-Klemmschelle 20','AKS-E Type 20',179,10,1,62,'Fränkische Rohrwerke','Stück'),(90,93,180,388,50,'Aluminium-Klemmschelle 32','AKS-E Type 32',180,10,1,62,'Fränkische Rohrwerke','Stück'),(90,94,181,389,25,'Aluminium-Klemmschelle 40','AKS-E Type 40',181,5,1,62,'Fränkische Rohrwerke','Stück'),(90,95,182,390,25,'Aluminium-Klemmschelle 50','AKS-E Type 50',182,5,1,62,'Fränkische Rohrwerke','Stück'),(90,96,183,391,25,'Aluminium-Abstandschelle 50','ASG-E Type 50',183,NULL,1,62,'Fränkische Rohrwerke','Stück'),(90,97,184,392,25,'Edelstahl-Abstandschelle V4 32','VSG-E  Type 32',184,5,1,62,'Fränkische Rohrwerke','Stück'),(90,98,185,393,10,'Edelstahl-Abstandschelle V4 50','VSG-E 50',185,5,1,62,'Fränkische Rohrwerke','Stück'),(90,153,143,336,5,'111111','11111',1111,1,3,9,'Bauer','Eimer'),(90,154,143,336,45,'111111','11111',1111,1,3,9,'Bauer','Eimer'),(90,155,143,336,11,'111111','11111',1111,1,3,9,'Bauer','Eimer'),(90,158,271,337,2,'Spannzange 6 mm','9369837',271,1,1,7,'Demag','Stück'),(91,33,141,339,100,'Rohr-Abstandschellen,30-38 mm','733',141,NULL,1,60,'OBO (Bettermann)','Stück'),(91,34,139,338,100,'Rohr-Abstandschellen,24-29 mm','733/M25 PG 21',139,NULL,1,60,'OBO (Bettermann)','Stück'),(91,35,138,337,100,'Rohr-Abstandschellen,21-23 mm','733 PG 16',138,NULL,1,60,'OBO (Bettermann)','Stück'),(91,36,136,336,130,'Rohr-Abstandschellen,19-21 mm','733/M20',136,NULL,1,60,'OBO (Bettermann)','Stück'),(91,56,147,340,50,'Rohr-Abstandschellen,39-48 mm','733/M40 PG36',147,NULL,1,60,'OBO (Bettermann)','Stück'),(91,61,148,341,2,'Rohr-Abstandschellen,47-55 mm','5VC4895',148,NULL,1,61,'Kleinhuis','Stück'),(91,63,150,354,6,'NH-Sicherung Gr.000 16A','3NA3805',150,NULL,1,1,'Siemens','Stück'),(91,64,151,355,6,'NH-Sicherung Gr.000 20A','3NA3807',151,3,1,1,'Siemens','Stück'),(91,65,152,356,6,'NH-Sicherung Gr.000 25A','3NA3810',152,NULL,1,1,'Siemens','Stück'),(91,66,153,357,6,'NH-Sicherung Gr.000 35A','3NA3814',153,3,1,1,'Siemens','Stück'),(91,67,154,358,6,'NH-Sicherung Gr.000 50A','3NA3820',154,NULL,1,1,'Siemens','Stück'),(91,68,149,359,NULL,'NH-Sicherung Gr.000 63A','3NA3 822',149,3,1,1,'Siemens','Stück'),(91,69,155,360,6,'NH-Sicherung Gr.000 80A','3NA3824',155,NULL,1,1,'Siemens','Stück'),(91,70,156,361,6,'NH-Sicherung Gr.000 100A','3NA3830',156,NULL,1,1,'Siemens','Stück'),(91,71,157,362,NULL,'NH-Sicherung Gr.00 125A','3NA3832',157,NULL,1,1,'Siemens','Stück'),(91,72,158,363,6,'NH-Sicherung Gr.00 160A','3NA3836',158,NULL,1,1,'Siemens','Stück'),(91,74,160,364,15,'NH-Sicherung Gr.1 63A','3NA3122',160,3,1,1,'Siemens','Stück'),(91,75,161,365,4,'NH-Sicherung Gr.1 100A','3NA3130',161,NULL,1,1,'Siemens','Stück'),(91,76,162,366,6,'NH-Sicherung Gr.1 125A','3NA3132',162,3,1,1,'Siemens','Stück'),(91,77,163,367,11,'NH-Sicherung Gr.1 160A','3NA3136',163,3,1,1,'Siemens','Stück'),(91,78,178,368,4,'NH-Sicherung Gr.1 250A','3NA3144',178,3,1,1,'Siemens','Stück'),(91,79,165,369,1,'NH-Sicherung Gr.2 80A','3NA3224',165,3,1,1,'Siemens','Stück'),(91,81,176,378,6,'NH-Sicherung Gr.1 200A','3NA3140',176,3,1,1,'Siemens','Stück'),(91,82,166,370,4,'NH-Sicherung Gr.2 100A','3NA3230',166,3,1,1,'Siemens','Stück'),(91,83,167,371,9,'NH-Sicherung Gr.2 125A','3NA3232',167,3,1,1,'Siemens','Stück'),(91,84,168,372,3,'NH-Sicherung Gr.2 160A','3NA3236',168,3,1,1,'Siemens','Stück'),(91,85,169,373,3,'NH-Sicherung Gr.2 200A','3NA3240',169,3,1,1,'Siemens','Stück'),(91,86,170,374,9,'NH-Sicherung Gr.2 250A','3NA3244',170,3,1,1,'Siemens','Stück'),(91,87,175,382,12,'NH-Sicherung Gr.2 315A','2466151',175,3,1,1,'Siemens','Stück'),(91,88,171,383,4,'NH-Sicherung Gr.2 300A','3NA3250',171,3,1,1,'Siemens','Stück'),(91,89,172,384,4,'NH-Sicherung Gr.2 355A','3NA3254',172,3,1,1,'Siemens','Stück'),(91,90,173,385,3,'NH-Sicherung Gr.3 315A','3NA3352',173,3,1,1,'Siemens','Stück'),(91,91,174,386,4,'NH-Sicherung Gr.3 400A','3NA3360',174,3,1,1,'Siemens','Stück'),(91,92,179,387,50,'Aluminium-Klemmschelle 20','AKS-E Type 20',179,10,1,62,'Fränkische Rohrwerke','Stück'),(91,93,180,388,50,'Aluminium-Klemmschelle 32','AKS-E Type 32',180,10,1,62,'Fränkische Rohrwerke','Stück'),(91,94,181,389,25,'Aluminium-Klemmschelle 40','AKS-E Type 40',181,5,1,62,'Fränkische Rohrwerke','Stück'),(91,95,182,390,25,'Aluminium-Klemmschelle 50','AKS-E Type 50',182,5,1,62,'Fränkische Rohrwerke','Stück'),(91,96,183,391,25,'Aluminium-Abstandschelle 50','ASG-E Type 50',183,NULL,1,62,'Fränkische Rohrwerke','Stück'),(91,97,184,392,25,'Edelstahl-Abstandschelle V4 32','VSG-E  Type 32',184,5,1,62,'Fränkische Rohrwerke','Stück'),(91,98,185,393,10,'Edelstahl-Abstandschelle V4 50','VSG-E 50',185,5,1,62,'Fränkische Rohrwerke','Stück'),(91,125,235,404,2,'Lagerplatte','324 19 055 003',235,1,1,16,'Fein','Stück'),(91,126,233,402,5,'Schutzhaube 180mm','318 10 070 121',233,1,1,16,'Fein','Stück'),(91,127,236,405,7,'Antriebswelle M14','Pos.42',236,1,1,16,'Fein','Stück'),(91,128,237,406,3,'Flantsch','324 36 025 004',237,1,1,16,'Fein','Stück'),(91,129,238,400,5,'Hülse','Pos.62',238,1,1,16,'Fein','Stück'),(91,130,239,409,4,'Lagergehäuse','312 07 061 002',239,1,1,16,'Fein','Stück'),(91,131,240,410,3,'Läufer','335 08 030 011',240,1,1,16,'Fein','Stück'),(91,132,241,408,4,'Ventilationsflügel','Pos.66',241,1,1,16,'Fein','Stück'),(91,133,242,407,5,'Flügelgehäuse,43-265V','Pos.69',242,1,1,16,'Fein','Stück'),(91,134,243,432,6,'Motorgehäuse','Pos.1; 200 Hz; 265 V',243,1,1,16,'Fein','Stück'),(91,135,244,427,3,'Motorgehäuse','Pos.1; 300 Hz; 200 V',244,1,1,16,'Fein','Stück'),(91,136,247,430,1,'Kegelradgetriebe','43/31 Zähne; 200 Hz',247,1,1,16,'Fein','Stück'),(91,137,248,430,1,'Kegelradgetriebe','52/25 Zähne; 300 Hz',248,1,1,16,'Fein','Stück'),(91,138,249,430,1,'Kegelradgetriebe','49/18 Zähne; 300 Hz',249,1,1,16,'Fein','Stück'),(91,139,250,424,4,'Handgriff','Pos.92',250,1,1,16,'Fein','Stück'),(91,140,256,415,8,'Antriebswelle','Pos.320',256,1,1,16,'Fein','Stück'),(91,141,257,413,9,'Halslager','Pos.300',257,1,1,16,'Fein','Stück'),(91,142,259,414,6,'Anker','Pos.520',259,1,1,16,'Fein','Stück'),(91,143,260,401,4,'Motorgehäuse,43-265 V','Pos.10',260,1,1,16,'Fein','Stück'),(91,144,261,431,4,'Ständer mit Wicklung','Pos.20;200Hz; 265V',261,1,1,16,'Fein','Stück'),(91,145,262,428,4,'Ständer mit Wicklung','Pos.20;300Hz;200V',262,1,1,16,'Fein','Stück'),(91,146,264,411,5,'Zwischenlager','Pos.170',264,1,1,16,'Fein','Stück'),(91,147,265,416,6,'Hülse','Pos.510',265,1,1,16,'Fein','Stück'),(91,148,266,416,4,'Hülse','Pos.40',266,1,1,16,'Fein','Stück'),(91,153,143,336,5,'111111','11111',1111,1,3,9,'Bauer','Eimer'),(91,154,143,336,45,'111111','11111',1111,1,3,9,'Bauer','Eimer'),(91,155,143,336,11,'111111','11111',1111,1,3,9,'Bauer','Eimer'),(91,156,67,412,5,'Ring mit Ansatz','Pos.500',67,1,1,16,'Fein','Stück'),(91,158,271,337,2,'Spannzange 6 mm','9369837',271,1,1,7,'Demag','Stück'),(92,33,141,339,100,'Rohr-Abstandschellen,30-38 mm','733',141,NULL,1,60,'OBO (Bettermann)','Stück'),(92,34,139,338,100,'Rohr-Abstandschellen,24-29 mm','733/M25 PG 21',139,NULL,1,60,'OBO (Bettermann)','Stück'),(92,35,138,337,100,'Rohr-Abstandschellen,21-23 mm','733 PG 16',138,NULL,1,60,'OBO (Bettermann)','Stück'),(92,36,136,336,130,'Rohr-Abstandschellen,19-21 mm','733/M20',136,NULL,1,60,'OBO (Bettermann)','Stück'),(92,56,147,340,50,'Rohr-Abstandschellen,39-48 mm','733/M40 PG36',147,NULL,1,60,'OBO (Bettermann)','Stück'),(92,61,148,341,2,'Rohr-Abstandschellen,47-55 mm','5VC4895',148,NULL,1,61,'Kleinhuis','Stück'),(92,63,150,354,6,'NH-Sicherung Gr.000 16A','3NA3805',150,NULL,1,1,'Siemens','Stück'),(92,64,151,355,6,'NH-Sicherung Gr.000 20A','3NA3807',151,3,1,1,'Siemens','Stück'),(92,65,152,356,6,'NH-Sicherung Gr.000 25A','3NA3810',152,NULL,1,1,'Siemens','Stück'),(92,66,153,357,6,'NH-Sicherung Gr.000 35A','3NA3814',153,3,1,1,'Siemens','Stück'),(92,67,154,358,6,'NH-Sicherung Gr.000 50A','3NA3820',154,NULL,1,1,'Siemens','Stück'),(92,68,149,359,NULL,'NH-Sicherung Gr.000 63A','3NA3 822',149,3,1,1,'Siemens','Stück'),(92,69,155,360,6,'NH-Sicherung Gr.000 80A','3NA3824',155,NULL,1,1,'Siemens','Stück'),(92,70,156,361,6,'NH-Sicherung Gr.000 100A','3NA3830',156,NULL,1,1,'Siemens','Stück'),(92,71,157,362,NULL,'NH-Sicherung Gr.00 125A','3NA3832',157,NULL,1,1,'Siemens','Stück'),(92,72,158,363,6,'NH-Sicherung Gr.00 160A','3NA3836',158,NULL,1,1,'Siemens','Stück'),(92,74,160,364,15,'NH-Sicherung Gr.1 63A','3NA3122',160,3,1,1,'Siemens','Stück'),(92,75,161,365,4,'NH-Sicherung Gr.1 100A','3NA3130',161,NULL,1,1,'Siemens','Stück'),(92,76,162,366,6,'NH-Sicherung Gr.1 125A','3NA3132',162,3,1,1,'Siemens','Stück'),(92,77,163,367,11,'NH-Sicherung Gr.1 160A','3NA3136',163,3,1,1,'Siemens','Stück'),(92,78,178,368,4,'NH-Sicherung Gr.1 250A','3NA3144',178,3,1,1,'Siemens','Stück'),(92,79,165,369,1,'NH-Sicherung Gr.2 80A','3NA3224',165,3,1,1,'Siemens','Stück'),(92,81,176,378,6,'NH-Sicherung Gr.1 200A','3NA3140',176,3,1,1,'Siemens','Stück'),(92,82,166,370,4,'NH-Sicherung Gr.2 100A','3NA3230',166,3,1,1,'Siemens','Stück'),(92,83,167,371,9,'NH-Sicherung Gr.2 125A','3NA3232',167,3,1,1,'Siemens','Stück'),(92,84,168,372,3,'NH-Sicherung Gr.2 160A','3NA3236',168,3,1,1,'Siemens','Stück'),(92,85,169,373,3,'NH-Sicherung Gr.2 200A','3NA3240',169,3,1,1,'Siemens','Stück'),(92,86,170,374,9,'NH-Sicherung Gr.2 250A','3NA3244',170,3,1,1,'Siemens','Stück'),(92,87,175,382,12,'NH-Sicherung Gr.2 315A','2466151',175,3,1,1,'Siemens','Stück'),(92,88,171,383,4,'NH-Sicherung Gr.2 300A','3NA3250',171,3,1,1,'Siemens','Stück'),(92,89,172,384,4,'NH-Sicherung Gr.2 355A','3NA3254',172,3,1,1,'Siemens','Stück'),(92,90,173,385,3,'NH-Sicherung Gr.3 315A','3NA3352',173,3,1,1,'Siemens','Stück'),(92,91,174,386,4,'NH-Sicherung Gr.3 400A','3NA3360',174,3,1,1,'Siemens','Stück'),(92,92,179,387,50,'Aluminium-Klemmschelle 20','AKS-E Type 20',179,10,1,62,'Fränkische Rohrwerke','Stück'),(92,93,180,388,50,'Aluminium-Klemmschelle 32','AKS-E Type 32',180,10,1,62,'Fränkische Rohrwerke','Stück'),(92,94,181,389,25,'Aluminium-Klemmschelle 40','AKS-E Type 40',181,5,1,62,'Fränkische Rohrwerke','Stück'),(92,95,182,390,25,'Aluminium-Klemmschelle 50','AKS-E Type 50',182,5,1,62,'Fränkische Rohrwerke','Stück'),(92,96,183,391,25,'Aluminium-Abstandschelle 50','ASG-E Type 50',183,NULL,1,62,'Fränkische Rohrwerke','Stück'),(92,97,184,392,25,'Edelstahl-Abstandschelle V4 32','VSG-E  Type 32',184,5,1,62,'Fränkische Rohrwerke','Stück'),(92,98,185,393,10,'Edelstahl-Abstandschelle V4 50','VSG-E 50',185,5,1,62,'Fränkische Rohrwerke','Stück'),(92,153,143,336,5,'111111','11111',1111,1,3,9,'Bauer','Eimer'),(92,154,143,336,45,'111111','11111',1111,1,3,9,'Bauer','Eimer'),(92,155,143,336,11,'111111','11111',1111,1,3,9,'Bauer','Eimer'),(92,158,271,337,2,'Spannzange 6 mm','9369837',271,1,1,7,'Demag','Stück'),(93,33,141,339,100,'Rohr-Abstandschellen,30-38 mm','733',141,NULL,1,60,'OBO (Bettermann)','Stück'),(93,34,139,338,100,'Rohr-Abstandschellen,24-29 mm','733/M25 PG 21',139,NULL,1,60,'OBO (Bettermann)','Stück'),(93,35,138,337,100,'Rohr-Abstandschellen,21-23 mm','733 PG 16',138,NULL,1,60,'OBO (Bettermann)','Stück'),(93,36,136,336,130,'Rohr-Abstandschellen,19-21 mm','733/M20',136,NULL,1,60,'OBO (Bettermann)','Stück'),(93,56,147,340,50,'Rohr-Abstandschellen,39-48 mm','733/M40 PG36',147,NULL,1,60,'OBO (Bettermann)','Stück'),(93,61,148,341,2,'Rohr-Abstandschellen,47-55 mm','5VC4895',148,NULL,1,61,'Kleinhuis','Stück'),(93,63,150,354,6,'NH-Sicherung Gr.000 16A','3NA3805',150,NULL,1,1,'Siemens','Stück'),(93,64,151,355,6,'NH-Sicherung Gr.000 20A','3NA3807',151,3,1,1,'Siemens','Stück'),(93,65,152,356,6,'NH-Sicherung Gr.000 25A','3NA3810',152,NULL,1,1,'Siemens','Stück'),(93,66,153,357,6,'NH-Sicherung Gr.000 35A','3NA3814',153,3,1,1,'Siemens','Stück'),(93,67,154,358,6,'NH-Sicherung Gr.000 50A','3NA3820',154,NULL,1,1,'Siemens','Stück'),(93,68,149,359,NULL,'NH-Sicherung Gr.000 63A','3NA3 822',149,3,1,1,'Siemens','Stück'),(93,69,155,360,6,'NH-Sicherung Gr.000 80A','3NA3824',155,NULL,1,1,'Siemens','Stück'),(93,70,156,361,6,'NH-Sicherung Gr.000 100A','3NA3830',156,NULL,1,1,'Siemens','Stück'),(93,71,157,362,NULL,'NH-Sicherung Gr.00 125A','3NA3832',157,NULL,1,1,'Siemens','Stück'),(93,72,158,363,6,'NH-Sicherung Gr.00 160A','3NA3836',158,NULL,1,1,'Siemens','Stück'),(93,74,160,364,15,'NH-Sicherung Gr.1 63A','3NA3122',160,3,1,1,'Siemens','Stück'),(93,75,161,365,4,'NH-Sicherung Gr.1 100A','3NA3130',161,NULL,1,1,'Siemens','Stück'),(93,76,162,366,6,'NH-Sicherung Gr.1 125A','3NA3132',162,3,1,1,'Siemens','Stück'),(93,77,163,367,11,'NH-Sicherung Gr.1 160A','3NA3136',163,3,1,1,'Siemens','Stück'),(93,78,178,368,4,'NH-Sicherung Gr.1 250A','3NA3144',178,3,1,1,'Siemens','Stück'),(93,79,165,369,1,'NH-Sicherung Gr.2 80A','3NA3224',165,3,1,1,'Siemens','Stück'),(93,81,176,378,6,'NH-Sicherung Gr.1 200A','3NA3140',176,3,1,1,'Siemens','Stück'),(93,82,166,370,4,'NH-Sicherung Gr.2 100A','3NA3230',166,3,1,1,'Siemens','Stück'),(93,83,167,371,9,'NH-Sicherung Gr.2 125A','3NA3232',167,3,1,1,'Siemens','Stück'),(93,84,168,372,3,'NH-Sicherung Gr.2 160A','3NA3236',168,3,1,1,'Siemens','Stück'),(93,85,169,373,3,'NH-Sicherung Gr.2 200A','3NA3240',169,3,1,1,'Siemens','Stück'),(93,86,170,374,9,'NH-Sicherung Gr.2 250A','3NA3244',170,3,1,1,'Siemens','Stück'),(93,87,175,382,12,'NH-Sicherung Gr.2 315A','2466151',175,3,1,1,'Siemens','Stück'),(93,88,171,383,4,'NH-Sicherung Gr.2 300A','3NA3250',171,3,1,1,'Siemens','Stück'),(93,89,172,384,4,'NH-Sicherung Gr.2 355A','3NA3254',172,3,1,1,'Siemens','Stück'),(93,90,173,385,3,'NH-Sicherung Gr.3 315A','3NA3352',173,3,1,1,'Siemens','Stück'),(93,91,174,386,4,'NH-Sicherung Gr.3 400A','3NA3360',174,3,1,1,'Siemens','Stück'),(93,92,179,387,50,'Aluminium-Klemmschelle 20','AKS-E Type 20',179,10,1,62,'Fränkische Rohrwerke','Stück'),(93,93,180,388,50,'Aluminium-Klemmschelle 32','AKS-E Type 32',180,10,1,62,'Fränkische Rohrwerke','Stück'),(93,94,181,389,25,'Aluminium-Klemmschelle 40','AKS-E Type 40',181,5,1,62,'Fränkische Rohrwerke','Stück'),(93,95,182,390,25,'Aluminium-Klemmschelle 50','AKS-E Type 50',182,5,1,62,'Fränkische Rohrwerke','Stück'),(93,96,183,391,25,'Aluminium-Abstandschelle 50','ASG-E Type 50',183,NULL,1,62,'Fränkische Rohrwerke','Stück'),(93,97,184,392,25,'Edelstahl-Abstandschelle V4 32','VSG-E  Type 32',184,5,1,62,'Fränkische Rohrwerke','Stück'),(93,98,185,393,10,'Edelstahl-Abstandschelle V4 50','VSG-E 50',185,5,1,62,'Fränkische Rohrwerke','Stück'),(94,33,141,339,100,'Rohr-Abstandschellen,30-38 mm','733',141,NULL,1,60,'OBO (Bettermann)','Stück'),(94,34,139,338,100,'Rohr-Abstandschellen,24-29 mm','733/M25 PG 21',139,NULL,1,60,'OBO (Bettermann)','Stück'),(94,35,138,337,100,'Rohr-Abstandschellen,21-23 mm','733 PG 16',138,NULL,1,60,'OBO (Bettermann)','Stück'),(94,36,136,336,130,'Rohr-Abstandschellen,19-21 mm','733/M20',136,NULL,1,60,'OBO (Bettermann)','Stück'),(94,56,147,340,50,'Rohr-Abstandschellen,39-48 mm','733/M40 PG36',147,NULL,1,60,'OBO (Bettermann)','Stück'),(94,61,148,341,2,'Rohr-Abstandschellen,47-55 mm','5VC4895',148,NULL,1,61,'Kleinhuis','Stück'),(94,63,150,354,6,'NH-Sicherung Gr.000 16A','3NA3805',150,NULL,1,1,'Siemens','Stück'),(94,64,151,355,6,'NH-Sicherung Gr.000 20A','3NA3807',151,3,1,1,'Siemens','Stück'),(94,65,152,356,6,'NH-Sicherung Gr.000 25A','3NA3810',152,NULL,1,1,'Siemens','Stück'),(94,66,153,357,6,'NH-Sicherung Gr.000 35A','3NA3814',153,3,1,1,'Siemens','Stück'),(94,67,154,358,6,'NH-Sicherung Gr.000 50A','3NA3820',154,NULL,1,1,'Siemens','Stück'),(94,68,149,359,NULL,'NH-Sicherung Gr.000 63A','3NA3 822',149,3,1,1,'Siemens','Stück'),(94,69,155,360,6,'NH-Sicherung Gr.000 80A','3NA3824',155,NULL,1,1,'Siemens','Stück'),(94,70,156,361,6,'NH-Sicherung Gr.000 100A','3NA3830',156,NULL,1,1,'Siemens','Stück'),(94,71,157,362,NULL,'NH-Sicherung Gr.00 125A','3NA3832',157,NULL,1,1,'Siemens','Stück'),(94,72,158,363,6,'NH-Sicherung Gr.00 160A','3NA3836',158,NULL,1,1,'Siemens','Stück'),(94,74,160,364,15,'NH-Sicherung Gr.1 63A','3NA3122',160,3,1,1,'Siemens','Stück'),(94,75,161,365,4,'NH-Sicherung Gr.1 100A','3NA3130',161,NULL,1,1,'Siemens','Stück'),(94,76,162,366,6,'NH-Sicherung Gr.1 125A','3NA3132',162,3,1,1,'Siemens','Stück'),(94,77,163,367,11,'NH-Sicherung Gr.1 160A','3NA3136',163,3,1,1,'Siemens','Stück'),(94,78,178,368,4,'NH-Sicherung Gr.1 250A','3NA3144',178,3,1,1,'Siemens','Stück'),(94,79,165,369,1,'NH-Sicherung Gr.2 80A','3NA3224',165,3,1,1,'Siemens','Stück'),(94,81,176,378,6,'NH-Sicherung Gr.1 200A','3NA3140',176,3,1,1,'Siemens','Stück'),(94,82,166,370,4,'NH-Sicherung Gr.2 100A','3NA3230',166,3,1,1,'Siemens','Stück'),(94,83,167,371,9,'NH-Sicherung Gr.2 125A','3NA3232',167,3,1,1,'Siemens','Stück'),(94,84,168,372,3,'NH-Sicherung Gr.2 160A','3NA3236',168,3,1,1,'Siemens','Stück'),(94,85,169,373,3,'NH-Sicherung Gr.2 200A','3NA3240',169,3,1,1,'Siemens','Stück'),(94,86,170,374,9,'NH-Sicherung Gr.2 250A','3NA3244',170,3,1,1,'Siemens','Stück'),(94,87,175,382,12,'NH-Sicherung Gr.2 315A','2466151',175,3,1,1,'Siemens','Stück'),(94,88,171,383,4,'NH-Sicherung Gr.2 300A','3NA3250',171,3,1,1,'Siemens','Stück'),(94,89,172,384,4,'NH-Sicherung Gr.2 355A','3NA3254',172,3,1,1,'Siemens','Stück'),(94,90,173,385,3,'NH-Sicherung Gr.3 315A','3NA3352',173,3,1,1,'Siemens','Stück'),(94,91,174,386,4,'NH-Sicherung Gr.3 400A','3NA3360',174,3,1,1,'Siemens','Stück'),(94,92,179,387,50,'Aluminium-Klemmschelle 20','AKS-E Type 20',179,10,1,62,'Fränkische Rohrwerke','Stück'),(94,93,180,388,50,'Aluminium-Klemmschelle 32','AKS-E Type 32',180,10,1,62,'Fränkische Rohrwerke','Stück'),(94,94,181,389,25,'Aluminium-Klemmschelle 40','AKS-E Type 40',181,5,1,62,'Fränkische Rohrwerke','Stück'),(94,95,182,390,25,'Aluminium-Klemmschelle 50','AKS-E Type 50',182,5,1,62,'Fränkische Rohrwerke','Stück'),(94,96,183,391,25,'Aluminium-Abstandschelle 50','ASG-E Type 50',183,NULL,1,62,'Fränkische Rohrwerke','Stück'),(94,97,184,392,25,'Edelstahl-Abstandschelle V4 32','VSG-E  Type 32',184,5,1,62,'Fränkische Rohrwerke','Stück'),(94,98,185,393,10,'Edelstahl-Abstandschelle V4 50','VSG-E 50',185,5,1,62,'Fränkische Rohrwerke','Stück'),(94,125,235,404,2,'Lagerplatte','324 19 055 003',235,1,1,16,'Fein','Stück'),(94,126,233,402,5,'Schutzhaube 180mm','318 10 070 121',233,1,1,16,'Fein','Stück'),(94,127,236,405,7,'Antriebswelle M14','Pos.42',236,1,1,16,'Fein','Stück'),(94,128,237,406,3,'Flantsch','324 36 025 004',237,1,1,16,'Fein','Stück'),(94,129,238,400,5,'Hülse','Pos.62',238,1,1,16,'Fein','Stück'),(94,130,239,409,4,'Lagergehäuse','312 07 061 002',239,1,1,16,'Fein','Stück'),(94,131,240,410,3,'Läufer','335 08 030 011',240,1,1,16,'Fein','Stück'),(94,132,241,408,4,'Ventilationsflügel','Pos.66',241,1,1,16,'Fein','Stück'),(94,133,242,407,5,'Flügelgehäuse,43-265V','Pos.69',242,1,1,16,'Fein','Stück'),(94,134,243,432,6,'Motorgehäuse','Pos.1; 200 Hz; 265 V',243,1,1,16,'Fein','Stück'),(94,135,244,427,3,'Motorgehäuse','Pos.1; 300 Hz; 200 V',244,1,1,16,'Fein','Stück'),(94,136,247,430,1,'Kegelradgetriebe','43/31 Zähne; 200 Hz',247,1,1,16,'Fein','Stück'),(94,137,248,430,1,'Kegelradgetriebe','52/25 Zähne; 300 Hz',248,1,1,16,'Fein','Stück'),(94,138,249,430,1,'Kegelradgetriebe','49/18 Zähne; 300 Hz',249,1,1,16,'Fein','Stück'),(94,139,250,424,4,'Handgriff','Pos.92',250,1,1,16,'Fein','Stück'),(94,140,256,415,8,'Antriebswelle','Pos.320',256,1,1,16,'Fein','Stück'),(94,141,257,413,9,'Halslager','Pos.300',257,1,1,16,'Fein','Stück'),(94,142,259,414,6,'Anker','Pos.520',259,1,1,16,'Fein','Stück'),(94,143,260,401,4,'Motorgehäuse,43-265 V','Pos.10',260,1,1,16,'Fein','Stück'),(94,144,261,431,4,'Ständer mit Wicklung','Pos.20;200Hz; 265V',261,1,1,16,'Fein','Stück'),(94,145,262,428,4,'Ständer mit Wicklung','Pos.20;300Hz;200V',262,1,1,16,'Fein','Stück'),(94,146,264,411,5,'Zwischenlager','Pos.170',264,1,1,16,'Fein','Stück'),(94,147,265,416,6,'Hülse','Pos.510',265,1,1,16,'Fein','Stück'),(94,148,266,416,4,'Hülse','Pos.40',266,1,1,16,'Fein','Stück'),(94,156,67,412,5,'Ring mit Ansatz','Pos.500',67,1,1,16,'Fein','Stück'),(95,33,141,339,100,'Rohr-Abstandschellen,30-38 mm','733',141,NULL,1,60,'OBO (Bettermann)','Stück'),(95,34,139,338,100,'Rohr-Abstandschellen,24-29 mm','733/M25 PG 21',139,NULL,1,60,'OBO (Bettermann)','Stück'),(95,35,138,337,100,'Rohr-Abstandschellen,21-23 mm','733 PG 16',138,NULL,1,60,'OBO (Bettermann)','Stück'),(95,36,136,336,130,'Rohr-Abstandschellen,19-21 mm','733/M20',136,NULL,1,60,'OBO (Bettermann)','Stück'),(95,56,147,340,50,'Rohr-Abstandschellen,39-48 mm','733/M40 PG36',147,NULL,1,60,'OBO (Bettermann)','Stück'),(95,61,148,341,2,'Rohr-Abstandschellen,47-55 mm','5VC4895',148,NULL,1,61,'Kleinhuis','Stück'),(95,63,150,354,6,'NH-Sicherung Gr.000 16A','3NA3805',150,NULL,1,1,'Siemens','Stück'),(95,64,151,355,6,'NH-Sicherung Gr.000 20A','3NA3807',151,3,1,1,'Siemens','Stück'),(95,65,152,356,6,'NH-Sicherung Gr.000 25A','3NA3810',152,NULL,1,1,'Siemens','Stück'),(95,66,153,357,6,'NH-Sicherung Gr.000 35A','3NA3814',153,3,1,1,'Siemens','Stück'),(95,67,154,358,6,'NH-Sicherung Gr.000 50A','3NA3820',154,NULL,1,1,'Siemens','Stück'),(95,68,149,359,NULL,'NH-Sicherung Gr.000 63A','3NA3 822',149,3,1,1,'Siemens','Stück'),(95,69,155,360,6,'NH-Sicherung Gr.000 80A','3NA3824',155,NULL,1,1,'Siemens','Stück'),(95,70,156,361,6,'NH-Sicherung Gr.000 100A','3NA3830',156,NULL,1,1,'Siemens','Stück'),(95,71,157,362,NULL,'NH-Sicherung Gr.00 125A','3NA3832',157,NULL,1,1,'Siemens','Stück'),(95,72,158,363,6,'NH-Sicherung Gr.00 160A','3NA3836',158,NULL,1,1,'Siemens','Stück'),(95,74,160,364,15,'NH-Sicherung Gr.1 63A','3NA3122',160,3,1,1,'Siemens','Stück'),(95,75,161,365,4,'NH-Sicherung Gr.1 100A','3NA3130',161,NULL,1,1,'Siemens','Stück'),(95,76,162,366,6,'NH-Sicherung Gr.1 125A','3NA3132',162,3,1,1,'Siemens','Stück'),(95,77,163,367,11,'NH-Sicherung Gr.1 160A','3NA3136',163,3,1,1,'Siemens','Stück'),(95,78,178,368,4,'NH-Sicherung Gr.1 250A','3NA3144',178,3,1,1,'Siemens','Stück'),(95,79,165,369,1,'NH-Sicherung Gr.2 80A','3NA3224',165,3,1,1,'Siemens','Stück'),(95,81,176,378,6,'NH-Sicherung Gr.1 200A','3NA3140',176,3,1,1,'Siemens','Stück'),(95,82,166,370,4,'NH-Sicherung Gr.2 100A','3NA3230',166,3,1,1,'Siemens','Stück'),(95,83,167,371,9,'NH-Sicherung Gr.2 125A','3NA3232',167,3,1,1,'Siemens','Stück'),(95,84,168,372,3,'NH-Sicherung Gr.2 160A','3NA3236',168,3,1,1,'Siemens','Stück'),(95,85,169,373,3,'NH-Sicherung Gr.2 200A','3NA3240',169,3,1,1,'Siemens','Stück'),(95,86,170,374,9,'NH-Sicherung Gr.2 250A','3NA3244',170,3,1,1,'Siemens','Stück'),(95,87,175,382,12,'NH-Sicherung Gr.2 315A','2466151',175,3,1,1,'Siemens','Stück'),(95,88,171,383,4,'NH-Sicherung Gr.2 300A','3NA3250',171,3,1,1,'Siemens','Stück'),(95,89,172,384,4,'NH-Sicherung Gr.2 355A','3NA3254',172,3,1,1,'Siemens','Stück'),(95,90,173,385,3,'NH-Sicherung Gr.3 315A','3NA3352',173,3,1,1,'Siemens','Stück'),(95,91,174,386,4,'NH-Sicherung Gr.3 400A','3NA3360',174,3,1,1,'Siemens','Stück'),(95,92,179,387,50,'Aluminium-Klemmschelle 20','AKS-E Type 20',179,10,1,62,'Fränkische Rohrwerke','Stück'),(95,93,180,388,50,'Aluminium-Klemmschelle 32','AKS-E Type 32',180,10,1,62,'Fränkische Rohrwerke','Stück'),(95,94,181,389,25,'Aluminium-Klemmschelle 40','AKS-E Type 40',181,5,1,62,'Fränkische Rohrwerke','Stück'),(95,95,182,390,25,'Aluminium-Klemmschelle 50','AKS-E Type 50',182,5,1,62,'Fränkische Rohrwerke','Stück'),(95,96,183,391,25,'Aluminium-Abstandschelle 50','ASG-E Type 50',183,NULL,1,62,'Fränkische Rohrwerke','Stück'),(95,97,184,392,25,'Edelstahl-Abstandschelle V4 32','VSG-E  Type 32',184,5,1,62,'Fränkische Rohrwerke','Stück'),(95,98,185,393,10,'Edelstahl-Abstandschelle V4 50','VSG-E 50',185,5,1,62,'Fränkische Rohrwerke','Stück'),(95,125,235,404,2,'Lagerplatte','324 19 055 003',235,1,1,16,'Fein','Stück'),(95,126,233,402,5,'Schutzhaube 180mm','318 10 070 121',233,1,1,16,'Fein','Stück'),(95,127,236,405,7,'Antriebswelle M14','Pos.42',236,1,1,16,'Fein','Stück'),(95,128,237,406,3,'Flantsch','324 36 025 004',237,1,1,16,'Fein','Stück'),(95,129,238,400,5,'Hülse','Pos.62',238,1,1,16,'Fein','Stück'),(95,130,239,409,4,'Lagergehäuse','312 07 061 002',239,1,1,16,'Fein','Stück'),(95,131,240,410,3,'Läufer','335 08 030 011',240,1,1,16,'Fein','Stück'),(95,132,241,408,4,'Ventilationsflügel','Pos.66',241,1,1,16,'Fein','Stück'),(95,133,242,407,5,'Flügelgehäuse,43-265V','Pos.69',242,1,1,16,'Fein','Stück'),(95,134,243,432,6,'Motorgehäuse','Pos.1; 200 Hz; 265 V',243,1,1,16,'Fein','Stück'),(95,135,244,427,3,'Motorgehäuse','Pos.1; 300 Hz; 200 V',244,1,1,16,'Fein','Stück'),(95,136,247,430,1,'Kegelradgetriebe','43/31 Zähne; 200 Hz',247,1,1,16,'Fein','Stück'),(95,137,248,430,1,'Kegelradgetriebe','52/25 Zähne; 300 Hz',248,1,1,16,'Fein','Stück'),(95,138,249,430,1,'Kegelradgetriebe','49/18 Zähne; 300 Hz',249,1,1,16,'Fein','Stück'),(95,139,250,424,4,'Handgriff','Pos.92',250,1,1,16,'Fein','Stück'),(95,140,256,415,8,'Antriebswelle','Pos.320',256,1,1,16,'Fein','Stück'),(95,141,257,413,9,'Halslager','Pos.300',257,1,1,16,'Fein','Stück'),(95,142,259,414,6,'Anker','Pos.520',259,1,1,16,'Fein','Stück'),(95,143,260,401,4,'Motorgehäuse,43-265 V','Pos.10',260,1,1,16,'Fein','Stück'),(95,144,261,431,4,'Ständer mit Wicklung','Pos.20;200Hz; 265V',261,1,1,16,'Fein','Stück'),(95,145,262,428,4,'Ständer mit Wicklung','Pos.20;300Hz;200V',262,1,1,16,'Fein','Stück'),(95,146,264,411,5,'Zwischenlager','Pos.170',264,1,1,16,'Fein','Stück'),(95,147,265,416,6,'Hülse','Pos.510',265,1,1,16,'Fein','Stück'),(95,148,266,416,4,'Hülse','Pos.40',266,1,1,16,'Fein','Stück'),(95,156,67,412,5,'Ring mit Ansatz','Pos.500',67,1,1,16,'Fein','Stück'),(103,33,141,339,100,'Rohr-Abstandschellen,30-38 mm','733',141,NULL,1,60,'OBO (Bettermann)','Stück'),(103,34,139,338,100,'Rohr-Abstandschellen,24-29 mm','733/M25 PG 21',139,NULL,1,60,'OBO (Bettermann)','Stück'),(103,35,138,337,100,'Rohr-Abstandschellen,21-23 mm','733 PG 16',138,NULL,1,60,'OBO (Bettermann)','Stück'),(103,36,136,336,130,'Rohr-Abstandschellen,19-21 mm','733/M20',136,NULL,1,60,'OBO (Bettermann)','Stück'),(103,56,147,340,50,'Rohr-Abstandschellen,39-48 mm','733/M40 PG36',147,NULL,1,60,'OBO (Bettermann)','Stück'),(103,61,148,341,2,'Rohr-Abstandschellen,47-55 mm','5VC4895',148,NULL,1,61,'Kleinhuis','Stück'),(103,63,150,354,6,'NH-Sicherung Gr.000 16A','3NA3805',150,NULL,1,1,'Siemens','Stück'),(103,64,151,355,6,'NH-Sicherung Gr.000 20A','3NA3807',151,3,1,1,'Siemens','Stück'),(103,65,152,356,6,'NH-Sicherung Gr.000 25A','3NA3810',152,NULL,1,1,'Siemens','Stück'),(103,66,153,357,6,'NH-Sicherung Gr.000 35A','3NA3814',153,3,1,1,'Siemens','Stück'),(103,67,154,358,6,'NH-Sicherung Gr.000 50A','3NA3820',154,NULL,1,1,'Siemens','Stück'),(103,68,149,359,NULL,'NH-Sicherung Gr.000 63A','3NA3 822',149,3,1,1,'Siemens','Stück'),(103,69,155,360,6,'NH-Sicherung Gr.000 80A','3NA3824',155,NULL,1,1,'Siemens','Stück'),(103,70,156,361,6,'NH-Sicherung Gr.000 100A','3NA3830',156,NULL,1,1,'Siemens','Stück'),(103,71,157,362,NULL,'NH-Sicherung Gr.00 125A','3NA3832',157,NULL,1,1,'Siemens','Stück'),(103,72,158,363,6,'NH-Sicherung Gr.00 160A','3NA3836',158,NULL,1,1,'Siemens','Stück'),(103,74,160,364,15,'NH-Sicherung Gr.1 63A','3NA3122',160,3,1,1,'Siemens','Stück'),(103,75,161,365,4,'NH-Sicherung Gr.1 100A','3NA3130',161,NULL,1,1,'Siemens','Stück'),(103,76,162,366,6,'NH-Sicherung Gr.1 125A','3NA3132',162,3,1,1,'Siemens','Stück'),(103,77,163,367,11,'NH-Sicherung Gr.1 160A','3NA3136',163,3,1,1,'Siemens','Stück'),(103,78,178,368,4,'NH-Sicherung Gr.1 250A','3NA3144',178,3,1,1,'Siemens','Stück'),(103,79,165,369,1,'NH-Sicherung Gr.2 80A','3NA3224',165,3,1,1,'Siemens','Stück'),(103,81,176,378,6,'NH-Sicherung Gr.1 200A','3NA3140',176,3,1,1,'Siemens','Stück'),(103,82,166,370,4,'NH-Sicherung Gr.2 100A','3NA3230',166,3,1,1,'Siemens','Stück'),(103,83,167,371,9,'NH-Sicherung Gr.2 125A','3NA3232',167,3,1,1,'Siemens','Stück'),(103,84,168,372,3,'NH-Sicherung Gr.2 160A','3NA3236',168,3,1,1,'Siemens','Stück'),(103,85,169,373,3,'NH-Sicherung Gr.2 200A','3NA3240',169,3,1,1,'Siemens','Stück'),(103,86,170,374,9,'NH-Sicherung Gr.2 250A','3NA3244',170,3,1,1,'Siemens','Stück'),(103,87,175,382,12,'NH-Sicherung Gr.2 315A','2466151',175,3,1,1,'Siemens','Stück'),(103,88,171,383,4,'NH-Sicherung Gr.2 300A','3NA3250',171,3,1,1,'Siemens','Stück'),(103,89,172,384,4,'NH-Sicherung Gr.2 355A','3NA3254',172,3,1,1,'Siemens','Stück'),(103,90,173,385,3,'NH-Sicherung Gr.3 315A','3NA3352',173,3,1,1,'Siemens','Stück'),(103,91,174,386,4,'NH-Sicherung Gr.3 400A','3NA3360',174,3,1,1,'Siemens','Stück'),(103,92,179,387,50,'Aluminium-Klemmschelle 20','AKS-E Type 20',179,10,1,62,'Fränkische Rohrwerke','Stück'),(103,93,180,388,50,'Aluminium-Klemmschelle 32','AKS-E Type 32',180,10,1,62,'Fränkische Rohrwerke','Stück'),(103,94,181,389,25,'Aluminium-Klemmschelle 40','AKS-E Type 40',181,5,1,62,'Fränkische Rohrwerke','Stück'),(103,95,182,390,25,'Aluminium-Klemmschelle 50','AKS-E Type 50',182,5,1,62,'Fränkische Rohrwerke','Stück'),(103,96,183,391,25,'Aluminium-Abstandschelle 50','ASG-E Type 50',183,NULL,1,62,'Fränkische Rohrwerke','Stück'),(103,97,184,392,25,'Edelstahl-Abstandschelle V4 32','VSG-E  Type 32',184,5,1,62,'Fränkische Rohrwerke','Stück'),(103,98,185,393,10,'Edelstahl-Abstandschelle V4 50','VSG-E 50',185,5,1,62,'Fränkische Rohrwerke','Stück'),(103,125,235,404,2,'Lagerplatte','324 19 055 003',235,1,1,16,'Fein','Stück'),(103,126,233,402,5,'Schutzhaube 180mm','318 10 070 121',233,1,1,16,'Fein','Stück'),(103,127,236,405,7,'Antriebswelle M14','Pos.42',236,1,1,16,'Fein','Stück'),(103,128,237,406,3,'Flantsch','324 36 025 004',237,1,1,16,'Fein','Stück'),(103,129,238,400,5,'Hülse','Pos.62',238,1,1,16,'Fein','Stück'),(103,130,239,409,4,'Lagergehäuse','312 07 061 002',239,1,1,16,'Fein','Stück'),(103,131,240,410,3,'Läufer','335 08 030 011',240,1,1,16,'Fein','Stück'),(103,132,241,408,4,'Ventilationsflügel','Pos.66',241,1,1,16,'Fein','Stück'),(103,133,242,407,5,'Flügelgehäuse,43-265V','Pos.69',242,1,1,16,'Fein','Stück'),(103,134,243,432,6,'Motorgehäuse','Pos.1; 200 Hz; 265 V',243,1,1,16,'Fein','Stück'),(103,135,244,427,3,'Motorgehäuse','Pos.1; 300 Hz; 200 V',244,1,1,16,'Fein','Stück'),(103,136,247,430,1,'Kegelradgetriebe','43/31 Zähne; 200 Hz',247,1,1,16,'Fein','Stück'),(103,137,248,430,1,'Kegelradgetriebe','52/25 Zähne; 300 Hz',248,1,1,16,'Fein','Stück'),(103,138,249,430,1,'Kegelradgetriebe','49/18 Zähne; 300 Hz',249,1,1,16,'Fein','Stück'),(103,139,250,424,4,'Handgriff','Pos.92',250,1,1,16,'Fein','Stück'),(103,140,256,415,8,'Antriebswelle','Pos.320',256,1,1,16,'Fein','Stück'),(103,141,257,413,9,'Halslager','Pos.300',257,1,1,16,'Fein','Stück'),(103,142,259,414,6,'Anker','Pos.520',259,1,1,16,'Fein','Stück'),(103,143,260,401,4,'Motorgehäuse,43-265 V','Pos.10',260,1,1,16,'Fein','Stück'),(103,144,261,431,4,'Ständer mit Wicklung','Pos.20;200Hz; 265V',261,1,1,16,'Fein','Stück'),(103,145,262,428,4,'Ständer mit Wicklung','Pos.20;300Hz;200V',262,1,1,16,'Fein','Stück'),(103,146,264,411,5,'Zwischenlager','Pos.170',264,1,1,16,'Fein','Stück'),(103,147,265,416,6,'Hülse','Pos.510',265,1,1,16,'Fein','Stück'),(103,148,266,416,4,'Hülse','Pos.40',266,1,1,16,'Fein','Stück'),(103,156,67,412,5,'Ring mit Ansatz','Pos.500',67,1,1,16,'Fein','Stück'),(105,33,141,339,100,'Rohr-Abstandschellen,30-38 mm','733',141,NULL,1,60,'OBO (Bettermann)','Stück'),(105,34,139,338,100,'Rohr-Abstandschellen,24-29 mm','733/M25 PG 21',139,NULL,1,60,'OBO (Bettermann)','Stück'),(105,35,138,337,100,'Rohr-Abstandschellen,21-23 mm','733 PG 16',138,NULL,1,60,'OBO (Bettermann)','Stück'),(105,36,136,336,130,'Rohr-Abstandschellen,19-21 mm','733/M20',136,NULL,1,60,'OBO (Bettermann)','Stück'),(105,56,147,340,50,'Rohr-Abstandschellen,39-48 mm','733/M40 PG36',147,NULL,1,60,'OBO (Bettermann)','Stück'),(105,61,148,341,2,'Rohr-Abstandschellen,47-55 mm','5VC4895',148,NULL,1,61,'Kleinhuis','Stück'),(105,63,150,354,6,'NH-Sicherung Gr.000 16A','3NA3805',150,NULL,1,1,'Siemens','Stück'),(105,64,151,355,6,'NH-Sicherung Gr.000 20A','3NA3807',151,3,1,1,'Siemens','Stück'),(105,65,152,356,6,'NH-Sicherung Gr.000 25A','3NA3810',152,NULL,1,1,'Siemens','Stück'),(105,66,153,357,6,'NH-Sicherung Gr.000 35A','3NA3814',153,3,1,1,'Siemens','Stück'),(105,67,154,358,6,'NH-Sicherung Gr.000 50A','3NA3820',154,NULL,1,1,'Siemens','Stück'),(105,68,149,359,NULL,'NH-Sicherung Gr.000 63A','3NA3 822',149,3,1,1,'Siemens','Stück'),(105,69,155,360,6,'NH-Sicherung Gr.000 80A','3NA3824',155,NULL,1,1,'Siemens','Stück'),(105,70,156,361,6,'NH-Sicherung Gr.000 100A','3NA3830',156,NULL,1,1,'Siemens','Stück'),(105,71,157,362,NULL,'NH-Sicherung Gr.00 125A','3NA3832',157,NULL,1,1,'Siemens','Stück'),(105,72,158,363,6,'NH-Sicherung Gr.00 160A','3NA3836',158,NULL,1,1,'Siemens','Stück'),(105,74,160,364,15,'NH-Sicherung Gr.1 63A','3NA3122',160,3,1,1,'Siemens','Stück'),(105,75,161,365,4,'NH-Sicherung Gr.1 100A','3NA3130',161,NULL,1,1,'Siemens','Stück'),(105,76,162,366,6,'NH-Sicherung Gr.1 125A','3NA3132',162,3,1,1,'Siemens','Stück'),(105,77,163,367,11,'NH-Sicherung Gr.1 160A','3NA3136',163,3,1,1,'Siemens','Stück'),(105,78,178,368,4,'NH-Sicherung Gr.1 250A','3NA3144',178,3,1,1,'Siemens','Stück'),(105,79,165,369,1,'NH-Sicherung Gr.2 80A','3NA3224',165,3,1,1,'Siemens','Stück'),(105,81,176,378,6,'NH-Sicherung Gr.1 200A','3NA3140',176,3,1,1,'Siemens','Stück'),(105,82,166,370,4,'NH-Sicherung Gr.2 100A','3NA3230',166,3,1,1,'Siemens','Stück'),(105,83,167,371,9,'NH-Sicherung Gr.2 125A','3NA3232',167,3,1,1,'Siemens','Stück'),(105,84,168,372,3,'NH-Sicherung Gr.2 160A','3NA3236',168,3,1,1,'Siemens','Stück'),(105,85,169,373,3,'NH-Sicherung Gr.2 200A','3NA3240',169,3,1,1,'Siemens','Stück'),(105,86,170,374,9,'NH-Sicherung Gr.2 250A','3NA3244',170,3,1,1,'Siemens','Stück'),(105,87,175,382,12,'NH-Sicherung Gr.2 315A','2466151',175,3,1,1,'Siemens','Stück'),(105,88,171,383,4,'NH-Sicherung Gr.2 300A','3NA3250',171,3,1,1,'Siemens','Stück'),(105,89,172,384,4,'NH-Sicherung Gr.2 355A','3NA3254',172,3,1,1,'Siemens','Stück'),(105,90,173,385,3,'NH-Sicherung Gr.3 315A','3NA3352',173,3,1,1,'Siemens','Stück'),(105,91,174,386,4,'NH-Sicherung Gr.3 400A','3NA3360',174,3,1,1,'Siemens','Stück'),(105,92,179,387,50,'Aluminium-Klemmschelle 20','AKS-E Type 20',179,10,1,62,'Fränkische Rohrwerke','Stück'),(105,93,180,388,50,'Aluminium-Klemmschelle 32','AKS-E Type 32',180,10,1,62,'Fränkische Rohrwerke','Stück'),(105,94,181,389,25,'Aluminium-Klemmschelle 40','AKS-E Type 40',181,5,1,62,'Fränkische Rohrwerke','Stück'),(105,95,182,390,25,'Aluminium-Klemmschelle 50','AKS-E Type 50',182,5,1,62,'Fränkische Rohrwerke','Stück'),(105,96,183,391,25,'Aluminium-Abstandschelle 50','ASG-E Type 50',183,NULL,1,62,'Fränkische Rohrwerke','Stück'),(105,97,184,392,25,'Edelstahl-Abstandschelle V4 32','VSG-E  Type 32',184,5,1,62,'Fränkische Rohrwerke','Stück'),(105,98,185,393,10,'Edelstahl-Abstandschelle V4 50','VSG-E 50',185,5,1,62,'Fränkische Rohrwerke','Stück'),(105,125,235,404,2,'Lagerplatte','324 19 055 003',235,1,1,16,'Fein','Stück'),(105,126,233,402,5,'Schutzhaube 180mm','318 10 070 121',233,1,1,16,'Fein','Stück'),(105,127,236,405,7,'Antriebswelle M14','Pos.42',236,1,1,16,'Fein','Stück'),(105,128,237,406,3,'Flantsch','324 36 025 004',237,1,1,16,'Fein','Stück'),(105,129,238,400,5,'Hülse','Pos.62',238,1,1,16,'Fein','Stück'),(105,130,239,409,4,'Lagergehäuse','312 07 061 002',239,1,1,16,'Fein','Stück'),(105,131,240,410,3,'Läufer','335 08 030 011',240,1,1,16,'Fein','Stück'),(105,132,241,408,4,'Ventilationsflügel','Pos.66',241,1,1,16,'Fein','Stück'),(105,133,242,407,5,'Flügelgehäuse,43-265V','Pos.69',242,1,1,16,'Fein','Stück'),(105,134,243,432,6,'Motorgehäuse','Pos.1; 200 Hz; 265 V',243,1,1,16,'Fein','Stück'),(105,135,244,427,3,'Motorgehäuse','Pos.1; 300 Hz; 200 V',244,1,1,16,'Fein','Stück'),(105,136,247,430,1,'Kegelradgetriebe','43/31 Zähne; 200 Hz',247,1,1,16,'Fein','Stück'),(105,137,248,430,1,'Kegelradgetriebe','52/25 Zähne; 300 Hz',248,1,1,16,'Fein','Stück'),(105,138,249,430,1,'Kegelradgetriebe','49/18 Zähne; 300 Hz',249,1,1,16,'Fein','Stück'),(105,139,250,424,4,'Handgriff','Pos.92',250,1,1,16,'Fein','Stück'),(105,140,256,415,8,'Antriebswelle','Pos.320',256,1,1,16,'Fein','Stück'),(105,141,257,413,9,'Halslager','Pos.300',257,1,1,16,'Fein','Stück'),(105,142,259,414,6,'Anker','Pos.520',259,1,1,16,'Fein','Stück'),(105,143,260,401,4,'Motorgehäuse,43-265 V','Pos.10',260,1,1,16,'Fein','Stück'),(105,144,261,431,4,'Ständer mit Wicklung','Pos.20;200Hz; 265V',261,1,1,16,'Fein','Stück'),(105,145,262,428,4,'Ständer mit Wicklung','Pos.20;300Hz;200V',262,1,1,16,'Fein','Stück'),(105,146,264,411,5,'Zwischenlager','Pos.170',264,1,1,16,'Fein','Stück'),(105,147,265,416,6,'Hülse','Pos.510',265,1,1,16,'Fein','Stück'),(105,148,266,416,4,'Hülse','Pos.40',266,1,1,16,'Fein','Stück'),(105,156,67,412,5,'Ring mit Ansatz','Pos.500',67,1,1,16,'Fein','Stück'),(106,33,141,339,100,'Rohr-Abstandschellen,30-38 mm','733',141,NULL,1,60,'OBO (Bettermann)','Stück'),(106,34,139,338,100,'Rohr-Abstandschellen,24-29 mm','733/M25 PG 21',139,NULL,1,60,'OBO (Bettermann)','Stück'),(106,35,138,337,100,'Rohr-Abstandschellen,21-23 mm','733 PG 16',138,NULL,1,60,'OBO (Bettermann)','Stück'),(106,36,136,336,130,'Rohr-Abstandschellen,19-21 mm','733/M20',136,NULL,1,60,'OBO (Bettermann)','Stück'),(106,56,147,340,50,'Rohr-Abstandschellen,39-48 mm','733/M40 PG36',147,NULL,1,60,'OBO (Bettermann)','Stück'),(106,61,148,341,2,'Rohr-Abstandschellen,47-55 mm','5VC4895',148,NULL,1,61,'Kleinhuis','Stück'),(106,63,150,354,6,'NH-Sicherung Gr.000 16A','3NA3805',150,NULL,1,1,'Siemens','Stück'),(106,64,151,355,6,'NH-Sicherung Gr.000 20A','3NA3807',151,3,1,1,'Siemens','Stück'),(106,65,152,356,6,'NH-Sicherung Gr.000 25A','3NA3810',152,NULL,1,1,'Siemens','Stück'),(106,66,153,357,6,'NH-Sicherung Gr.000 35A','3NA3814',153,3,1,1,'Siemens','Stück'),(106,67,154,358,6,'NH-Sicherung Gr.000 50A','3NA3820',154,NULL,1,1,'Siemens','Stück'),(106,68,149,359,NULL,'NH-Sicherung Gr.000 63A','3NA3 822',149,3,1,1,'Siemens','Stück'),(106,69,155,360,6,'NH-Sicherung Gr.000 80A','3NA3824',155,NULL,1,1,'Siemens','Stück'),(106,70,156,361,6,'NH-Sicherung Gr.000 100A','3NA3830',156,NULL,1,1,'Siemens','Stück'),(106,71,157,362,NULL,'NH-Sicherung Gr.00 125A','3NA3832',157,NULL,1,1,'Siemens','Stück'),(106,72,158,363,6,'NH-Sicherung Gr.00 160A','3NA3836',158,NULL,1,1,'Siemens','Stück'),(106,74,160,364,15,'NH-Sicherung Gr.1 63A','3NA3122',160,3,1,1,'Siemens','Stück'),(106,75,161,365,4,'NH-Sicherung Gr.1 100A','3NA3130',161,NULL,1,1,'Siemens','Stück'),(106,76,162,366,6,'NH-Sicherung Gr.1 125A','3NA3132',162,3,1,1,'Siemens','Stück'),(106,77,163,367,11,'NH-Sicherung Gr.1 160A','3NA3136',163,3,1,1,'Siemens','Stück'),(106,78,178,368,4,'NH-Sicherung Gr.1 250A','3NA3144',178,3,1,1,'Siemens','Stück'),(106,79,165,369,1,'NH-Sicherung Gr.2 80A','3NA3224',165,3,1,1,'Siemens','Stück'),(106,81,176,378,6,'NH-Sicherung Gr.1 200A','3NA3140',176,3,1,1,'Siemens','Stück'),(106,82,166,370,4,'NH-Sicherung Gr.2 100A','3NA3230',166,3,1,1,'Siemens','Stück'),(106,83,167,371,9,'NH-Sicherung Gr.2 125A','3NA3232',167,3,1,1,'Siemens','Stück'),(106,84,168,372,3,'NH-Sicherung Gr.2 160A','3NA3236',168,3,1,1,'Siemens','Stück'),(106,85,169,373,3,'NH-Sicherung Gr.2 200A','3NA3240',169,3,1,1,'Siemens','Stück'),(106,86,170,374,9,'NH-Sicherung Gr.2 250A','3NA3244',170,3,1,1,'Siemens','Stück'),(106,87,175,382,12,'NH-Sicherung Gr.2 315A','2466151',175,3,1,1,'Siemens','Stück'),(106,88,171,383,4,'NH-Sicherung Gr.2 300A','3NA3250',171,3,1,1,'Siemens','Stück'),(106,89,172,384,4,'NH-Sicherung Gr.2 355A','3NA3254',172,3,1,1,'Siemens','Stück'),(106,90,173,385,3,'NH-Sicherung Gr.3 315A','3NA3352',173,3,1,1,'Siemens','Stück'),(106,91,174,386,4,'NH-Sicherung Gr.3 400A','3NA3360',174,3,1,1,'Siemens','Stück'),(106,92,179,387,50,'Aluminium-Klemmschelle 20','AKS-E Type 20',179,10,1,62,'Fränkische Rohrwerke','Stück'),(106,93,180,388,50,'Aluminium-Klemmschelle 32','AKS-E Type 32',180,10,1,62,'Fränkische Rohrwerke','Stück'),(106,94,181,389,25,'Aluminium-Klemmschelle 40','AKS-E Type 40',181,5,1,62,'Fränkische Rohrwerke','Stück'),(106,95,182,390,25,'Aluminium-Klemmschelle 50','AKS-E Type 50',182,5,1,62,'Fränkische Rohrwerke','Stück'),(106,96,183,391,25,'Aluminium-Abstandschelle 50','ASG-E Type 50',183,NULL,1,62,'Fränkische Rohrwerke','Stück'),(106,97,184,392,25,'Edelstahl-Abstandschelle V4 32','VSG-E  Type 32',184,5,1,62,'Fränkische Rohrwerke','Stück'),(106,98,185,393,10,'Edelstahl-Abstandschelle V4 50','VSG-E 50',185,5,1,62,'Fränkische Rohrwerke','Stück'),(106,125,235,404,2,'Lagerplatte','324 19 055 003',235,1,1,16,'Fein','Stück'),(106,126,233,402,5,'Schutzhaube 180mm','318 10 070 121',233,1,1,16,'Fein','Stück'),(106,127,236,405,7,'Antriebswelle M14','Pos.42',236,1,1,16,'Fein','Stück'),(106,128,237,406,3,'Flantsch','324 36 025 004',237,1,1,16,'Fein','Stück'),(106,129,238,400,5,'Hülse','Pos.62',238,1,1,16,'Fein','Stück'),(106,130,239,409,4,'Lagergehäuse','312 07 061 002',239,1,1,16,'Fein','Stück'),(106,131,240,410,3,'Läufer','335 08 030 011',240,1,1,16,'Fein','Stück'),(106,132,241,408,4,'Ventilationsflügel','Pos.66',241,1,1,16,'Fein','Stück'),(106,133,242,407,5,'Flügelgehäuse,43-265V','Pos.69',242,1,1,16,'Fein','Stück'),(106,134,243,432,6,'Motorgehäuse','Pos.1; 200 Hz; 265 V',243,1,1,16,'Fein','Stück'),(106,135,244,427,3,'Motorgehäuse','Pos.1; 300 Hz; 200 V',244,1,1,16,'Fein','Stück'),(106,136,247,430,1,'Kegelradgetriebe','43/31 Zähne; 200 Hz',247,1,1,16,'Fein','Stück'),(106,137,248,430,1,'Kegelradgetriebe','52/25 Zähne; 300 Hz',248,1,1,16,'Fein','Stück'),(106,138,249,430,1,'Kegelradgetriebe','49/18 Zähne; 300 Hz',249,1,1,16,'Fein','Stück'),(106,139,250,424,4,'Handgriff','Pos.92',250,1,1,16,'Fein','Stück'),(106,140,256,415,8,'Antriebswelle','Pos.320',256,1,1,16,'Fein','Stück'),(106,141,257,413,9,'Halslager','Pos.300',257,1,1,16,'Fein','Stück'),(106,142,259,414,6,'Anker','Pos.520',259,1,1,16,'Fein','Stück'),(106,143,260,401,4,'Motorgehäuse,43-265 V','Pos.10',260,1,1,16,'Fein','Stück'),(106,144,261,431,4,'Ständer mit Wicklung','Pos.20;200Hz; 265V',261,1,1,16,'Fein','Stück'),(106,145,262,428,4,'Ständer mit Wicklung','Pos.20;300Hz;200V',262,1,1,16,'Fein','Stück'),(106,146,264,411,5,'Zwischenlager','Pos.170',264,1,1,16,'Fein','Stück'),(106,147,265,416,6,'Hülse','Pos.510',265,1,1,16,'Fein','Stück'),(106,148,266,416,4,'Hülse','Pos.40',266,1,1,16,'Fein','Stück'),(106,156,67,412,5,'Ring mit Ansatz','Pos.500',67,1,1,16,'Fein','Stück'),(111,33,141,339,100,'Rohr-Abstandschellen,30-38 mm','733',141,NULL,1,60,'OBO (Bettermann)','Stück'),(111,34,139,338,100,'Rohr-Abstandschellen,24-29 mm','733/M25 PG 21',139,NULL,1,60,'OBO (Bettermann)','Stück'),(111,35,138,337,100,'Rohr-Abstandschellen,21-23 mm','733 PG 16',138,NULL,1,60,'OBO (Bettermann)','Stück'),(111,36,136,336,130,'Rohr-Abstandschellen,19-21 mm','733/M20',136,NULL,1,60,'OBO (Bettermann)','Stück'),(111,56,147,340,50,'Rohr-Abstandschellen,39-48 mm','733/M40 PG36',147,NULL,1,60,'OBO (Bettermann)','Stück'),(111,61,148,341,2,'Rohr-Abstandschellen,47-55 mm','5VC4895',148,NULL,1,61,'Kleinhuis','Stück'),(111,63,150,354,6,'NH-Sicherung Gr.000 16A','3NA3805',150,NULL,1,1,'Siemens','Stück'),(111,64,151,355,6,'NH-Sicherung Gr.000 20A','3NA3807',151,3,1,1,'Siemens','Stück'),(111,65,152,356,6,'NH-Sicherung Gr.000 25A','3NA3810',152,NULL,1,1,'Siemens','Stück'),(111,66,153,357,6,'NH-Sicherung Gr.000 35A','3NA3814',153,3,1,1,'Siemens','Stück'),(111,67,154,358,6,'NH-Sicherung Gr.000 50A','3NA3820',154,NULL,1,1,'Siemens','Stück'),(111,68,149,359,NULL,'NH-Sicherung Gr.000 63A','3NA3 822',149,3,1,1,'Siemens','Stück'),(111,69,155,360,6,'NH-Sicherung Gr.000 80A','3NA3824',155,NULL,1,1,'Siemens','Stück'),(111,70,156,361,6,'NH-Sicherung Gr.000 100A','3NA3830',156,NULL,1,1,'Siemens','Stück'),(111,71,157,362,NULL,'NH-Sicherung Gr.00 125A','3NA3832',157,NULL,1,1,'Siemens','Stück'),(111,72,158,363,6,'NH-Sicherung Gr.00 160A','3NA3836',158,NULL,1,1,'Siemens','Stück'),(111,74,160,364,15,'NH-Sicherung Gr.1 63A','3NA3122',160,3,1,1,'Siemens','Stück'),(111,75,161,365,4,'NH-Sicherung Gr.1 100A','3NA3130',161,NULL,1,1,'Siemens','Stück'),(111,76,162,366,6,'NH-Sicherung Gr.1 125A','3NA3132',162,3,1,1,'Siemens','Stück'),(111,77,163,367,11,'NH-Sicherung Gr.1 160A','3NA3136',163,3,1,1,'Siemens','Stück'),(111,78,178,368,4,'NH-Sicherung Gr.1 250A','3NA3144',178,3,1,1,'Siemens','Stück'),(111,79,165,369,1,'NH-Sicherung Gr.2 80A','3NA3224',165,3,1,1,'Siemens','Stück'),(111,81,176,378,6,'NH-Sicherung Gr.1 200A','3NA3140',176,3,1,1,'Siemens','Stück'),(111,82,166,370,4,'NH-Sicherung Gr.2 100A','3NA3230',166,3,1,1,'Siemens','Stück'),(111,83,167,371,9,'NH-Sicherung Gr.2 125A','3NA3232',167,3,1,1,'Siemens','Stück'),(111,84,168,372,3,'NH-Sicherung Gr.2 160A','3NA3236',168,3,1,1,'Siemens','Stück'),(111,85,169,373,3,'NH-Sicherung Gr.2 200A','3NA3240',169,3,1,1,'Siemens','Stück'),(111,86,170,374,9,'NH-Sicherung Gr.2 250A','3NA3244',170,3,1,1,'Siemens','Stück'),(111,87,175,382,12,'NH-Sicherung Gr.2 315A','2466151',175,3,1,1,'Siemens','Stück'),(111,88,171,383,4,'NH-Sicherung Gr.2 300A','3NA3250',171,3,1,1,'Siemens','Stück'),(111,89,172,384,4,'NH-Sicherung Gr.2 355A','3NA3254',172,3,1,1,'Siemens','Stück'),(111,90,173,385,3,'NH-Sicherung Gr.3 315A','3NA3352',173,3,1,1,'Siemens','Stück'),(111,91,174,386,4,'NH-Sicherung Gr.3 400A','3NA3360',174,3,1,1,'Siemens','Stück'),(111,92,179,387,50,'Aluminium-Klemmschelle 20','AKS-E 20',179,10,1,62,'Fränkische Rohrwerke','Stück'),(111,93,180,388,50,'Aluminium-Klemmschelle 32','AKS-E 32',180,10,1,62,'Fränkische Rohrwerke','Stück'),(111,94,181,389,25,'Aluminium-Klemmschelle 40','AKS-E 40',181,5,1,62,'Fränkische Rohrwerke','Stück'),(111,95,182,390,25,'Aluminium-Klemmschelle 50','AKS-E 50',182,5,1,62,'Fränkische Rohrwerke','Stück'),(111,96,183,391,25,'Aluminium-Abstandschelle 50','ASG-E 50',183,NULL,1,62,'Fränkische Rohrwerke','Stück'),(111,97,184,392,25,'Edelstahl-Abstandschelle V4 32','VSG-E 32',184,5,1,62,'Fränkische Rohrwerke','Stück'),(111,98,185,393,10,'Edelstahl-Abstandschelle V4 50','VSG-E 50',185,5,1,62,'Fränkische Rohrwerke','Stück'),(111,160,273,442,50,'Schnapp-Schellen NW11 ( für Rohr 13 mm)','799/11 5VC4 540-5 AL',273,NULL,1,61,'Kleinhuis','Stück'),(111,161,274,443,50,'Kunstoff-Klemmschelle 16','5VB4542 Type 16',274,10,1,62,'Fränkische Rohrwerke','Stück'),(111,162,275,444,80,'RO-CLIP-Rohrschelle,16mm','HCRS 16',275,NULL,1,58,'Newlec','Stück'),(111,163,276,445,70,'RO-CLIP-Rohrschelle,20mm','HCRS 20',276,10,1,58,'Newlec','Stück'),(111,164,278,446,20,'RO-CLIP-Rohrschelle,25mm','HCRS 25',278,10,1,58,'Newlec','Stück'),(111,165,280,457,30,'Befestigungsschellen , 28-30 mm','5VC4460',280,NULL,1,61,'Kleinhuis','Stück'),(111,166,279,456,80,'Befestigungsschellen , 20,5-21,5 mm','5VC4456',279,NULL,1,61,'Kleinhuis','Stück'),(111,167,281,458,100,'Befestigungsschellen , 20 mm','605/M20',281,NULL,1,60,'OBO (Bettermann)','Stück'),(111,168,282,459,70,'Befestigungsschellen , 28 mm','605/PG21',282,NULL,1,60,'OBO (Bettermann)','Stück'),(111,169,283,460,80,'Befestigungsschellen , 37 mm','605/PG29',283,NULL,1,60,'OBO (Bettermann)','Stück'),(111,170,284,459,6,'Aluminium-Steckmuffe 50','AMS-E 50',284,NULL,1,62,'Fränkische Rohrwerke','Stück'),(111,171,288,465,1,'Aluminium-Steckmuffe 40','AMS-E 40',288,NULL,1,62,'Fränkische Rohrwerke','Stück'),(111,172,287,464,15,'Aluminium-Steckmuffe 32','AMS-E 32',287,NULL,1,62,'Fränkische Rohrwerke','Stück'),(111,173,286,463,40,'Aluminium-Steckmuffe 20','AMS-E 20',286,NULL,1,62,'Fränkische Rohrwerke','Stück'),(111,175,289,467,80,'Endtüllen,PG16','5VB4173',289,NULL,1,60,'OBO (Bettermann)','Stück'),(111,176,290,476,20,'Endtüllen,PG42','5VB4177 207378',291,NULL,1,61,'Kleinhuis','Stück'),(111,178,292,471,100,'Endtülle , M20','129 M M20',292,NULL,1,60,'OBO (Bettermann)','Stück'),(111,179,293,472,20,'Endtülle , M32','129 M32',293,NULL,1,60,'OBO (Bettermann)','Stück'),(111,181,295,471,40,'Endtülle , M20','E-Ku-E 20',295,NULL,1,62,'Fränkische Rohrwerke','Stück'),(111,182,296,473,140,'Endtülle , M40','E-Ku-E 40',296,NULL,1,62,'Fränkische Rohrwerke','Stück'),(111,183,297,474,6,'Endtülle , M50','E-Ku-E 50',297,NULL,1,62,'Fränkische Rohrwerke','Stück'),(111,184,298,468,30,'Endtülle , PG29','?-',298,NULL,1,61,'Kleinhuis','Stück'),(112,33,141,339,100,'Rohr-Abstandschellen,30-38 mm','733',141,NULL,1,60,'OBO (Bettermann)','Stück'),(112,34,139,338,100,'Rohr-Abstandschellen,24-29 mm','733/M25 PG 21',139,NULL,1,60,'OBO (Bettermann)','Stück'),(112,35,138,337,100,'Rohr-Abstandschellen,21-23 mm','733 PG 16',138,NULL,1,60,'OBO (Bettermann)','Stück'),(112,36,136,336,130,'Rohr-Abstandschellen,19-21 mm','733/M20',136,NULL,1,60,'OBO (Bettermann)','Stück'),(112,56,147,340,50,'Rohr-Abstandschellen,39-48 mm','733/M40 PG36',147,NULL,1,60,'OBO (Bettermann)','Stück'),(112,61,148,341,2,'Rohr-Abstandschellen,47-55 mm','5VC4895',148,NULL,1,61,'Kleinhuis','Stück'),(112,63,150,354,6,'NH-Sicherung Gr.000 16A','3NA3805',150,NULL,1,1,'Siemens','Stück'),(112,64,151,355,6,'NH-Sicherung Gr.000 20A','3NA3807',151,3,1,1,'Siemens','Stück'),(112,65,152,356,6,'NH-Sicherung Gr.000 25A','3NA3810',152,NULL,1,1,'Siemens','Stück'),(112,66,153,357,6,'NH-Sicherung Gr.000 35A','3NA3814',153,3,1,1,'Siemens','Stück'),(112,67,154,358,6,'NH-Sicherung Gr.000 50A','3NA3820',154,NULL,1,1,'Siemens','Stück'),(112,68,149,359,NULL,'NH-Sicherung Gr.000 63A','3NA3 822',149,3,1,1,'Siemens','Stück'),(112,69,155,360,6,'NH-Sicherung Gr.000 80A','3NA3824',155,NULL,1,1,'Siemens','Stück'),(112,70,156,361,6,'NH-Sicherung Gr.000 100A','3NA3830',156,NULL,1,1,'Siemens','Stück'),(112,71,157,362,NULL,'NH-Sicherung Gr.00 125A','3NA3832',157,NULL,1,1,'Siemens','Stück'),(112,72,158,363,6,'NH-Sicherung Gr.00 160A','3NA3836',158,NULL,1,1,'Siemens','Stück'),(112,74,160,364,15,'NH-Sicherung Gr.1 63A','3NA3122',160,3,1,1,'Siemens','Stück'),(112,75,161,365,4,'NH-Sicherung Gr.1 100A','3NA3130',161,NULL,1,1,'Siemens','Stück'),(112,76,162,366,6,'NH-Sicherung Gr.1 125A','3NA3132',162,3,1,1,'Siemens','Stück'),(112,77,163,367,11,'NH-Sicherung Gr.1 160A','3NA3136',163,3,1,1,'Siemens','Stück'),(112,78,178,368,4,'NH-Sicherung Gr.1 250A','3NA3144',178,3,1,1,'Siemens','Stück'),(112,79,165,369,1,'NH-Sicherung Gr.2 80A','3NA3224',165,3,1,1,'Siemens','Stück'),(112,81,176,378,6,'NH-Sicherung Gr.1 200A','3NA3140',176,3,1,1,'Siemens','Stück'),(112,82,166,370,4,'NH-Sicherung Gr.2 100A','3NA3230',166,3,1,1,'Siemens','Stück'),(112,83,167,371,9,'NH-Sicherung Gr.2 125A','3NA3232',167,3,1,1,'Siemens','Stück'),(112,84,168,372,3,'NH-Sicherung Gr.2 160A','3NA3236',168,3,1,1,'Siemens','Stück'),(112,85,169,373,3,'NH-Sicherung Gr.2 200A','3NA3240',169,3,1,1,'Siemens','Stück'),(112,86,170,374,9,'NH-Sicherung Gr.2 250A','3NA3244',170,3,1,1,'Siemens','Stück'),(112,87,175,382,12,'NH-Sicherung Gr.2 315A','2466151',175,3,1,1,'Siemens','Stück'),(112,88,171,383,4,'NH-Sicherung Gr.2 300A','3NA3250',171,3,1,1,'Siemens','Stück'),(112,89,172,384,4,'NH-Sicherung Gr.2 355A','3NA3254',172,3,1,1,'Siemens','Stück'),(112,90,173,385,3,'NH-Sicherung Gr.3 315A','3NA3352',173,3,1,1,'Siemens','Stück'),(112,91,174,386,4,'NH-Sicherung Gr.3 400A','3NA3360',174,3,1,1,'Siemens','Stück'),(112,92,179,387,50,'Aluminium-Klemmschelle 20','AKS-E 20',179,10,1,62,'Fränkische Rohrwerke','Stück'),(112,93,180,388,50,'Aluminium-Klemmschelle 32','AKS-E 32',180,10,1,62,'Fränkische Rohrwerke','Stück'),(112,94,181,389,25,'Aluminium-Klemmschelle 40','AKS-E 40',181,5,1,62,'Fränkische Rohrwerke','Stück'),(112,95,182,390,25,'Aluminium-Klemmschelle 50','AKS-E 50',182,5,1,62,'Fränkische Rohrwerke','Stück'),(112,96,183,391,25,'Aluminium-Abstandschelle 50','ASG-E 50',183,NULL,1,62,'Fränkische Rohrwerke','Stück'),(112,97,184,392,25,'Edelstahl-Abstandschelle V4 32','VSG-E 32',184,5,1,62,'Fränkische Rohrwerke','Stück'),(112,98,185,393,10,'Edelstahl-Abstandschelle V4 50','VSG-E 50',185,5,1,62,'Fränkische Rohrwerke','Stück'),(112,160,273,442,50,'Schnapp-Schellen NW11 ( für Rohr 13 mm)','799/11 5VC4 540-5 AL',273,NULL,1,61,'Kleinhuis','Stück'),(112,161,274,443,50,'Kunstoff-Klemmschelle 16','5VB4542 Type 16',274,10,1,62,'Fränkische Rohrwerke','Stück'),(112,162,275,444,80,'RO-CLIP-Rohrschelle,16mm','HCRS 16',275,NULL,1,58,'Newlec','Stück'),(112,163,276,445,70,'RO-CLIP-Rohrschelle,20mm','HCRS 20',276,10,1,58,'Newlec','Stück'),(112,164,278,446,20,'RO-CLIP-Rohrschelle,25mm','HCRS 25',278,10,1,58,'Newlec','Stück'),(112,165,280,457,30,'Befestigungsschellen , 28-30 mm','5VC4460',280,NULL,1,61,'Kleinhuis','Stück'),(112,166,279,456,80,'Befestigungsschellen , 20,5-21,5 mm','5VC4456',279,NULL,1,61,'Kleinhuis','Stück'),(112,167,281,458,100,'Befestigungsschellen , 20 mm','605/M20',281,NULL,1,60,'OBO (Bettermann)','Stück'),(112,168,282,459,70,'Befestigungsschellen , 28 mm','605/PG21',282,NULL,1,60,'OBO (Bettermann)','Stück'),(112,169,283,460,80,'Befestigungsschellen , 37 mm','605/PG29',283,NULL,1,60,'OBO (Bettermann)','Stück'),(112,170,284,459,6,'Aluminium-Steckmuffe 50','AMS-E 50',284,NULL,1,62,'Fränkische Rohrwerke','Stück'),(112,171,288,465,1,'Aluminium-Steckmuffe 40','AMS-E 40',288,NULL,1,62,'Fränkische Rohrwerke','Stück'),(112,172,287,464,15,'Aluminium-Steckmuffe 32','AMS-E 32',287,NULL,1,62,'Fränkische Rohrwerke','Stück'),(112,173,286,463,40,'Aluminium-Steckmuffe 20','AMS-E 20',286,NULL,1,62,'Fränkische Rohrwerke','Stück'),(112,175,289,467,80,'Endtüllen,PG16','5VB4173',289,NULL,1,60,'OBO (Bettermann)','Stück'),(112,176,290,476,20,'Endtüllen,PG42','5VB4177 207378',291,NULL,1,61,'Kleinhuis','Stück'),(112,178,292,471,100,'Endtülle , M20','129 M M20',292,NULL,1,60,'OBO (Bettermann)','Stück'),(112,179,293,472,20,'Endtülle , M32','129 M32',293,NULL,1,60,'OBO (Bettermann)','Stück'),(112,181,295,471,40,'Endtülle , M20','E-Ku-E 20',295,NULL,1,62,'Fränkische Rohrwerke','Stück'),(112,182,296,473,140,'Endtülle , M40','E-Ku-E 40',296,NULL,1,62,'Fränkische Rohrwerke','Stück'),(112,183,297,474,6,'Endtülle , M50','E-Ku-E 50',297,NULL,1,62,'Fränkische Rohrwerke','Stück'),(112,184,298,468,30,'Endtülle , PG29','?-',298,NULL,1,61,'Kleinhuis','Stück'),(113,33,141,339,100,'Rohr-Abstandschellen,30-38 mm','733',141,NULL,1,60,'OBO (Bettermann)','Stück'),(113,34,139,338,100,'Rohr-Abstandschellen,24-29 mm','733/M25 PG 21',139,NULL,1,60,'OBO (Bettermann)','Stück'),(113,35,138,337,100,'Rohr-Abstandschellen,21-23 mm','733 PG 16',138,NULL,1,60,'OBO (Bettermann)','Stück'),(113,36,136,336,130,'Rohr-Abstandschellen,19-21 mm','733/M20',136,NULL,1,60,'OBO (Bettermann)','Stück'),(113,56,147,340,50,'Rohr-Abstandschellen,39-48 mm','733/M40 PG36',147,NULL,1,60,'OBO (Bettermann)','Stück'),(113,61,148,341,2,'Rohr-Abstandschellen,47-55 mm','5VC4895',148,NULL,1,61,'Kleinhuis','Stück'),(113,63,150,354,6,'NH-Sicherung Gr.000 16A','3NA3805',150,NULL,1,1,'Siemens','Stück'),(113,64,151,355,6,'NH-Sicherung Gr.000 20A','3NA3807',151,3,1,1,'Siemens','Stück'),(113,65,152,356,6,'NH-Sicherung Gr.000 25A','3NA3810',152,NULL,1,1,'Siemens','Stück'),(113,66,153,357,6,'NH-Sicherung Gr.000 35A','3NA3814',153,3,1,1,'Siemens','Stück'),(113,67,154,358,6,'NH-Sicherung Gr.000 50A','3NA3820',154,NULL,1,1,'Siemens','Stück'),(113,68,149,359,NULL,'NH-Sicherung Gr.000 63A','3NA3 822',149,3,1,1,'Siemens','Stück'),(113,69,155,360,6,'NH-Sicherung Gr.000 80A','3NA3824',155,NULL,1,1,'Siemens','Stück'),(113,70,156,361,6,'NH-Sicherung Gr.000 100A','3NA3830',156,NULL,1,1,'Siemens','Stück'),(113,71,157,362,NULL,'NH-Sicherung Gr.00 125A','3NA3832',157,NULL,1,1,'Siemens','Stück'),(113,72,158,363,6,'NH-Sicherung Gr.00 160A','3NA3836',158,NULL,1,1,'Siemens','Stück'),(113,74,160,364,15,'NH-Sicherung Gr.1 63A','3NA3122',160,3,1,1,'Siemens','Stück'),(113,75,161,365,4,'NH-Sicherung Gr.1 100A','3NA3130',161,NULL,1,1,'Siemens','Stück'),(113,76,162,366,6,'NH-Sicherung Gr.1 125A','3NA3132',162,3,1,1,'Siemens','Stück'),(113,77,163,367,11,'NH-Sicherung Gr.1 160A','3NA3136',163,3,1,1,'Siemens','Stück'),(113,78,178,368,4,'NH-Sicherung Gr.1 250A','3NA3144',178,3,1,1,'Siemens','Stück'),(113,79,165,369,1,'NH-Sicherung Gr.2 80A','3NA3224',165,3,1,1,'Siemens','Stück'),(113,81,176,378,6,'NH-Sicherung Gr.1 200A','3NA3140',176,3,1,1,'Siemens','Stück'),(113,82,166,370,4,'NH-Sicherung Gr.2 100A','3NA3230',166,3,1,1,'Siemens','Stück'),(113,83,167,371,9,'NH-Sicherung Gr.2 125A','3NA3232',167,3,1,1,'Siemens','Stück'),(113,84,168,372,3,'NH-Sicherung Gr.2 160A','3NA3236',168,3,1,1,'Siemens','Stück'),(113,85,169,373,3,'NH-Sicherung Gr.2 200A','3NA3240',169,3,1,1,'Siemens','Stück'),(113,86,170,374,9,'NH-Sicherung Gr.2 250A','3NA3244',170,3,1,1,'Siemens','Stück'),(113,87,175,382,12,'NH-Sicherung Gr.2 315A','2466151',175,3,1,1,'Siemens','Stück'),(113,88,171,383,4,'NH-Sicherung Gr.2 300A','3NA3250',171,3,1,1,'Siemens','Stück'),(113,89,172,384,4,'NH-Sicherung Gr.2 355A','3NA3254',172,3,1,1,'Siemens','Stück'),(113,90,173,385,3,'NH-Sicherung Gr.3 315A','3NA3352',173,3,1,1,'Siemens','Stück'),(113,91,174,386,4,'NH-Sicherung Gr.3 400A','3NA3360',174,3,1,1,'Siemens','Stück'),(113,92,179,387,50,'Aluminium-Klemmschelle 20','AKS-E 20',179,10,1,62,'Fränkische Rohrwerke','Stück'),(113,93,180,388,50,'Aluminium-Klemmschelle 32','AKS-E 32',180,10,1,62,'Fränkische Rohrwerke','Stück'),(113,94,181,389,25,'Aluminium-Klemmschelle 40','AKS-E 40',181,5,1,62,'Fränkische Rohrwerke','Stück'),(113,95,182,390,25,'Aluminium-Klemmschelle 50','AKS-E 50',182,5,1,62,'Fränkische Rohrwerke','Stück'),(113,96,183,391,25,'Aluminium-Abstandschelle 50','ASG-E 50',183,NULL,1,62,'Fränkische Rohrwerke','Stück'),(113,97,184,392,25,'Edelstahl-Abstandschelle V4 32','VSG-E 32',184,5,1,62,'Fränkische Rohrwerke','Stück'),(113,98,185,393,10,'Edelstahl-Abstandschelle V4 50','VSG-E 50',185,5,1,62,'Fränkische Rohrwerke','Stück'),(113,160,273,442,50,'Schnapp-Schellen NW11 ( für Rohr 13 mm)','799/11 5VC4 540-5 AL',273,NULL,1,61,'Kleinhuis','Stück'),(113,161,274,443,50,'Kunstoff-Klemmschelle 16','5VB4542 Type 16',274,10,1,62,'Fränkische Rohrwerke','Stück'),(113,162,275,444,80,'RO-CLIP-Rohrschelle,16mm','HCRS 16',275,NULL,1,58,'Newlec','Stück'),(113,163,276,445,70,'RO-CLIP-Rohrschelle,20mm','HCRS 20',276,10,1,58,'Newlec','Stück'),(113,164,278,446,20,'RO-CLIP-Rohrschelle,25mm','HCRS 25',278,10,1,58,'Newlec','Stück'),(113,165,280,457,30,'Befestigungsschellen , 28-30 mm','5VC4460',280,NULL,1,61,'Kleinhuis','Stück'),(113,166,279,456,80,'Befestigungsschellen , 20,5-21,5 mm','5VC4456',279,NULL,1,61,'Kleinhuis','Stück'),(113,167,281,458,100,'Befestigungsschellen , 20 mm','605/M20',281,NULL,1,60,'OBO (Bettermann)','Stück'),(113,168,282,459,70,'Befestigungsschellen , 28 mm','605/PG21',282,NULL,1,60,'OBO (Bettermann)','Stück'),(113,169,283,460,80,'Befestigungsschellen , 37 mm','605/PG29',283,NULL,1,60,'OBO (Bettermann)','Stück'),(113,170,284,459,6,'Aluminium-Steckmuffe 50','AMS-E 50',284,NULL,1,62,'Fränkische Rohrwerke','Stück'),(113,171,288,465,1,'Aluminium-Steckmuffe 40','AMS-E 40',288,NULL,1,62,'Fränkische Rohrwerke','Stück'),(113,172,287,464,15,'Aluminium-Steckmuffe 32','AMS-E 32',287,NULL,1,62,'Fränkische Rohrwerke','Stück'),(113,173,286,463,40,'Aluminium-Steckmuffe 20','AMS-E 20',286,NULL,1,62,'Fränkische Rohrwerke','Stück'),(113,175,289,467,80,'Endtüllen,PG16','5VB4173',289,NULL,1,60,'OBO (Bettermann)','Stück'),(113,176,290,476,20,'Endtüllen,PG42','5VB4177 207378',291,NULL,1,61,'Kleinhuis','Stück'),(113,178,292,471,100,'Endtülle , M20','129 M M20',292,NULL,1,60,'OBO (Bettermann)','Stück'),(113,179,293,472,20,'Endtülle , M32','129 M32',293,NULL,1,60,'OBO (Bettermann)','Stück'),(113,181,295,471,40,'Endtülle , M20','E-Ku-E 20',295,NULL,1,62,'Fränkische Rohrwerke','Stück'),(113,182,296,473,140,'Endtülle , M40','E-Ku-E 40',296,NULL,1,62,'Fränkische Rohrwerke','Stück'),(113,183,297,474,6,'Endtülle , M50','E-Ku-E 50',297,NULL,1,62,'Fränkische Rohrwerke','Stück'),(113,184,298,468,30,'Endtülle , PG29','?-',298,NULL,1,61,'Kleinhuis','Stück'),(114,33,141,339,100,'Rohr-Abstandschellen,30-38 mm','733',141,NULL,1,60,'OBO (Bettermann)','Stück'),(114,34,139,338,100,'Rohr-Abstandschellen,24-29 mm','733/M25 PG 21',139,NULL,1,60,'OBO (Bettermann)','Stück'),(114,35,138,337,100,'Rohr-Abstandschellen,21-23 mm','733 PG 16',138,NULL,1,60,'OBO (Bettermann)','Stück'),(114,36,136,336,130,'Rohr-Abstandschellen,19-21 mm','733/M20',136,NULL,1,60,'OBO (Bettermann)','Stück'),(114,56,147,340,50,'Rohr-Abstandschellen,39-48 mm','733/M40 PG36',147,NULL,1,60,'OBO (Bettermann)','Stück'),(114,61,148,341,2,'Rohr-Abstandschellen,47-55 mm','5VC4895',148,NULL,1,61,'Kleinhuis','Stück'),(114,63,150,354,6,'NH-Sicherung Gr.000 16A','3NA3805',150,NULL,1,1,'Siemens','Stück'),(114,64,151,355,6,'NH-Sicherung Gr.000 20A','3NA3807',151,3,1,1,'Siemens','Stück'),(114,65,152,356,6,'NH-Sicherung Gr.000 25A','3NA3810',152,NULL,1,1,'Siemens','Stück'),(114,66,153,357,6,'NH-Sicherung Gr.000 35A','3NA3814',153,3,1,1,'Siemens','Stück'),(114,67,154,358,6,'NH-Sicherung Gr.000 50A','3NA3820',154,NULL,1,1,'Siemens','Stück'),(114,68,149,359,NULL,'NH-Sicherung Gr.000 63A','3NA3 822',149,3,1,1,'Siemens','Stück'),(114,69,155,360,6,'NH-Sicherung Gr.000 80A','3NA3824',155,NULL,1,1,'Siemens','Stück'),(114,70,156,361,6,'NH-Sicherung Gr.000 100A','3NA3830',156,NULL,1,1,'Siemens','Stück'),(114,71,157,362,NULL,'NH-Sicherung Gr.00 125A','3NA3832',157,NULL,1,1,'Siemens','Stück'),(114,72,158,363,6,'NH-Sicherung Gr.00 160A','3NA3836',158,NULL,1,1,'Siemens','Stück'),(114,74,160,364,15,'NH-Sicherung Gr.1 63A','3NA3122',160,3,1,1,'Siemens','Stück'),(114,75,161,365,4,'NH-Sicherung Gr.1 100A','3NA3130',161,NULL,1,1,'Siemens','Stück'),(114,76,162,366,6,'NH-Sicherung Gr.1 125A','3NA3132',162,3,1,1,'Siemens','Stück'),(114,77,163,367,11,'NH-Sicherung Gr.1 160A','3NA3136',163,3,1,1,'Siemens','Stück'),(114,78,178,368,4,'NH-Sicherung Gr.1 250A','3NA3144',178,3,1,1,'Siemens','Stück'),(114,79,165,369,1,'NH-Sicherung Gr.2 80A','3NA3224',165,3,1,1,'Siemens','Stück'),(114,81,176,378,6,'NH-Sicherung Gr.1 200A','3NA3140',176,3,1,1,'Siemens','Stück'),(114,82,166,370,4,'NH-Sicherung Gr.2 100A','3NA3230',166,3,1,1,'Siemens','Stück'),(114,83,167,371,9,'NH-Sicherung Gr.2 125A','3NA3232',167,3,1,1,'Siemens','Stück'),(114,84,168,372,3,'NH-Sicherung Gr.2 160A','3NA3236',168,3,1,1,'Siemens','Stück'),(114,85,169,373,3,'NH-Sicherung Gr.2 200A','3NA3240',169,3,1,1,'Siemens','Stück'),(114,86,170,374,9,'NH-Sicherung Gr.2 250A','3NA3244',170,3,1,1,'Siemens','Stück'),(114,87,175,382,12,'NH-Sicherung Gr.2 315A','2466151',175,3,1,1,'Siemens','Stück'),(114,88,171,383,4,'NH-Sicherung Gr.2 300A','3NA3250',171,3,1,1,'Siemens','Stück'),(114,89,172,384,4,'NH-Sicherung Gr.2 355A','3NA3254',172,3,1,1,'Siemens','Stück'),(114,90,173,385,3,'NH-Sicherung Gr.3 315A','3NA3352',173,3,1,1,'Siemens','Stück'),(114,91,174,386,4,'NH-Sicherung Gr.3 400A','3NA3360',174,3,1,1,'Siemens','Stück'),(114,92,179,387,50,'Aluminium-Klemmschelle 20','AKS-E 20',179,10,1,62,'Fränkische Rohrwerke','Stück'),(114,93,180,388,50,'Aluminium-Klemmschelle 32','AKS-E 32',180,10,1,62,'Fränkische Rohrwerke','Stück'),(114,94,181,389,25,'Aluminium-Klemmschelle 40','AKS-E 40',181,5,1,62,'Fränkische Rohrwerke','Stück'),(114,95,182,390,25,'Aluminium-Klemmschelle 50','AKS-E 50',182,5,1,62,'Fränkische Rohrwerke','Stück'),(114,96,183,391,25,'Aluminium-Abstandschelle 50','ASG-E 50',183,NULL,1,62,'Fränkische Rohrwerke','Stück'),(114,97,184,392,25,'Edelstahl-Abstandschelle V4 32','VSG-E 32',184,5,1,62,'Fränkische Rohrwerke','Stück'),(114,98,185,393,10,'Edelstahl-Abstandschelle V4 50','VSG-E 50',185,5,1,62,'Fränkische Rohrwerke','Stück'),(114,160,273,442,50,'Schnapp-Schellen NW11 ( für Rohr 13 mm)','799/11 5VC4 540-5 AL',273,NULL,1,61,'Kleinhuis','Stück'),(114,161,274,443,50,'Kunstoff-Klemmschelle 16','5VB4542 Type 16',274,10,1,62,'Fränkische Rohrwerke','Stück'),(114,162,275,444,80,'RO-CLIP-Rohrschelle,16mm','HCRS 16',275,NULL,1,58,'Newlec','Stück'),(114,163,276,445,70,'RO-CLIP-Rohrschelle,20mm','HCRS 20',276,10,1,58,'Newlec','Stück'),(114,164,278,446,20,'RO-CLIP-Rohrschelle,25mm','HCRS 25',278,10,1,58,'Newlec','Stück'),(114,165,280,457,30,'Befestigungsschellen , 28-30 mm','5VC4460',280,NULL,1,61,'Kleinhuis','Stück'),(114,166,279,456,80,'Befestigungsschellen , 20,5-21,5 mm','5VC4456',279,NULL,1,61,'Kleinhuis','Stück'),(114,167,281,458,100,'Befestigungsschellen , 20 mm','605/M20',281,NULL,1,60,'OBO (Bettermann)','Stück'),(114,168,282,459,70,'Befestigungsschellen , 28 mm','605/PG21',282,NULL,1,60,'OBO (Bettermann)','Stück'),(114,169,283,460,80,'Befestigungsschellen , 37 mm','605/PG29',283,NULL,1,60,'OBO (Bettermann)','Stück'),(114,170,284,459,6,'Aluminium-Steckmuffe 50','AMS-E 50',284,NULL,1,62,'Fränkische Rohrwerke','Stück'),(114,171,288,465,1,'Aluminium-Steckmuffe 40','AMS-E 40',288,NULL,1,62,'Fränkische Rohrwerke','Stück'),(114,172,287,464,15,'Aluminium-Steckmuffe 32','AMS-E 32',287,NULL,1,62,'Fränkische Rohrwerke','Stück'),(114,173,286,463,40,'Aluminium-Steckmuffe 20','AMS-E 20',286,NULL,1,62,'Fränkische Rohrwerke','Stück'),(114,175,289,467,80,'Endtüllen,PG16','5VB4173',289,NULL,1,60,'OBO (Bettermann)','Stück'),(114,176,290,475,20,'Endtüllen,PG42','5VB4177 207378',291,NULL,1,61,'Kleinhuis','Stück'),(114,178,292,471,100,'Endtülle , M20','129 M M20',292,NULL,1,60,'OBO (Bettermann)','Stück'),(114,179,293,472,20,'Endtülle , M32','129 M32',293,NULL,1,60,'OBO (Bettermann)','Stück'),(114,181,295,471,40,'Endtülle , M20','E-Ku-E 20',295,NULL,1,62,'Fränkische Rohrwerke','Stück'),(114,182,296,473,140,'Endtülle , M40','E-Ku-E 40',296,NULL,1,62,'Fränkische Rohrwerke','Stück'),(114,183,297,474,6,'Endtülle , M50','E-Ku-E 50',297,NULL,1,62,'Fränkische Rohrwerke','Stück'),(114,184,298,468,30,'Endtülle , PG29','?-',298,NULL,1,61,'Kleinhuis','Stück'),(118,33,141,339,100,'Rohr-Abstandschellen,30-38 mm','733',141,NULL,1,60,'OBO (Bettermann)','Stück'),(118,34,139,338,100,'Rohr-Abstandschellen,24-29 mm','733/M25 PG 21',139,NULL,1,60,'OBO (Bettermann)','Stück'),(118,35,138,337,100,'Rohr-Abstandschellen,21-23 mm','733 PG 16',138,NULL,1,60,'OBO (Bettermann)','Stück'),(118,36,136,336,130,'Rohr-Abstandschellen,19-21 mm','733/M20',136,NULL,1,60,'OBO (Bettermann)','Stück'),(118,56,147,340,50,'Rohr-Abstandschellen,39-48 mm','733/M40 PG36',147,NULL,1,60,'OBO (Bettermann)','Stück'),(118,61,148,341,2,'Rohr-Abstandschellen,47-55 mm','5VC4895',148,NULL,1,61,'Kleinhuis','Stück'),(118,63,150,354,6,'NH-Sicherung Gr.000 16A','3NA3805',150,NULL,1,1,'Siemens','Stück'),(118,64,151,355,6,'NH-Sicherung Gr.000 20A','3NA3807',151,3,1,1,'Siemens','Stück'),(118,65,152,356,6,'NH-Sicherung Gr.000 25A','3NA3810',152,NULL,1,1,'Siemens','Stück'),(118,66,153,357,6,'NH-Sicherung Gr.000 35A','3NA3814',153,3,1,1,'Siemens','Stück'),(118,67,154,358,6,'NH-Sicherung Gr.000 50A','3NA3820',154,NULL,1,1,'Siemens','Stück'),(118,68,149,359,NULL,'NH-Sicherung Gr.000 63A','3NA3 822',149,3,1,1,'Siemens','Stück'),(118,69,155,360,6,'NH-Sicherung Gr.000 80A','3NA3824',155,NULL,1,1,'Siemens','Stück'),(118,70,156,361,6,'NH-Sicherung Gr.000 100A','3NA3830',156,NULL,1,1,'Siemens','Stück'),(118,71,157,362,NULL,'NH-Sicherung Gr.00 125A','3NA3832',157,NULL,1,1,'Siemens','Stück'),(118,72,158,363,6,'NH-Sicherung Gr.00 160A','3NA3836',158,NULL,1,1,'Siemens','Stück'),(118,74,160,364,15,'NH-Sicherung Gr.1 63A','3NA3122',160,3,1,1,'Siemens','Stück'),(118,75,161,365,4,'NH-Sicherung Gr.1 100A','3NA3130',161,NULL,1,1,'Siemens','Stück'),(118,76,162,366,6,'NH-Sicherung Gr.1 125A','3NA3132',162,3,1,1,'Siemens','Stück'),(118,77,163,367,11,'NH-Sicherung Gr.1 160A','3NA3136',163,3,1,1,'Siemens','Stück'),(118,78,178,368,4,'NH-Sicherung Gr.1 250A','3NA3144',178,3,1,1,'Siemens','Stück'),(118,79,165,369,1,'NH-Sicherung Gr.2 80A','3NA3224',165,3,1,1,'Siemens','Stück'),(118,81,176,378,6,'NH-Sicherung Gr.1 200A','3NA3140',176,3,1,1,'Siemens','Stück'),(118,82,166,370,4,'NH-Sicherung Gr.2 100A','3NA3230',166,3,1,1,'Siemens','Stück'),(118,83,167,371,9,'NH-Sicherung Gr.2 125A','3NA3232',167,3,1,1,'Siemens','Stück'),(118,84,168,372,3,'NH-Sicherung Gr.2 160A','3NA3236',168,3,1,1,'Siemens','Stück'),(118,85,169,373,3,'NH-Sicherung Gr.2 200A','3NA3240',169,3,1,1,'Siemens','Stück'),(118,86,170,374,9,'NH-Sicherung Gr.2 250A','3NA3244',170,3,1,1,'Siemens','Stück'),(118,87,175,382,12,'NH-Sicherung Gr.2 315A','2466151',175,3,1,1,'Siemens','Stück'),(118,88,171,383,4,'NH-Sicherung Gr.2 300A','3NA3250',171,3,1,1,'Siemens','Stück'),(118,89,172,384,4,'NH-Sicherung Gr.2 355A','3NA3254',172,3,1,1,'Siemens','Stück'),(118,90,173,385,3,'NH-Sicherung Gr.3 315A','3NA3352',173,3,1,1,'Siemens','Stück'),(118,91,174,386,4,'NH-Sicherung Gr.3 400A','3NA3360',174,3,1,1,'Siemens','Stück'),(118,92,179,387,50,'Aluminium-Klemmschelle 20','AKS-E 20',179,10,1,62,'Fränkische Rohrwerke','Stück'),(118,93,180,388,50,'Aluminium-Klemmschelle 32','AKS-E 32',180,10,1,62,'Fränkische Rohrwerke','Stück'),(118,94,181,389,25,'Aluminium-Klemmschelle 40','AKS-E 40',181,5,1,62,'Fränkische Rohrwerke','Stück'),(118,95,182,390,25,'Aluminium-Klemmschelle 50','AKS-E 50',182,5,1,62,'Fränkische Rohrwerke','Stück'),(118,96,183,391,25,'Aluminium-Abstandschelle 50','ASG-E 50',183,NULL,1,62,'Fränkische Rohrwerke','Stück'),(118,97,184,392,25,'Edelstahl-Abstandschelle V4 32','VSG-E 32',184,5,1,62,'Fränkische Rohrwerke','Stück'),(118,98,185,393,10,'Edelstahl-Abstandschelle V4 50','VSG-E 50',185,5,1,62,'Fränkische Rohrwerke','Stück'),(118,125,235,404,2,'Lagerplatte','324 19 055 003',235,1,1,16,'Fein','Stück'),(118,126,233,402,5,'Schutzhaube 180mm','318 10 070 121',233,1,1,16,'Fein','Stück'),(118,127,236,405,7,'Antriebswelle M14','Pos.42',236,1,1,16,'Fein','Stück'),(118,128,237,406,3,'Flantsch','324 36 025 004',237,1,1,16,'Fein','Stück'),(118,129,238,400,5,'Hülse','Pos.62',238,1,1,16,'Fein','Stück'),(118,130,239,409,4,'Lagergehäuse','312 07 061 002',239,1,1,16,'Fein','Stück'),(118,131,240,410,3,'Läufer','335 08 030 011',240,1,1,16,'Fein','Stück'),(118,132,241,408,4,'Ventilationsflügel','Pos.66',241,1,1,16,'Fein','Stück'),(118,133,242,407,5,'Flügelgehäuse,43-265V','Pos.69',242,1,1,16,'Fein','Stück'),(118,134,243,432,6,'Motorgehäuse','Pos.1; 200 Hz; 265 V',243,1,1,16,'Fein','Stück'),(118,135,244,427,3,'Motorgehäuse','Pos.1; 300 Hz; 200 V',244,1,1,16,'Fein','Stück'),(118,136,247,430,1,'Kegelradgetriebe','43/31 Zähne; 200 Hz',247,1,1,16,'Fein','Stück'),(118,137,248,430,1,'Kegelradgetriebe','52/25 Zähne; 300 Hz',248,1,1,16,'Fein','Stück'),(118,138,249,430,1,'Kegelradgetriebe','49/18 Zähne; 300 Hz',249,1,1,16,'Fein','Stück'),(118,139,250,424,4,'Handgriff','Pos.92',250,1,1,16,'Fein','Stück'),(118,140,256,415,8,'Antriebswelle','Pos.320',256,1,1,16,'Fein','Stück'),(118,141,257,413,9,'Halslager','Pos.300',257,1,1,16,'Fein','Stück'),(118,142,259,414,6,'Anker','Pos.520',259,1,1,16,'Fein','Stück'),(118,143,260,401,4,'Motorgehäuse,43-265 V','Pos.10',260,1,1,16,'Fein','Stück'),(118,144,261,431,4,'Ständer mit Wicklung','Pos.20;200Hz; 265V',261,1,1,16,'Fein','Stück'),(118,145,262,428,4,'Ständer mit Wicklung','Pos.20;300Hz;200V',262,1,1,16,'Fein','Stück'),(118,146,264,411,5,'Zwischenlager','Pos.170',264,1,1,16,'Fein','Stück'),(118,147,265,416,6,'Hülse','Pos.510',265,1,1,16,'Fein','Stück'),(118,148,266,416,4,'Hülse','Pos.40',266,1,1,16,'Fein','Stück'),(118,156,67,412,5,'Ring mit Ansatz','Pos.500',67,1,1,16,'Fein','Stück'),(118,160,273,442,50,'Schnapp-Schellen NW11 ( für Rohr 13 mm)','799/11 5VC4 540-5 AL',273,NULL,1,61,'Kleinhuis','Stück'),(118,161,274,443,50,'Kunstoff-Klemmschelle 16','5VB4542 Type 16',274,10,1,62,'Fränkische Rohrwerke','Stück'),(118,162,275,444,80,'RO-CLIP-Rohrschelle,16mm','HCRS 16',275,NULL,1,58,'Newlec','Stück'),(118,163,276,445,70,'RO-CLIP-Rohrschelle,20mm','HCRS 20',276,10,1,58,'Newlec','Stück'),(118,164,278,446,20,'RO-CLIP-Rohrschelle,25mm','HCRS 25',278,10,1,58,'Newlec','Stück'),(118,165,280,457,30,'Befestigungsschellen , 28-30 mm','5VC4460',280,NULL,1,61,'Kleinhuis','Stück'),(118,166,279,456,80,'Befestigungsschellen , 20,5-21,5 mm','5VC4456',279,NULL,1,61,'Kleinhuis','Stück'),(118,167,281,458,100,'Befestigungsschellen , 20 mm','605/M20',281,NULL,1,60,'OBO (Bettermann)','Stück'),(118,168,282,459,70,'Befestigungsschellen , 28 mm','605/PG21',282,NULL,1,60,'OBO (Bettermann)','Stück'),(118,169,283,460,80,'Befestigungsschellen , 37 mm','605/PG29',283,NULL,1,60,'OBO (Bettermann)','Stück'),(118,170,284,459,6,'Aluminium-Steckmuffe 50','AMS-E 50',284,NULL,1,62,'Fränkische Rohrwerke','Stück'),(118,171,288,465,1,'Aluminium-Steckmuffe 40','AMS-E 40',288,NULL,1,62,'Fränkische Rohrwerke','Stück'),(118,172,287,464,15,'Aluminium-Steckmuffe 32','AMS-E 32',287,NULL,1,62,'Fränkische Rohrwerke','Stück'),(118,173,286,463,40,'Aluminium-Steckmuffe 20','AMS-E 20',286,NULL,1,62,'Fränkische Rohrwerke','Stück'),(118,175,289,467,80,'Endtüllen,PG16','5VB4173',289,NULL,1,60,'OBO (Bettermann)','Stück'),(118,176,290,475,20,'Endtüllen,PG42','5VB4177 207378',291,NULL,1,61,'Kleinhuis','Stück'),(118,178,292,471,100,'Endtülle , M20','129 M M20',292,NULL,1,60,'OBO (Bettermann)','Stück'),(118,179,293,472,20,'Endtülle , M32','129 M32',293,NULL,1,60,'OBO (Bettermann)','Stück'),(118,181,295,471,40,'Endtülle , M20','E-Ku-E 20',295,NULL,1,62,'Fränkische Rohrwerke','Stück'),(118,182,296,473,140,'Endtülle , M40','E-Ku-E 40',296,NULL,1,62,'Fränkische Rohrwerke','Stück'),(118,183,297,474,6,'Endtülle , M50','E-Ku-E 50',297,NULL,1,62,'Fränkische Rohrwerke','Stück'),(118,184,298,468,30,'Endtülle , PG29','?-',298,NULL,1,61,'Kleinhuis','Stück'),(118,185,299,495,6,'Leistungsschütz 11kW , 230VAC','LC1 D25004M5',299,1,1,72,'Telemecanique','Stück'),(118,186,300,496,2,'Sperrschütz','CA2-DK122',300,NULL,1,72,'Telemecanique','Stück'),(118,187,302,497,9,'Hilfsschütz 230VAC','CAD32P7',302,3,1,72,'Telemecanique','Stück'),(118,188,301,498,4,'Verklinkungsblock , 230V AC/DC','LAD6K10M',301,3,1,72,'Telemecanique','Stück'),(118,189,303,499,3,'Leistungsschütz 30kW , 230VAC','LC1 D6511P7',303,NULL,1,72,'Telemecanique','Stück'),(118,190,304,500,2,'Motorschützschalter 24-40 A','GV7 RS40',304,NULL,1,72,'Telemecanique','Stück'),(118,191,305,501,6,'Hilfskontaktblock','LA8 DN11',305,NULL,1,72,'Telemecanique','Stück'),(118,192,306,502,19,'Hilfskontaktblock ','LA1DN22',306,NULL,1,72,'Telemecanique','Stück'),(118,193,308,506,9,'Leistungsschütz 11kW , 230VAC','DILOAM',308,NULL,1,2,'Moeller','Stück'),(118,195,309,509,5,'Leistungsschütz 15kW , 230VAC','DIL1M',309,NULL,1,2,'Moeller','Stück'),(118,196,310,505,4,'Leistungsschütz 7,5kW , 24VDC','DILOM-G',310,NULL,1,2,'Moeller','Stück'),(118,198,311,507,4,'Leistungsschütz 11kW , 230VAC','DILM25-21',311,NULL,1,2,'Moeller','Stück'),(118,199,312,508,1,'Leistungsschütz 11kW , 230VAC','DILM25-10',312,NULL,1,2,'Moeller','Stück'),(118,200,313,511,4,'Hilfsschütz 230VAC','DIL04L-22',313,NULL,1,2,'Moeller','Stück'),(118,201,314,512,1,'Hilfsschütz 230VAC','DIL04L-31',314,NULL,1,2,'Moeller','Stück'),(118,202,315,513,4,'Hilfsschütz 230VAC','DIL04-40',315,NULL,1,2,'Moeller','Stück'),(118,203,316,514,1,'Hilfsschaltbaustein','22DILM',316,NULL,1,2,'Moeller','Stück'),(118,204,317,514,5,'Hilfsschaltbaustein','DILM32-XHI22',317,NULL,1,2,'Moeller','Stück'),(118,205,318,514,5,'Hilfsschaltbaustein','DILM32-XHI11',318,NULL,1,2,'Moeller','Stück'),(118,206,319,515,10,'Normalhilfsschalter','NHI11-PKZ0',319,NULL,1,2,'Moeller','Stück'),(118,207,320,505,7,'Normalhilfsschalter','NHI-E-11-PKZ0',320,NULL,1,2,'Moeller','Stück'),(118,208,321,516,1,'Motorschützschalter 0,16-0,25 A','PKZM0-0,25',321,NULL,1,2,'Moeller','Stück'),(118,209,322,516,1,'Motorschützschalter 0,63-1,0 A','PKZM0-1',322,NULL,1,2,'Moeller','Stück'),(118,210,323,516,1,'Motorschützschalter 1,0-1,6 A','PKZM0-1,6',323,NULL,1,2,'Moeller','Stück'),(118,211,324,516,1,'Motorschützschalter 1,6-2,5 A','PKZM0-2,5',324,NULL,1,2,'Moeller','Stück'),(118,212,325,517,1,'Motorschützschalter 6,3-10 A','PKZM0-10',325,NULL,1,2,'Moeller','Stück'),(118,213,326,517,2,'Motorschützschalter 4,0-6,3 A','PKZM0-6,3',326,NULL,1,2,'Moeller','Stück'),(118,216,328,518,2,'Motorschützschalter 20-25 A','PKZM0-25',328,NULL,1,2,'Moeller','Stück'),(118,217,329,519,2,'Motorschützschalter 4,0 A','GV2 LE08 4A',329,NULL,1,72,'Telemecanique','Stück'),(118,218,330,520,2,'Motorschützschalter 10 A','GV2 LE14 10A',330,NULL,1,72,'Telemecanique','Stück'),(118,219,331,510,1,'Instalationsschütz 63A','ESB 63-40',11000331,NULL,1,73,'ABB','Stück'),(118,220,332,510,1,'Instalationsschütz 24A','ESB24-31',100332,NULL,1,73,'ABB','Stück'),(118,221,333,510,2,'Instalationsschütz 24A','ESB24-40',1100333,NULL,1,73,'ABB','Stück'),(118,223,335,510,1,'Instalationsschütz 40A (Last-Fernschalter)','5TT3 806',11000335,NULL,1,1,'Siemens','Stück'),(118,225,337,516,2,'Koppelrelais','IK8802.12AC/DC24V',1000337,NULL,1,74,'E.Dold & Söhne KG','Stück'),(118,226,338,515,15,'Koppelrelais','IK8802.12/023AC/DC230V',1000338,NULL,1,74,'E.Dold & Söhne KG','Stück'),(118,227,339,517,7,'Koppelrelais','IK8701.12AC 50HZ 230V',100339,NULL,1,74,'E.Dold & Söhne KG','Stück'),(129,33,141,339,100,'Rohr-Abstandschellen,30-38 mm','733',141,NULL,1,60,'OBO (Bettermann)','Stück'),(129,34,139,338,100,'Rohr-Abstandschellen,24-29 mm','733/M25 PG 21',139,NULL,1,60,'OBO (Bettermann)','Stück'),(129,35,138,337,100,'Rohr-Abstandschellen,21-23 mm','733 PG 16',138,NULL,1,60,'OBO (Bettermann)','Stück'),(129,36,136,336,130,'Rohr-Abstandschellen,19-21 mm','733/M20',136,NULL,1,60,'OBO (Bettermann)','Stück'),(129,56,147,340,50,'Rohr-Abstandschellen,39-48 mm','733/M40 PG36',147,NULL,1,60,'OBO (Bettermann)','Stück'),(129,61,148,341,2,'Rohr-Abstandschellen,47-55 mm','5VC4895',148,NULL,1,61,'Kleinhuis','Stück'),(129,63,150,354,6,'NH-Sicherung Gr.000 16A','3NA3805',150,NULL,1,1,'Siemens','Stück'),(129,64,151,355,6,'NH-Sicherung Gr.000 20A','3NA3807',151,3,1,1,'Siemens','Stück'),(129,65,152,356,6,'NH-Sicherung Gr.000 25A','3NA3810',152,NULL,1,1,'Siemens','Stück'),(129,66,153,357,6,'NH-Sicherung Gr.000 35A','3NA3814',153,3,1,1,'Siemens','Stück'),(129,67,154,358,6,'NH-Sicherung Gr.000 50A','3NA3820',154,NULL,1,1,'Siemens','Stück'),(129,68,149,359,NULL,'NH-Sicherung Gr.000 63A','3NA3 822',149,3,1,1,'Siemens','Stück'),(129,69,155,360,6,'NH-Sicherung Gr.000 80A','3NA3824',155,NULL,1,1,'Siemens','Stück'),(129,70,156,361,6,'NH-Sicherung Gr.000 100A','3NA3830',156,NULL,1,1,'Siemens','Stück'),(129,71,157,362,NULL,'NH-Sicherung Gr.00 125A','3NA3832',157,NULL,1,1,'Siemens','Stück'),(129,72,158,363,6,'NH-Sicherung Gr.00 160A','3NA3836',158,NULL,1,1,'Siemens','Stück'),(129,74,160,364,15,'NH-Sicherung Gr.1 63A','3NA3122',160,3,1,1,'Siemens','Stück'),(129,75,161,365,4,'NH-Sicherung Gr.1 100A','3NA3130',161,NULL,1,1,'Siemens','Stück'),(129,76,162,366,6,'NH-Sicherung Gr.1 125A','3NA3132',162,3,1,1,'Siemens','Stück'),(129,77,163,367,11,'NH-Sicherung Gr.1 160A','3NA3136',163,3,1,1,'Siemens','Stück'),(129,78,178,368,4,'NH-Sicherung Gr.1 250A','3NA3144',178,3,1,1,'Siemens','Stück'),(129,79,165,369,1,'NH-Sicherung Gr.2 80A','3NA3224',165,3,1,1,'Siemens','Stück'),(129,81,176,378,6,'NH-Sicherung Gr.1 200A','3NA3140',176,3,1,1,'Siemens','Stück'),(129,82,166,370,4,'NH-Sicherung Gr.2 100A','3NA3230',166,3,1,1,'Siemens','Stück'),(129,83,167,371,9,'NH-Sicherung Gr.2 125A','3NA3232',167,3,1,1,'Siemens','Stück'),(129,84,168,372,3,'NH-Sicherung Gr.2 160A','3NA3236',168,3,1,1,'Siemens','Stück'),(129,85,169,373,3,'NH-Sicherung Gr.2 200A','3NA3240',169,3,1,1,'Siemens','Stück'),(129,86,170,374,9,'NH-Sicherung Gr.2 250A','3NA3244',170,3,1,1,'Siemens','Stück'),(129,87,175,382,12,'NH-Sicherung Gr.2 315A','2466151',175,3,1,1,'Siemens','Stück'),(129,88,171,383,4,'NH-Sicherung Gr.2 300A','3NA3250',171,3,1,1,'Siemens','Stück'),(129,89,172,384,4,'NH-Sicherung Gr.2 355A','3NA3254',172,3,1,1,'Siemens','Stück'),(129,90,173,385,3,'NH-Sicherung Gr.3 315A','3NA3352',173,3,1,1,'Siemens','Stück'),(129,91,174,386,4,'NH-Sicherung Gr.3 400A','3NA3360',174,3,1,1,'Siemens','Stück'),(129,92,179,387,50,'Aluminium-Klemmschelle 20','AKS-E 20',179,10,1,62,'Fränkische Rohrwerke','Stück'),(129,93,180,388,50,'Aluminium-Klemmschelle 32','AKS-E 32',180,10,1,62,'Fränkische Rohrwerke','Stück'),(129,94,181,389,25,'Aluminium-Klemmschelle 40','AKS-E 40',181,5,1,62,'Fränkische Rohrwerke','Stück'),(129,95,182,390,25,'Aluminium-Klemmschelle 50','AKS-E 50',182,5,1,62,'Fränkische Rohrwerke','Stück'),(129,96,183,391,25,'Aluminium-Abstandschelle 50','ASG-E 50',183,NULL,1,62,'Fränkische Rohrwerke','Stück'),(129,97,184,392,25,'Edelstahl-Abstandschelle V4 32','VSG-E 32',184,5,1,62,'Fränkische Rohrwerke','Stück'),(129,98,185,393,10,'Edelstahl-Abstandschelle V4 50','VSG-E 50',185,5,1,62,'Fränkische Rohrwerke','Stück'),(129,160,273,442,50,'Schnapp-Schellen NW11 ( für Rohr 13 mm)','799/11 5VC4 540-5 AL',273,NULL,1,61,'Kleinhuis','Stück'),(129,161,274,443,50,'Kunstoff-Klemmschelle 16','5VB4542 Type 16',274,10,1,62,'Fränkische Rohrwerke','Stück'),(129,162,275,444,80,'RO-CLIP-Rohrschelle,16mm','HCRS 16',275,NULL,1,58,'Newlec','Stück'),(129,163,276,445,70,'RO-CLIP-Rohrschelle,20mm','HCRS 20',276,10,1,58,'Newlec','Stück'),(129,164,278,446,20,'RO-CLIP-Rohrschelle,25mm','HCRS 25',278,10,1,58,'Newlec','Stück'),(129,165,280,457,30,'Befestigungsschellen , 28-30 mm','5VC4460',280,NULL,1,61,'Kleinhuis','Stück'),(129,166,279,456,80,'Befestigungsschellen , 20,5-21,5 mm','5VC4456',279,NULL,1,61,'Kleinhuis','Stück'),(129,167,281,458,100,'Befestigungsschellen , 20 mm','605/M20',281,NULL,1,60,'OBO (Bettermann)','Stück'),(129,168,282,459,70,'Befestigungsschellen , 28 mm','605/PG21',282,NULL,1,60,'OBO (Bettermann)','Stück'),(129,169,283,460,80,'Befestigungsschellen , 37 mm','605/PG29',283,NULL,1,60,'OBO (Bettermann)','Stück'),(129,170,284,459,6,'Aluminium-Steckmuffe 50','AMS-E 50',284,NULL,1,62,'Fränkische Rohrwerke','Stück'),(129,171,288,465,1,'Aluminium-Steckmuffe 40','AMS-E 40',288,NULL,1,62,'Fränkische Rohrwerke','Stück'),(129,172,287,464,15,'Aluminium-Steckmuffe 32','AMS-E 32',287,NULL,1,62,'Fränkische Rohrwerke','Stück'),(129,173,286,463,40,'Aluminium-Steckmuffe 20','AMS-E 20',286,NULL,1,62,'Fränkische Rohrwerke','Stück'),(129,175,289,467,80,'Endtüllen,PG16','5VB4173',289,NULL,1,60,'OBO (Bettermann)','Stück'),(129,176,290,475,20,'Endtüllen,PG42','5VB4177 207378',291,NULL,1,61,'Kleinhuis','Stück'),(129,178,292,471,100,'Endtülle , M20','129 M M20',292,NULL,1,60,'OBO (Bettermann)','Stück'),(129,179,293,472,20,'Endtülle , M32','129 M32',293,NULL,1,60,'OBO (Bettermann)','Stück'),(129,181,295,471,40,'Endtülle , M20','E-Ku-E 20',295,NULL,1,62,'Fränkische Rohrwerke','Stück'),(129,182,296,473,140,'Endtülle , M40','E-Ku-E 40',296,NULL,1,62,'Fränkische Rohrwerke','Stück'),(129,183,297,474,6,'Endtülle , M50','E-Ku-E 50',297,NULL,1,62,'Fränkische Rohrwerke','Stück'),(129,184,298,468,30,'Endtülle , PG29','?-',298,NULL,1,61,'Kleinhuis','Stück'),(130,33,141,339,100,'Rohr-Abstandschellen,30-38 mm','733',141,NULL,1,60,'OBO (Bettermann)','Stück'),(130,34,139,338,100,'Rohr-Abstandschellen,24-29 mm','733/M25 PG 21',139,NULL,1,60,'OBO (Bettermann)','Stück'),(130,35,138,337,100,'Rohr-Abstandschellen,21-23 mm','733 PG 16',138,NULL,1,60,'OBO (Bettermann)','Stück'),(130,36,136,336,130,'Rohr-Abstandschellen,19-21 mm','733/M20',136,NULL,1,60,'OBO (Bettermann)','Stück'),(130,56,147,340,50,'Rohr-Abstandschellen,39-48 mm','733/M40 PG36',147,NULL,1,60,'OBO (Bettermann)','Stück'),(130,61,148,341,2,'Rohr-Abstandschellen,47-55 mm','5VC4895',148,NULL,1,61,'Kleinhuis','Stück'),(130,63,150,354,6,'NH-Sicherung Gr.000 16A','3NA3805',150,NULL,1,1,'Siemens','Stück'),(130,64,151,355,6,'NH-Sicherung Gr.000 20A','3NA3807',151,3,1,1,'Siemens','Stück'),(130,65,152,356,6,'NH-Sicherung Gr.000 25A','3NA3810',152,NULL,1,1,'Siemens','Stück'),(130,66,153,357,6,'NH-Sicherung Gr.000 35A','3NA3814',153,3,1,1,'Siemens','Stück'),(130,67,154,358,6,'NH-Sicherung Gr.000 50A','3NA3820',154,NULL,1,1,'Siemens','Stück'),(130,68,149,359,NULL,'NH-Sicherung Gr.000 63A','3NA3 822',149,3,1,1,'Siemens','Stück'),(130,69,155,360,6,'NH-Sicherung Gr.000 80A','3NA3824',155,NULL,1,1,'Siemens','Stück'),(130,70,156,361,6,'NH-Sicherung Gr.000 100A','3NA3830',156,NULL,1,1,'Siemens','Stück'),(130,71,157,362,NULL,'NH-Sicherung Gr.00 125A','3NA3832',157,NULL,1,1,'Siemens','Stück'),(130,72,158,363,6,'NH-Sicherung Gr.00 160A','3NA3836',158,NULL,1,1,'Siemens','Stück'),(130,74,160,364,15,'NH-Sicherung Gr.1 63A','3NA3122',160,3,1,1,'Siemens','Stück'),(130,75,161,365,4,'NH-Sicherung Gr.1 100A','3NA3130',161,NULL,1,1,'Siemens','Stück'),(130,76,162,366,6,'NH-Sicherung Gr.1 125A','3NA3132',162,3,1,1,'Siemens','Stück'),(130,77,163,367,11,'NH-Sicherung Gr.1 160A','3NA3136',163,3,1,1,'Siemens','Stück'),(130,78,178,368,4,'NH-Sicherung Gr.1 250A','3NA3144',178,3,1,1,'Siemens','Stück'),(130,79,165,369,1,'NH-Sicherung Gr.2 80A','3NA3224',165,3,1,1,'Siemens','Stück'),(130,81,176,378,6,'NH-Sicherung Gr.1 200A','3NA3140',176,3,1,1,'Siemens','Stück'),(130,82,166,370,4,'NH-Sicherung Gr.2 100A','3NA3230',166,3,1,1,'Siemens','Stück'),(130,83,167,371,9,'NH-Sicherung Gr.2 125A','3NA3232',167,3,1,1,'Siemens','Stück'),(130,84,168,372,3,'NH-Sicherung Gr.2 160A','3NA3236',168,3,1,1,'Siemens','Stück'),(130,85,169,373,3,'NH-Sicherung Gr.2 200A','3NA3240',169,3,1,1,'Siemens','Stück'),(130,86,170,374,9,'NH-Sicherung Gr.2 250A','3NA3244',170,3,1,1,'Siemens','Stück'),(130,87,175,382,12,'NH-Sicherung Gr.2 315A','2466151',175,3,1,1,'Siemens','Stück'),(130,88,171,383,4,'NH-Sicherung Gr.2 300A','3NA3250',171,3,1,1,'Siemens','Stück'),(130,89,172,384,4,'NH-Sicherung Gr.2 355A','3NA3254',172,3,1,1,'Siemens','Stück'),(130,90,173,385,3,'NH-Sicherung Gr.3 315A','3NA3352',173,3,1,1,'Siemens','Stück'),(130,91,174,386,4,'NH-Sicherung Gr.3 400A','3NA3360',174,3,1,1,'Siemens','Stück'),(130,92,179,387,50,'Aluminium-Klemmschelle 20','AKS-E 20',179,10,1,62,'Fränkische Rohrwerke','Stück'),(130,93,180,388,50,'Aluminium-Klemmschelle 32','AKS-E 32',180,10,1,62,'Fränkische Rohrwerke','Stück'),(130,94,181,389,25,'Aluminium-Klemmschelle 40','AKS-E 40',181,5,1,62,'Fränkische Rohrwerke','Stück'),(130,95,182,390,25,'Aluminium-Klemmschelle 50','AKS-E 50',182,5,1,62,'Fränkische Rohrwerke','Stück'),(130,96,183,391,25,'Aluminium-Abstandschelle 50','ASG-E 50',183,NULL,1,62,'Fränkische Rohrwerke','Stück'),(130,97,184,392,25,'Edelstahl-Abstandschelle V4 32','VSG-E 32',184,5,1,62,'Fränkische Rohrwerke','Stück'),(130,98,185,393,10,'Edelstahl-Abstandschelle V4 50','VSG-E 50',185,5,1,62,'Fränkische Rohrwerke','Stück'),(130,160,273,442,50,'Schnapp-Schellen NW11 ( für Rohr 13 mm)','799/11 5VC4 540-5 AL',273,NULL,1,61,'Kleinhuis','Stück'),(130,161,274,443,50,'Kunstoff-Klemmschelle 16','5VB4542 Type 16',274,10,1,62,'Fränkische Rohrwerke','Stück'),(130,162,275,444,80,'RO-CLIP-Rohrschelle,16mm','HCRS 16',275,NULL,1,58,'Newlec','Stück'),(130,163,276,445,70,'RO-CLIP-Rohrschelle,20mm','HCRS 20',276,10,1,58,'Newlec','Stück'),(130,164,278,446,20,'RO-CLIP-Rohrschelle,25mm','HCRS 25',278,10,1,58,'Newlec','Stück'),(130,165,280,457,30,'Befestigungsschellen , 28-30 mm','5VC4460',280,NULL,1,61,'Kleinhuis','Stück'),(130,166,279,456,80,'Befestigungsschellen , 20,5-21,5 mm','5VC4456',279,NULL,1,61,'Kleinhuis','Stück'),(130,167,281,458,100,'Befestigungsschellen , 20 mm','605/M20',281,NULL,1,60,'OBO (Bettermann)','Stück'),(130,168,282,459,70,'Befestigungsschellen , 28 mm','605/PG21',282,NULL,1,60,'OBO (Bettermann)','Stück'),(130,169,283,460,80,'Befestigungsschellen , 37 mm','605/PG29',283,NULL,1,60,'OBO (Bettermann)','Stück'),(130,170,284,459,6,'Aluminium-Steckmuffe 50','AMS-E 50',284,NULL,1,62,'Fränkische Rohrwerke','Stück'),(130,171,288,465,1,'Aluminium-Steckmuffe 40','AMS-E 40',288,NULL,1,62,'Fränkische Rohrwerke','Stück'),(130,172,287,464,15,'Aluminium-Steckmuffe 32','AMS-E 32',287,NULL,1,62,'Fränkische Rohrwerke','Stück'),(130,173,286,463,40,'Aluminium-Steckmuffe 20','AMS-E 20',286,NULL,1,62,'Fränkische Rohrwerke','Stück'),(130,175,289,467,80,'Endtüllen,PG16','5VB4173',289,NULL,1,60,'OBO (Bettermann)','Stück'),(130,176,290,475,20,'Endtüllen,PG42','5VB4177 207378',291,NULL,1,61,'Kleinhuis','Stück'),(130,178,292,471,100,'Endtülle , M20','129 M M20',292,NULL,1,60,'OBO (Bettermann)','Stück'),(130,179,293,472,20,'Endtülle , M32','129 M32',293,NULL,1,60,'OBO (Bettermann)','Stück'),(130,181,295,471,40,'Endtülle , M20','E-Ku-E 20',295,NULL,1,62,'Fränkische Rohrwerke','Stück'),(130,182,296,473,140,'Endtülle , M40','E-Ku-E 40',296,NULL,1,62,'Fränkische Rohrwerke','Stück'),(130,183,297,474,6,'Endtülle , M50','E-Ku-E 50',297,NULL,1,62,'Fränkische Rohrwerke','Stück'),(130,184,298,468,30,'Endtülle , PG29','?-',298,NULL,1,61,'Kleinhuis','Stück'),(131,33,141,339,100,'Rohr-Abstandschellen,30-38 mm','733',141,NULL,1,60,'OBO (Bettermann)','Stück'),(131,34,139,338,100,'Rohr-Abstandschellen,24-29 mm','733/M25 PG 21',139,NULL,1,60,'OBO (Bettermann)','Stück'),(131,35,138,337,100,'Rohr-Abstandschellen,21-23 mm','733 PG 16',138,NULL,1,60,'OBO (Bettermann)','Stück'),(131,36,136,336,130,'Rohr-Abstandschellen,19-21 mm','733/M20',136,NULL,1,60,'OBO (Bettermann)','Stück'),(131,56,147,340,50,'Rohr-Abstandschellen,39-48 mm','733/M40 PG36',147,NULL,1,60,'OBO (Bettermann)','Stück'),(131,61,148,341,2,'Rohr-Abstandschellen,47-55 mm','5VC4895',148,NULL,1,61,'Kleinhuis','Stück'),(131,63,150,354,6,'NH-Sicherung Gr.000 16A','3NA3805',150,NULL,1,1,'Siemens','Stück'),(131,64,151,355,6,'NH-Sicherung Gr.000 20A','3NA3807',151,3,1,1,'Siemens','Stück'),(131,65,152,356,6,'NH-Sicherung Gr.000 25A','3NA3810',152,NULL,1,1,'Siemens','Stück'),(131,66,153,357,6,'NH-Sicherung Gr.000 35A','3NA3814',153,3,1,1,'Siemens','Stück'),(131,67,154,358,6,'NH-Sicherung Gr.000 50A','3NA3820',154,NULL,1,1,'Siemens','Stück'),(131,68,149,359,NULL,'NH-Sicherung Gr.000 63A','3NA3 822',149,3,1,1,'Siemens','Stück'),(131,69,155,360,6,'NH-Sicherung Gr.000 80A','3NA3824',155,NULL,1,1,'Siemens','Stück'),(131,70,156,361,6,'NH-Sicherung Gr.000 100A','3NA3830',156,NULL,1,1,'Siemens','Stück'),(131,71,157,362,NULL,'NH-Sicherung Gr.00 125A','3NA3832',157,NULL,1,1,'Siemens','Stück'),(131,72,158,363,6,'NH-Sicherung Gr.00 160A','3NA3836',158,NULL,1,1,'Siemens','Stück'),(131,74,160,364,15,'NH-Sicherung Gr.1 63A','3NA3122',160,3,1,1,'Siemens','Stück'),(131,75,161,365,4,'NH-Sicherung Gr.1 100A','3NA3130',161,NULL,1,1,'Siemens','Stück'),(131,76,162,366,6,'NH-Sicherung Gr.1 125A','3NA3132',162,3,1,1,'Siemens','Stück'),(131,77,163,367,11,'NH-Sicherung Gr.1 160A','3NA3136',163,3,1,1,'Siemens','Stück'),(131,78,178,368,4,'NH-Sicherung Gr.1 250A','3NA3144',178,3,1,1,'Siemens','Stück'),(131,79,165,369,1,'NH-Sicherung Gr.2 80A','3NA3224',165,3,1,1,'Siemens','Stück'),(131,81,176,378,6,'NH-Sicherung Gr.1 200A','3NA3140',176,3,1,1,'Siemens','Stück'),(131,82,166,370,4,'NH-Sicherung Gr.2 100A','3NA3230',166,3,1,1,'Siemens','Stück'),(131,83,167,371,9,'NH-Sicherung Gr.2 125A','3NA3232',167,3,1,1,'Siemens','Stück'),(131,84,168,372,3,'NH-Sicherung Gr.2 160A','3NA3236',168,3,1,1,'Siemens','Stück'),(131,85,169,373,3,'NH-Sicherung Gr.2 200A','3NA3240',169,3,1,1,'Siemens','Stück'),(131,86,170,374,9,'NH-Sicherung Gr.2 250A','3NA3244',170,3,1,1,'Siemens','Stück'),(131,87,175,382,12,'NH-Sicherung Gr.2 315A','2466151',175,3,1,1,'Siemens','Stück'),(131,88,171,383,4,'NH-Sicherung Gr.2 300A','3NA3250',171,3,1,1,'Siemens','Stück'),(131,89,172,384,4,'NH-Sicherung Gr.2 355A','3NA3254',172,3,1,1,'Siemens','Stück'),(131,90,173,385,3,'NH-Sicherung Gr.3 315A','3NA3352',173,3,1,1,'Siemens','Stück'),(131,91,174,386,4,'NH-Sicherung Gr.3 400A','3NA3360',174,3,1,1,'Siemens','Stück'),(131,92,179,387,50,'Aluminium-Klemmschelle 20','AKS-E 20',179,10,1,62,'Fränkische Rohrwerke','Stück'),(131,93,180,388,50,'Aluminium-Klemmschelle 32','AKS-E 32',180,10,1,62,'Fränkische Rohrwerke','Stück'),(131,94,181,389,25,'Aluminium-Klemmschelle 40','AKS-E 40',181,5,1,62,'Fränkische Rohrwerke','Stück'),(131,95,182,390,25,'Aluminium-Klemmschelle 50','AKS-E 50',182,5,1,62,'Fränkische Rohrwerke','Stück'),(131,96,183,391,25,'Aluminium-Abstandschelle 50','ASG-E 50',183,NULL,1,62,'Fränkische Rohrwerke','Stück'),(131,97,184,392,25,'Edelstahl-Abstandschelle V4 32','VSG-E 32',184,5,1,62,'Fränkische Rohrwerke','Stück'),(131,98,185,393,10,'Edelstahl-Abstandschelle V4 50','VSG-E 50',185,5,1,62,'Fränkische Rohrwerke','Stück'),(131,160,273,442,50,'Schnapp-Schellen NW11 ( für Rohr 13 mm)','799/11 5VC4 540-5 AL',273,NULL,1,61,'Kleinhuis','Stück'),(131,161,274,443,50,'Kunstoff-Klemmschelle 16','5VB4542 Type 16',274,10,1,62,'Fränkische Rohrwerke','Stück'),(131,162,275,444,80,'RO-CLIP-Rohrschelle,16mm','HCRS 16',275,NULL,1,58,'Newlec','Stück'),(131,163,276,445,70,'RO-CLIP-Rohrschelle,20mm','HCRS 20',276,10,1,58,'Newlec','Stück'),(131,164,278,446,20,'RO-CLIP-Rohrschelle,25mm','HCRS 25',278,10,1,58,'Newlec','Stück'),(131,165,280,457,30,'Befestigungsschellen , 28-30 mm','5VC4460',280,NULL,1,61,'Kleinhuis','Stück'),(131,166,279,456,80,'Befestigungsschellen , 20,5-21,5 mm','5VC4456',279,NULL,1,61,'Kleinhuis','Stück'),(131,167,281,458,100,'Befestigungsschellen , 20 mm','605/M20',281,NULL,1,60,'OBO (Bettermann)','Stück'),(131,168,282,459,70,'Befestigungsschellen , 28 mm','605/PG21',282,NULL,1,60,'OBO (Bettermann)','Stück'),(131,169,283,460,80,'Befestigungsschellen , 37 mm','605/PG29',283,NULL,1,60,'OBO (Bettermann)','Stück'),(131,170,284,459,6,'Aluminium-Steckmuffe 50','AMS-E 50',284,NULL,1,62,'Fränkische Rohrwerke','Stück'),(131,171,288,465,1,'Aluminium-Steckmuffe 40','AMS-E 40',288,NULL,1,62,'Fränkische Rohrwerke','Stück'),(131,172,287,464,15,'Aluminium-Steckmuffe 32','AMS-E 32',287,NULL,1,62,'Fränkische Rohrwerke','Stück'),(131,173,286,463,40,'Aluminium-Steckmuffe 20','AMS-E 20',286,NULL,1,62,'Fränkische Rohrwerke','Stück'),(131,175,289,467,80,'Endtüllen,PG16','5VB4173',289,NULL,1,60,'OBO (Bettermann)','Stück'),(131,176,290,475,20,'Endtüllen,PG42','5VB4177 207378',291,NULL,1,61,'Kleinhuis','Stück'),(131,178,292,471,100,'Endtülle , M20','129 M M20',292,NULL,1,60,'OBO (Bettermann)','Stück'),(131,179,293,472,20,'Endtülle , M32','129 M32',293,NULL,1,60,'OBO (Bettermann)','Stück'),(131,181,295,471,40,'Endtülle , M20','E-Ku-E 20',295,NULL,1,62,'Fränkische Rohrwerke','Stück'),(131,182,296,473,140,'Endtülle , M40','E-Ku-E 40',296,NULL,1,62,'Fränkische Rohrwerke','Stück'),(131,183,297,474,6,'Endtülle , M50','E-Ku-E 50',297,NULL,1,62,'Fränkische Rohrwerke','Stück'),(131,184,298,468,30,'Endtülle , PG29','?-',298,NULL,1,61,'Kleinhuis','Stück'),(131,185,299,495,6,'Leistungsschütz 11kW , 230VAC','LC1 D25004M5',299,1,1,72,'Telemecanique','Stück'),(131,186,300,496,2,'Sperrschütz','CA2-DK122',300,NULL,1,72,'Telemecanique','Stück'),(131,187,302,497,9,'Hilfsschütz 230VAC','CAD32P7',302,3,1,72,'Telemecanique','Stück'),(131,188,301,498,4,'Verklinkungsblock , 230V AC/DC','LAD6K10M',301,3,1,72,'Telemecanique','Stück'),(131,189,303,499,3,'Leistungsschütz 30kW , 230VAC','LC1 D6511P7',303,NULL,1,72,'Telemecanique','Stück'),(131,190,304,500,2,'Motorschützschalter 24-40 A','GV7 RS40',304,NULL,1,72,'Telemecanique','Stück'),(131,191,305,501,6,'Hilfskontaktblock','LA8 DN11',305,NULL,1,72,'Telemecanique','Stück'),(131,192,306,502,19,'Hilfskontaktblock ','LA1DN22',306,NULL,1,72,'Telemecanique','Stück'),(131,193,308,506,9,'Leistungsschütz 11kW , 230VAC','DILOAM',308,NULL,1,2,'Moeller','Stück'),(131,195,309,509,5,'Leistungsschütz 15kW , 230VAC','DIL1M',309,NULL,1,2,'Moeller','Stück'),(131,196,310,505,4,'Leistungsschütz 7,5kW , 24VDC','DILOM-G',310,NULL,1,2,'Moeller','Stück'),(131,198,311,507,4,'Leistungsschütz 11kW , 230VAC','DILM25-21',311,NULL,1,2,'Moeller','Stück'),(131,199,312,508,1,'Leistungsschütz 11kW , 230VAC','DILM25-10',312,NULL,1,2,'Moeller','Stück'),(131,200,313,511,4,'Hilfsschütz 230VAC','DIL04L-22',313,NULL,1,2,'Moeller','Stück'),(131,201,314,512,1,'Hilfsschütz 230VAC','DIL04L-31',314,NULL,1,2,'Moeller','Stück'),(131,202,315,513,4,'Hilfsschütz 230VAC','DIL04-40',315,NULL,1,2,'Moeller','Stück'),(131,203,316,514,1,'Hilfsschaltbaustein','22DILM',316,NULL,1,2,'Moeller','Stück'),(131,204,317,514,5,'Hilfsschaltbaustein','DILM32-XHI22',317,NULL,1,2,'Moeller','Stück'),(131,205,318,514,5,'Hilfsschaltbaustein','DILM32-XHI11',318,NULL,1,2,'Moeller','Stück'),(131,206,319,515,10,'Normalhilfsschalter','NHI11-PKZ0',319,NULL,1,2,'Moeller','Stück'),(131,207,320,505,7,'Normalhilfsschalter','NHI-E-11-PKZ0',320,NULL,1,2,'Moeller','Stück'),(131,208,321,516,1,'Motorschützschalter 0,16-0,25 A','PKZM0-0,25',321,NULL,1,2,'Moeller','Stück'),(131,209,322,516,1,'Motorschützschalter 0,63-1,0 A','PKZM0-1',322,NULL,1,2,'Moeller','Stück'),(131,210,323,516,1,'Motorschützschalter 1,0-1,6 A','PKZM0-1,6',323,NULL,1,2,'Moeller','Stück'),(131,211,324,516,1,'Motorschützschalter 1,6-2,5 A','PKZM0-2,5',324,NULL,1,2,'Moeller','Stück'),(131,212,325,517,1,'Motorschützschalter 6,3-10 A','PKZM0-10',325,NULL,1,2,'Moeller','Stück'),(131,213,326,517,2,'Motorschützschalter 4,0-6,3 A','PKZM0-6,3',326,NULL,1,2,'Moeller','Stück'),(131,216,328,518,2,'Motorschützschalter 20-25 A','PKZM0-25',328,NULL,1,2,'Moeller','Stück'),(131,217,329,519,2,'Motorschützschalter 4,0 A','GV2 LE08 4A',329,NULL,1,72,'Telemecanique','Stück'),(131,218,330,520,2,'Motorschützschalter 10 A','GV2 LE14 10A',330,NULL,1,72,'Telemecanique','Stück'),(131,219,331,510,1,'Instalationsschütz 63A','ESB 63-40',11000331,NULL,1,73,'ABB','Stück'),(131,220,332,510,1,'Instalationsschütz 24A','ESB24-31',100332,NULL,1,73,'ABB','Stück'),(131,221,333,510,2,'Instalationsschütz 24A','ESB24-40',1100333,NULL,1,73,'ABB','Stück'),(131,223,335,510,1,'Instalationsschütz 40A (Last-Fernschalter)','5TT3 806',11000335,NULL,1,1,'Siemens','Stück'),(131,225,337,516,2,'Koppelrelais','IK8802.12AC/DC24V',1000337,NULL,1,74,'E.Dold & Söhne KG','Stück'),(131,226,338,515,15,'Koppelrelais','IK8802.12/023AC/DC230V',1000338,NULL,1,74,'E.Dold & Söhne KG','Stück'),(131,227,339,517,7,'Koppelrelais','IK8701.12AC 50HZ 230V',100339,NULL,1,74,'E.Dold & Söhne KG','Stück'),(132,33,141,339,100,'Rohr-Abstandschellen,30-38 mm','733',141,NULL,1,60,'OBO (Bettermann)','Stück'),(132,34,139,338,100,'Rohr-Abstandschellen,24-29 mm','733/M25 PG 21',139,NULL,1,60,'OBO (Bettermann)','Stück'),(132,35,138,337,100,'Rohr-Abstandschellen,21-23 mm','733 PG 16',138,NULL,1,60,'OBO (Bettermann)','Stück'),(132,36,136,336,130,'Rohr-Abstandschellen,19-21 mm','733/M20',136,NULL,1,60,'OBO (Bettermann)','Stück'),(132,56,147,340,50,'Rohr-Abstandschellen,39-48 mm','733/M40 PG36',147,NULL,1,60,'OBO (Bettermann)','Stück'),(132,61,148,341,2,'Rohr-Abstandschellen,47-55 mm','5VC4895',148,NULL,1,61,'Kleinhuis','Stück'),(132,63,150,354,6,'NH-Sicherung Gr.000 16A','3NA3805',150,NULL,1,1,'Siemens','Stück'),(132,64,151,355,6,'NH-Sicherung Gr.000 20A','3NA3807',151,3,1,1,'Siemens','Stück'),(132,65,152,356,6,'NH-Sicherung Gr.000 25A','3NA3810',152,NULL,1,1,'Siemens','Stück'),(132,66,153,357,6,'NH-Sicherung Gr.000 35A','3NA3814',153,3,1,1,'Siemens','Stück'),(132,67,154,358,6,'NH-Sicherung Gr.000 50A','3NA3820',154,NULL,1,1,'Siemens','Stück'),(132,68,149,359,NULL,'NH-Sicherung Gr.000 63A','3NA3 822',149,3,1,1,'Siemens','Stück'),(132,69,155,360,6,'NH-Sicherung Gr.000 80A','3NA3824',155,NULL,1,1,'Siemens','Stück'),(132,70,156,361,6,'NH-Sicherung Gr.000 100A','3NA3830',156,NULL,1,1,'Siemens','Stück'),(132,71,157,362,NULL,'NH-Sicherung Gr.00 125A','3NA3832',157,NULL,1,1,'Siemens','Stück'),(132,72,158,363,6,'NH-Sicherung Gr.00 160A','3NA3836',158,NULL,1,1,'Siemens','Stück'),(132,74,160,364,15,'NH-Sicherung Gr.1 63A','3NA3122',160,3,1,1,'Siemens','Stück'),(132,75,161,365,4,'NH-Sicherung Gr.1 100A','3NA3130',161,NULL,1,1,'Siemens','Stück'),(132,76,162,366,6,'NH-Sicherung Gr.1 125A','3NA3132',162,3,1,1,'Siemens','Stück'),(132,77,163,367,11,'NH-Sicherung Gr.1 160A','3NA3136',163,3,1,1,'Siemens','Stück'),(132,78,178,368,4,'NH-Sicherung Gr.1 250A','3NA3144',178,3,1,1,'Siemens','Stück'),(132,79,165,369,1,'NH-Sicherung Gr.2 80A','3NA3224',165,3,1,1,'Siemens','Stück'),(132,81,176,378,6,'NH-Sicherung Gr.1 200A','3NA3140',176,3,1,1,'Siemens','Stück'),(132,82,166,370,4,'NH-Sicherung Gr.2 100A','3NA3230',166,3,1,1,'Siemens','Stück'),(132,83,167,371,9,'NH-Sicherung Gr.2 125A','3NA3232',167,3,1,1,'Siemens','Stück'),(132,84,168,372,3,'NH-Sicherung Gr.2 160A','3NA3236',168,3,1,1,'Siemens','Stück'),(132,85,169,373,3,'NH-Sicherung Gr.2 200A','3NA3240',169,3,1,1,'Siemens','Stück'),(132,86,170,374,9,'NH-Sicherung Gr.2 250A','3NA3244',170,3,1,1,'Siemens','Stück'),(132,87,175,382,12,'NH-Sicherung Gr.2 315A','2466151',175,3,1,1,'Siemens','Stück'),(132,88,171,383,4,'NH-Sicherung Gr.2 300A','3NA3250',171,3,1,1,'Siemens','Stück'),(132,89,172,384,4,'NH-Sicherung Gr.2 355A','3NA3254',172,3,1,1,'Siemens','Stück'),(132,90,173,385,3,'NH-Sicherung Gr.3 315A','3NA3352',173,3,1,1,'Siemens','Stück'),(132,91,174,386,4,'NH-Sicherung Gr.3 400A','3NA3360',174,3,1,1,'Siemens','Stück'),(132,92,179,387,50,'Aluminium-Klemmschelle 20','AKS-E 20',179,10,1,62,'Fränkische Rohrwerke','Stück'),(132,93,180,388,50,'Aluminium-Klemmschelle 32','AKS-E 32',180,10,1,62,'Fränkische Rohrwerke','Stück'),(132,94,181,389,25,'Aluminium-Klemmschelle 40','AKS-E 40',181,5,1,62,'Fränkische Rohrwerke','Stück'),(132,95,182,390,25,'Aluminium-Klemmschelle 50','AKS-E 50',182,5,1,62,'Fränkische Rohrwerke','Stück'),(132,96,183,391,25,'Aluminium-Abstandschelle 50','ASG-E 50',183,NULL,1,62,'Fränkische Rohrwerke','Stück'),(132,97,184,392,25,'Edelstahl-Abstandschelle V4 32','VSG-E 32',184,5,1,62,'Fränkische Rohrwerke','Stück'),(132,98,185,393,10,'Edelstahl-Abstandschelle V4 50','VSG-E 50',185,5,1,62,'Fränkische Rohrwerke','Stück'),(132,125,235,404,2,'Lagerplatte','324 19 055 003',235,1,1,16,'Fein','Stück'),(132,126,233,402,5,'Schutzhaube 180mm','318 10 070 121',233,1,1,16,'Fein','Stück'),(132,127,236,405,7,'Antriebswelle M14','Pos.42',236,1,1,16,'Fein','Stück'),(132,128,237,406,3,'Flantsch','324 36 025 004',237,1,1,16,'Fein','Stück'),(132,129,238,400,5,'Hülse','Pos.62',238,1,1,16,'Fein','Stück'),(132,130,239,409,4,'Lagergehäuse','312 07 061 002',239,1,1,16,'Fein','Stück'),(132,131,240,410,3,'Läufer','335 08 030 011',240,1,1,16,'Fein','Stück'),(132,132,241,408,4,'Ventilationsflügel','Pos.66',241,1,1,16,'Fein','Stück'),(132,133,242,407,5,'Flügelgehäuse,43-265V','Pos.69',242,1,1,16,'Fein','Stück'),(132,134,243,432,6,'Motorgehäuse','Pos.1; 200 Hz; 265 V',243,1,1,16,'Fein','Stück'),(132,135,244,427,3,'Motorgehäuse','Pos.1; 300 Hz; 200 V',244,1,1,16,'Fein','Stück'),(132,136,247,430,1,'Kegelradgetriebe','43/31 Zähne; 200 Hz',247,1,1,16,'Fein','Stück'),(132,137,248,430,1,'Kegelradgetriebe','52/25 Zähne; 300 Hz',248,1,1,16,'Fein','Stück'),(132,138,249,430,1,'Kegelradgetriebe','49/18 Zähne; 300 Hz',249,1,1,16,'Fein','Stück'),(132,139,250,424,4,'Handgriff','Pos.92',250,1,1,16,'Fein','Stück'),(132,140,256,415,8,'Antriebswelle','Pos.320',256,1,1,16,'Fein','Stück'),(132,141,257,413,9,'Halslager','Pos.300',257,1,1,16,'Fein','Stück'),(132,142,259,414,6,'Anker','Pos.520',259,1,1,16,'Fein','Stück'),(132,143,260,401,4,'Motorgehäuse,43-265 V','Pos.10',260,1,1,16,'Fein','Stück'),(132,144,261,431,4,'Ständer mit Wicklung','Pos.20;200Hz; 265V',261,1,1,16,'Fein','Stück'),(132,145,262,428,4,'Ständer mit Wicklung','Pos.20;300Hz;200V',262,1,1,16,'Fein','Stück'),(132,146,264,411,5,'Zwischenlager','Pos.170',264,1,1,16,'Fein','Stück'),(132,147,265,416,6,'Hülse','Pos.510',265,1,1,16,'Fein','Stück'),(132,148,266,416,4,'Hülse','Pos.40',266,1,1,16,'Fein','Stück'),(132,156,67,412,5,'Ring mit Ansatz','Pos.500',67,1,1,16,'Fein','Stück'),(132,160,273,442,50,'Schnapp-Schellen NW11 ( für Rohr 13 mm)','799/11 5VC4 540-5 AL',273,NULL,1,61,'Kleinhuis','Stück'),(132,161,274,443,50,'Kunstoff-Klemmschelle 16','5VB4542 Type 16',274,10,1,62,'Fränkische Rohrwerke','Stück'),(132,162,275,444,80,'RO-CLIP-Rohrschelle,16mm','HCRS 16',275,NULL,1,58,'Newlec','Stück'),(132,163,276,445,70,'RO-CLIP-Rohrschelle,20mm','HCRS 20',276,10,1,58,'Newlec','Stück'),(132,164,278,446,20,'RO-CLIP-Rohrschelle,25mm','HCRS 25',278,10,1,58,'Newlec','Stück'),(132,165,280,457,30,'Befestigungsschellen , 28-30 mm','5VC4460',280,NULL,1,61,'Kleinhuis','Stück'),(132,166,279,456,80,'Befestigungsschellen , 20,5-21,5 mm','5VC4456',279,NULL,1,61,'Kleinhuis','Stück'),(132,167,281,458,100,'Befestigungsschellen , 20 mm','605/M20',281,NULL,1,60,'OBO (Bettermann)','Stück'),(132,168,282,459,70,'Befestigungsschellen , 28 mm','605/PG21',282,NULL,1,60,'OBO (Bettermann)','Stück'),(132,169,283,460,80,'Befestigungsschellen , 37 mm','605/PG29',283,NULL,1,60,'OBO (Bettermann)','Stück'),(132,170,284,459,6,'Aluminium-Steckmuffe 50','AMS-E 50',284,NULL,1,62,'Fränkische Rohrwerke','Stück'),(132,171,288,465,1,'Aluminium-Steckmuffe 40','AMS-E 40',288,NULL,1,62,'Fränkische Rohrwerke','Stück'),(132,172,287,464,15,'Aluminium-Steckmuffe 32','AMS-E 32',287,NULL,1,62,'Fränkische Rohrwerke','Stück'),(132,173,286,463,40,'Aluminium-Steckmuffe 20','AMS-E 20',286,NULL,1,62,'Fränkische Rohrwerke','Stück'),(132,175,289,467,80,'Endtüllen,PG16','5VB4173',289,NULL,1,60,'OBO (Bettermann)','Stück'),(132,176,290,475,20,'Endtüllen,PG42','5VB4177 207378',291,NULL,1,61,'Kleinhuis','Stück'),(132,178,292,471,100,'Endtülle , M20','129 M M20',292,NULL,1,60,'OBO (Bettermann)','Stück'),(132,179,293,472,20,'Endtülle , M32','129 M32',293,NULL,1,60,'OBO (Bettermann)','Stück'),(132,181,295,471,40,'Endtülle , M20','E-Ku-E 20',295,NULL,1,62,'Fränkische Rohrwerke','Stück'),(132,182,296,473,140,'Endtülle , M40','E-Ku-E 40',296,NULL,1,62,'Fränkische Rohrwerke','Stück'),(132,183,297,474,6,'Endtülle , M50','E-Ku-E 50',297,NULL,1,62,'Fränkische Rohrwerke','Stück'),(132,184,298,468,30,'Endtülle , PG29','?-',298,NULL,1,61,'Kleinhuis','Stück'),(132,185,299,495,6,'Leistungsschütz 11kW , 230VAC','LC1 D25004M5',299,1,1,72,'Telemecanique','Stück'),(132,186,300,496,2,'Sperrschütz','CA2-DK122',300,NULL,1,72,'Telemecanique','Stück'),(132,187,302,497,9,'Hilfsschütz 230VAC','CAD32P7',302,3,1,72,'Telemecanique','Stück'),(132,188,301,498,4,'Verklinkungsblock , 230V AC/DC','LAD6K10M',301,3,1,72,'Telemecanique','Stück'),(132,189,303,499,3,'Leistungsschütz 30kW , 230VAC','LC1 D6511P7',303,NULL,1,72,'Telemecanique','Stück'),(132,190,304,500,2,'Motorschützschalter 24-40 A','GV7 RS40',304,NULL,1,72,'Telemecanique','Stück'),(132,191,305,501,6,'Hilfskontaktblock','LA8 DN11',305,NULL,1,72,'Telemecanique','Stück'),(132,192,306,502,19,'Hilfskontaktblock ','LA1DN22',306,NULL,1,72,'Telemecanique','Stück'),(132,193,308,506,9,'Leistungsschütz 11kW , 230VAC','DILOAM',308,NULL,1,2,'Moeller','Stück'),(132,195,309,509,5,'Leistungsschütz 15kW , 230VAC','DIL1M',309,NULL,1,2,'Moeller','Stück'),(132,196,310,505,4,'Leistungsschütz 7,5kW , 24VDC','DILOM-G',310,NULL,1,2,'Moeller','Stück'),(132,198,311,507,4,'Leistungsschütz 11kW , 230VAC','DILM25-21',311,NULL,1,2,'Moeller','Stück'),(132,199,312,508,1,'Leistungsschütz 11kW , 230VAC','DILM25-10',312,NULL,1,2,'Moeller','Stück'),(132,200,313,511,4,'Hilfsschütz 230VAC','DIL04L-22',313,NULL,1,2,'Moeller','Stück'),(132,201,314,512,1,'Hilfsschütz 230VAC','DIL04L-31',314,NULL,1,2,'Moeller','Stück'),(132,202,315,513,4,'Hilfsschütz 230VAC','DIL04-40',315,NULL,1,2,'Moeller','Stück'),(132,203,316,514,1,'Hilfsschaltbaustein','22DILM',316,NULL,1,2,'Moeller','Stück'),(132,204,317,514,5,'Hilfsschaltbaustein','DILM32-XHI22',317,NULL,1,2,'Moeller','Stück'),(132,205,318,514,5,'Hilfsschaltbaustein','DILM32-XHI11',318,NULL,1,2,'Moeller','Stück'),(132,206,319,515,10,'Normalhilfsschalter','NHI11-PKZ0',319,NULL,1,2,'Moeller','Stück'),(132,207,320,505,7,'Normalhilfsschalter','NHI-E-11-PKZ0',320,NULL,1,2,'Moeller','Stück'),(132,208,321,516,1,'Motorschützschalter 0,16-0,25 A','PKZM0-0,25',321,NULL,1,2,'Moeller','Stück'),(132,209,322,516,1,'Motorschützschalter 0,63-1,0 A','PKZM0-1',322,NULL,1,2,'Moeller','Stück'),(132,210,323,516,1,'Motorschützschalter 1,0-1,6 A','PKZM0-1,6',323,NULL,1,2,'Moeller','Stück'),(132,211,324,516,1,'Motorschützschalter 1,6-2,5 A','PKZM0-2,5',324,NULL,1,2,'Moeller','Stück'),(132,212,325,517,1,'Motorschützschalter 6,3-10 A','PKZM0-10',325,NULL,1,2,'Moeller','Stück'),(132,213,326,517,2,'Motorschützschalter 4,0-6,3 A','PKZM0-6,3',326,NULL,1,2,'Moeller','Stück'),(132,216,328,518,2,'Motorschützschalter 20-25 A','PKZM0-25',328,NULL,1,2,'Moeller','Stück'),(132,217,329,519,2,'Motorschützschalter 4,0 A','GV2 LE08 4A',329,NULL,1,72,'Telemecanique','Stück'),(132,218,330,520,2,'Motorschützschalter 10 A','GV2 LE14 10A',330,NULL,1,72,'Telemecanique','Stück'),(132,219,331,510,1,'Instalationsschütz 63A','ESB 63-40',11000331,NULL,1,73,'ABB','Stück'),(132,220,332,510,1,'Instalationsschütz 24A','ESB24-31',100332,NULL,1,73,'ABB','Stück'),(132,221,333,510,2,'Instalationsschütz 24A','ESB24-40',1100333,NULL,1,73,'ABB','Stück'),(132,223,335,510,1,'Instalationsschütz 40A (Last-Fernschalter)','5TT3 806',11000335,NULL,1,1,'Siemens','Stück'),(132,225,337,516,2,'Koppelrelais','IK8802.12AC/DC24V',1000337,NULL,1,74,'E.Dold & Söhne KG','Stück'),(132,226,338,515,15,'Koppelrelais','IK8802.12/023AC/DC230V',1000338,NULL,1,74,'E.Dold & Söhne KG','Stück'),(132,227,339,517,7,'Koppelrelais','IK8701.12AC 50HZ 230V',100339,NULL,1,74,'E.Dold & Söhne KG','Stück'),(133,33,141,339,100,'Rohr-Abstandschellen,30-38 mm','733',141,NULL,1,60,'OBO (Bettermann)','Stück'),(133,34,139,338,100,'Rohr-Abstandschellen,24-29 mm','733/M25 PG 21',139,NULL,1,60,'OBO (Bettermann)','Stück'),(133,35,138,337,100,'Rohr-Abstandschellen,21-23 mm','733 PG 16',138,NULL,1,60,'OBO (Bettermann)','Stück'),(133,36,136,336,124,'Rohr-Abstandschellen,19-21 mm','733/M20',136,NULL,1,60,'OBO (Bettermann)','Stück'),(133,56,147,340,50,'Rohr-Abstandschellen,39-48 mm','733/M40 PG36',147,NULL,1,60,'OBO (Bettermann)','Stück'),(133,61,148,341,2,'Rohr-Abstandschellen,47-55 mm','5VC4895',148,NULL,1,61,'Kleinhuis','Stück'),(133,63,150,354,6,'NH-Sicherung Gr.000 16A','3NA3805',150,NULL,1,1,'Siemens','Stück'),(133,64,151,355,6,'NH-Sicherung Gr.000 20A','3NA3807',151,3,1,1,'Siemens','Stück'),(133,65,152,356,6,'NH-Sicherung Gr.000 25A','3NA3810',152,NULL,1,1,'Siemens','Stück'),(133,66,153,357,6,'NH-Sicherung Gr.000 35A','3NA3814',153,3,1,1,'Siemens','Stück'),(133,67,154,358,6,'NH-Sicherung Gr.000 50A','3NA3820',154,NULL,1,1,'Siemens','Stück'),(133,68,149,359,NULL,'NH-Sicherung Gr.000 63A','3NA3 822',149,3,1,1,'Siemens','Stück'),(133,69,155,360,6,'NH-Sicherung Gr.000 80A','3NA3824',155,NULL,1,1,'Siemens','Stück'),(133,70,156,361,6,'NH-Sicherung Gr.000 100A','3NA3830',156,NULL,1,1,'Siemens','Stück'),(133,71,157,362,NULL,'NH-Sicherung Gr.00 125A','3NA3832',157,NULL,1,1,'Siemens','Stück'),(133,72,158,363,6,'NH-Sicherung Gr.00 160A','3NA3836',158,NULL,1,1,'Siemens','Stück'),(133,74,160,364,15,'NH-Sicherung Gr.1 63A','3NA3122',160,3,1,1,'Siemens','Stück'),(133,75,161,365,4,'NH-Sicherung Gr.1 100A','3NA3130',161,NULL,1,1,'Siemens','Stück'),(133,76,162,366,6,'NH-Sicherung Gr.1 125A','3NA3132',162,3,1,1,'Siemens','Stück'),(133,77,163,367,11,'NH-Sicherung Gr.1 160A','3NA3136',163,3,1,1,'Siemens','Stück'),(133,78,178,368,4,'NH-Sicherung Gr.1 250A','3NA3144',178,3,1,1,'Siemens','Stück'),(133,79,165,369,1,'NH-Sicherung Gr.2 80A','3NA3224',165,3,1,1,'Siemens','Stück'),(133,81,176,378,6,'NH-Sicherung Gr.1 200A','3NA3140',176,3,1,1,'Siemens','Stück'),(133,82,166,370,4,'NH-Sicherung Gr.2 100A','3NA3230',166,3,1,1,'Siemens','Stück'),(133,83,167,371,9,'NH-Sicherung Gr.2 125A','3NA3232',167,3,1,1,'Siemens','Stück'),(133,84,168,372,3,'NH-Sicherung Gr.2 160A','3NA3236',168,3,1,1,'Siemens','Stück'),(133,85,169,373,3,'NH-Sicherung Gr.2 200A','3NA3240',169,3,1,1,'Siemens','Stück'),(133,86,170,374,9,'NH-Sicherung Gr.2 250A','3NA3244',170,3,1,1,'Siemens','Stück'),(133,87,175,382,12,'NH-Sicherung Gr.2 315A','2466151',175,3,1,1,'Siemens','Stück'),(133,88,171,383,4,'NH-Sicherung Gr.2 300A','3NA3250',171,3,1,1,'Siemens','Stück'),(133,89,172,384,4,'NH-Sicherung Gr.2 355A','3NA3254',172,3,1,1,'Siemens','Stück'),(133,90,173,385,3,'NH-Sicherung Gr.3 315A','3NA3352',173,3,1,1,'Siemens','Stück'),(133,91,174,386,4,'NH-Sicherung Gr.3 400A','3NA3360',174,3,1,1,'Siemens','Stück'),(133,92,179,387,50,'Aluminium-Klemmschelle 20','AKS-E 20',179,10,1,62,'Fränkische Rohrwerke','Stück'),(133,93,180,388,50,'Aluminium-Klemmschelle 32','AKS-E 32',180,10,1,62,'Fränkische Rohrwerke','Stück'),(133,94,181,389,25,'Aluminium-Klemmschelle 40','AKS-E 40',181,5,1,62,'Fränkische Rohrwerke','Stück'),(133,95,182,390,25,'Aluminium-Klemmschelle 50','AKS-E 50',182,5,1,62,'Fränkische Rohrwerke','Stück'),(133,96,183,391,25,'Aluminium-Abstandschelle 50','ASG-E 50',183,NULL,1,62,'Fränkische Rohrwerke','Stück'),(133,97,184,392,25,'Edelstahl-Abstandschelle V4 32','VSG-E 32',184,5,1,62,'Fränkische Rohrwerke','Stück'),(133,98,185,393,10,'Edelstahl-Abstandschelle V4 50','VSG-E 50',185,5,1,62,'Fränkische Rohrwerke','Stück'),(133,125,235,404,2,'Lagerplatte','324 19 055 003',235,1,1,16,'Fein','Stück'),(133,126,233,402,5,'Schutzhaube 180mm','318 10 070 121',233,1,1,16,'Fein','Stück'),(133,127,236,405,7,'Antriebswelle M14','Pos.42',236,1,1,16,'Fein','Stück'),(133,128,237,406,3,'Flantsch','324 36 025 004',237,1,1,16,'Fein','Stück'),(133,129,238,400,5,'Hülse','Pos.62',238,1,1,16,'Fein','Stück'),(133,130,239,409,4,'Lagergehäuse','312 07 061 002',239,1,1,16,'Fein','Stück'),(133,131,240,410,3,'Läufer','335 08 030 011',240,1,1,16,'Fein','Stück'),(133,132,241,408,4,'Ventilationsflügel','Pos.66',241,1,1,16,'Fein','Stück'),(133,133,242,407,5,'Flügelgehäuse,43-265V','Pos.69',242,1,1,16,'Fein','Stück'),(133,134,243,432,6,'Motorgehäuse','Pos.1; 200 Hz; 265 V',243,1,1,16,'Fein','Stück'),(133,135,244,427,3,'Motorgehäuse','Pos.1; 300 Hz; 200 V',244,1,1,16,'Fein','Stück'),(133,136,247,430,1,'Kegelradgetriebe','43/31 Zähne; 200 Hz',247,1,1,16,'Fein','Stück'),(133,137,248,430,1,'Kegelradgetriebe','52/25 Zähne; 300 Hz',248,1,1,16,'Fein','Stück'),(133,138,249,430,1,'Kegelradgetriebe','49/18 Zähne; 300 Hz',249,1,1,16,'Fein','Stück'),(133,139,250,424,4,'Handgriff','Pos.92',250,1,1,16,'Fein','Stück'),(133,140,256,415,8,'Antriebswelle','Pos.320',256,1,1,16,'Fein','Stück'),(133,141,257,413,9,'Halslager','Pos.300',257,1,1,16,'Fein','Stück'),(133,142,259,414,6,'Anker','Pos.520',259,1,1,16,'Fein','Stück'),(133,143,260,401,4,'Motorgehäuse,43-265 V','Pos.10',260,1,1,16,'Fein','Stück'),(133,144,261,431,4,'Ständer mit Wicklung','Pos.20;200Hz; 265V',261,1,1,16,'Fein','Stück'),(133,145,262,428,4,'Ständer mit Wicklung','Pos.20;300Hz;200V',262,1,1,16,'Fein','Stück'),(133,146,264,411,5,'Zwischenlager','Pos.170',264,1,1,16,'Fein','Stück'),(133,147,265,416,6,'Hülse','Pos.510',265,1,1,16,'Fein','Stück'),(133,148,266,416,4,'Hülse','Pos.40',266,1,1,16,'Fein','Stück'),(133,156,67,412,5,'Ring mit Ansatz','Pos.500',67,1,1,16,'Fein','Stück'),(133,160,273,442,50,'Schnapp-Schellen NW11 ( für Rohr 13 mm)','799/11 5VC4 540-5 AL',273,NULL,1,61,'Kleinhuis','Stück'),(133,161,274,443,50,'Kunstoff-Klemmschelle 16','5VB4542 Type 16',274,10,1,62,'Fränkische Rohrwerke','Stück'),(133,162,275,444,80,'RO-CLIP-Rohrschelle,16mm','HCRS 16',275,NULL,1,58,'Newlec','Stück'),(133,163,276,445,70,'RO-CLIP-Rohrschelle,20mm','HCRS 20',276,10,1,58,'Newlec','Stück'),(133,164,278,446,20,'RO-CLIP-Rohrschelle,25mm','HCRS 25',278,10,1,58,'Newlec','Stück'),(133,165,280,457,30,'Befestigungsschellen , 28-30 mm','5VC4460',280,NULL,1,61,'Kleinhuis','Stück'),(133,166,279,456,80,'Befestigungsschellen , 20,5-21,5 mm','5VC4456',279,NULL,1,61,'Kleinhuis','Stück'),(133,167,281,458,100,'Befestigungsschellen , 20 mm','605/M20',281,NULL,1,60,'OBO (Bettermann)','Stück'),(133,168,282,459,70,'Befestigungsschellen , 28 mm','605/PG21',282,NULL,1,60,'OBO (Bettermann)','Stück'),(133,169,283,460,80,'Befestigungsschellen , 37 mm','605/PG29',283,NULL,1,60,'OBO (Bettermann)','Stück'),(133,170,284,459,6,'Aluminium-Steckmuffe 50','AMS-E 50',284,NULL,1,62,'Fränkische Rohrwerke','Stück'),(133,171,288,465,1,'Aluminium-Steckmuffe 40','AMS-E 40',288,NULL,1,62,'Fränkische Rohrwerke','Stück'),(133,172,287,464,15,'Aluminium-Steckmuffe 32','AMS-E 32',287,NULL,1,62,'Fränkische Rohrwerke','Stück'),(133,173,286,463,40,'Aluminium-Steckmuffe 20','AMS-E 20',286,NULL,1,62,'Fränkische Rohrwerke','Stück'),(133,175,289,467,80,'Endtüllen,PG16','5VB4173',289,NULL,1,60,'OBO (Bettermann)','Stück'),(133,176,290,475,20,'Endtüllen,PG42','5VB4177 207378',291,NULL,1,61,'Kleinhuis','Stück'),(133,178,292,471,100,'Endtülle , M20','129 M M20',292,NULL,1,60,'OBO (Bettermann)','Stück'),(133,179,293,472,20,'Endtülle , M32','129 M32',293,NULL,1,60,'OBO (Bettermann)','Stück'),(133,181,295,471,40,'Endtülle , M20','E-Ku-E 20',295,NULL,1,62,'Fränkische Rohrwerke','Stück'),(133,182,296,473,140,'Endtülle , M40','E-Ku-E 40',296,NULL,1,62,'Fränkische Rohrwerke','Stück'),(133,183,297,474,6,'Endtülle , M50','E-Ku-E 50',297,NULL,1,62,'Fränkische Rohrwerke','Stück'),(133,184,298,468,30,'Endtülle , PG29','?-',298,NULL,1,61,'Kleinhuis','Stück'),(133,185,299,495,6,'Leistungsschütz 11kW , 230VAC','LC1 D25004M5',299,1,1,72,'Telemecanique','Stück'),(133,186,300,496,2,'Sperrschütz','CA2-DK122',300,NULL,1,72,'Telemecanique','Stück'),(133,187,302,497,9,'Hilfsschütz 230VAC','CAD32P7',302,3,1,72,'Telemecanique','Stück'),(133,188,301,498,4,'Verklinkungsblock , 230V AC/DC','LAD6K10M',301,3,1,72,'Telemecanique','Stück'),(133,189,303,499,3,'Leistungsschütz 30kW , 230VAC','LC1 D6511P7',303,NULL,1,72,'Telemecanique','Stück'),(133,190,304,500,2,'Motorschützschalter 24-40 A','GV7 RS40',304,NULL,1,72,'Telemecanique','Stück'),(133,191,305,501,6,'Hilfskontaktblock','LA8 DN11',305,NULL,1,72,'Telemecanique','Stück'),(133,192,306,502,19,'Hilfskontaktblock ','LA1DN22',306,NULL,1,72,'Telemecanique','Stück'),(133,193,308,506,9,'Leistungsschütz 11kW , 230VAC','DILOAM',308,NULL,1,2,'Moeller','Stück'),(133,195,309,509,5,'Leistungsschütz 15kW , 230VAC','DIL1M',309,NULL,1,2,'Moeller','Stück'),(133,196,310,505,4,'Leistungsschütz 7,5kW , 24VDC','DILOM-G',310,NULL,1,2,'Moeller','Stück'),(133,198,311,507,4,'Leistungsschütz 11kW , 230VAC','DILM25-21',311,NULL,1,2,'Moeller','Stück'),(133,199,312,508,1,'Leistungsschütz 11kW , 230VAC','DILM25-10',312,NULL,1,2,'Moeller','Stück'),(133,200,313,511,4,'Hilfsschütz 230VAC','DIL04L-22',313,NULL,1,2,'Moeller','Stück'),(133,201,314,512,1,'Hilfsschütz 230VAC','DIL04L-31',314,NULL,1,2,'Moeller','Stück'),(133,202,315,513,4,'Hilfsschütz 230VAC','DIL04-40',315,NULL,1,2,'Moeller','Stück'),(133,203,316,514,1,'Hilfsschaltbaustein','22DILM',316,NULL,1,2,'Moeller','Stück'),(133,204,317,514,5,'Hilfsschaltbaustein','DILM32-XHI22',317,NULL,1,2,'Moeller','Stück'),(133,205,318,514,5,'Hilfsschaltbaustein','DILM32-XHI11',318,NULL,1,2,'Moeller','Stück'),(133,206,319,515,10,'Normalhilfsschalter','NHI11-PKZ0',319,NULL,1,2,'Moeller','Stück'),(133,207,320,505,7,'Normalhilfsschalter','NHI-E-11-PKZ0',320,NULL,1,2,'Moeller','Stück'),(133,208,321,516,1,'Motorschützschalter 0,16-0,25 A','PKZM0-0,25',321,NULL,1,2,'Moeller','Stück'),(133,209,322,516,1,'Motorschützschalter 0,63-1,0 A','PKZM0-1',322,NULL,1,2,'Moeller','Stück'),(133,210,323,516,1,'Motorschützschalter 1,0-1,6 A','PKZM0-1,6',323,NULL,1,2,'Moeller','Stück'),(133,211,324,516,1,'Motorschützschalter 1,6-2,5 A','PKZM0-2,5',324,NULL,1,2,'Moeller','Stück'),(133,212,325,517,1,'Motorschützschalter 6,3-10 A','PKZM0-10',325,NULL,1,2,'Moeller','Stück'),(133,213,326,517,2,'Motorschützschalter 4,0-6,3 A','PKZM0-6,3',326,NULL,1,2,'Moeller','Stück'),(133,216,328,518,2,'Motorschützschalter 20-25 A','PKZM0-25',328,NULL,1,2,'Moeller','Stück'),(133,217,329,519,2,'Motorschützschalter 4,0 A','GV2 LE08 4A',329,NULL,1,72,'Telemecanique','Stück'),(133,218,330,520,2,'Motorschützschalter 10 A','GV2 LE14 10A',330,NULL,1,72,'Telemecanique','Stück'),(133,219,331,510,1,'Instalationsschütz 63A','ESB 63-40',11000331,NULL,1,73,'ABB','Stück'),(133,220,332,510,1,'Instalationsschütz 24A','ESB24-31',100332,NULL,1,73,'ABB','Stück'),(133,221,333,510,2,'Instalationsschütz 24A','ESB24-40',1100333,NULL,1,73,'ABB','Stück'),(133,223,335,510,1,'Instalationsschütz 40A (Last-Fernschalter)','5TT3 806',11000335,NULL,1,1,'Siemens','Stück'),(133,225,337,516,2,'Koppelrelais','IK8802.12AC/DC24V',1000337,NULL,1,74,'E.Dold & Söhne KG','Stück'),(133,226,338,515,15,'Koppelrelais','IK8802.12/023AC/DC230V',1000338,NULL,1,74,'E.Dold & Söhne KG','Stück'),(133,227,339,517,7,'Koppelrelais','IK8701.12AC 50HZ 230V',100339,NULL,1,74,'E.Dold & Söhne KG','Stück'),(135,33,141,339,100,'Rohr-Abstandschellen,30-38 mm','733',141,NULL,1,60,'OBO (Bettermann)','Stück'),(135,34,139,338,100,'Rohr-Abstandschellen,24-29 mm','733/M25 PG 21',139,NULL,1,60,'OBO (Bettermann)','Stück'),(135,35,138,337,100,'Rohr-Abstandschellen,21-23 mm','733 PG 16',138,NULL,1,60,'OBO (Bettermann)','Stück'),(135,36,1,336,124,'Schütz','3RT1036-1A / 22,0kW',1,2,1,1,'Siemens','Stück'),(135,56,147,340,50,'Rohr-Abstandschellen,39-48 mm','733/M40 PG36',147,NULL,1,60,'OBO (Bettermann)','Stück'),(135,61,148,341,2,'Rohr-Abstandschellen,47-55 mm','5VC4895',148,NULL,1,61,'Kleinhuis','Stück'),(135,63,150,354,6,'NH-Sicherung Gr.000 16A','3NA3805',150,NULL,1,1,'Siemens','Stück'),(135,64,151,355,6,'NH-Sicherung Gr.000 20A','3NA3807',151,3,1,1,'Siemens','Stück'),(135,65,152,356,6,'NH-Sicherung Gr.000 25A','3NA3810',152,NULL,1,1,'Siemens','Stück'),(135,66,153,357,6,'NH-Sicherung Gr.000 35A','3NA3814',153,3,1,1,'Siemens','Stück'),(135,67,154,358,6,'NH-Sicherung Gr.000 50A','3NA3820',154,NULL,1,1,'Siemens','Stück'),(135,68,149,359,NULL,'NH-Sicherung Gr.000 63A','3NA3 822',149,3,1,1,'Siemens','Stück'),(135,69,155,360,6,'NH-Sicherung Gr.000 80A','3NA3824',155,NULL,1,1,'Siemens','Stück'),(135,70,156,361,6,'NH-Sicherung Gr.000 100A','3NA3830',156,NULL,1,1,'Siemens','Stück'),(135,71,157,362,NULL,'NH-Sicherung Gr.00 125A','3NA3832',157,NULL,1,1,'Siemens','Stück'),(135,72,158,363,6,'NH-Sicherung Gr.00 160A','3NA3836',158,NULL,1,1,'Siemens','Stück'),(135,74,160,364,15,'NH-Sicherung Gr.1 63A','3NA3122',160,3,1,1,'Siemens','Stück'),(135,75,161,365,4,'NH-Sicherung Gr.1 100A','3NA3130',161,NULL,1,1,'Siemens','Stück'),(135,76,162,366,6,'NH-Sicherung Gr.1 125A','3NA3132',162,3,1,1,'Siemens','Stück'),(135,77,163,367,11,'NH-Sicherung Gr.1 160A','3NA3136',163,3,1,1,'Siemens','Stück'),(135,78,178,368,4,'NH-Sicherung Gr.1 250A','3NA3144',178,3,1,1,'Siemens','Stück'),(135,79,165,369,1,'NH-Sicherung Gr.2 80A','3NA3224',165,3,1,1,'Siemens','Stück'),(135,81,176,378,6,'NH-Sicherung Gr.1 200A','3NA3140',176,3,1,1,'Siemens','Stück'),(135,82,166,370,4,'NH-Sicherung Gr.2 100A','3NA3230',166,3,1,1,'Siemens','Stück'),(135,83,167,371,9,'NH-Sicherung Gr.2 125A','3NA3232',167,3,1,1,'Siemens','Stück'),(135,84,168,372,3,'NH-Sicherung Gr.2 160A','3NA3236',168,3,1,1,'Siemens','Stück'),(135,85,169,373,3,'NH-Sicherung Gr.2 200A','3NA3240',169,3,1,1,'Siemens','Stück'),(135,86,170,374,9,'NH-Sicherung Gr.2 250A','3NA3244',170,3,1,1,'Siemens','Stück'),(135,87,175,382,12,'NH-Sicherung Gr.2 315A','2466151',175,3,1,1,'Siemens','Stück'),(135,88,171,383,4,'NH-Sicherung Gr.2 300A','3NA3250',171,3,1,1,'Siemens','Stück'),(135,89,172,384,4,'NH-Sicherung Gr.2 355A','3NA3254',172,3,1,1,'Siemens','Stück'),(135,90,173,385,3,'NH-Sicherung Gr.3 315A','3NA3352',173,3,1,1,'Siemens','Stück'),(135,91,174,386,4,'NH-Sicherung Gr.3 400A','3NA3360',174,3,1,1,'Siemens','Stück'),(135,92,179,387,50,'Aluminium-Klemmschelle 20','AKS-E 20',179,10,1,62,'Fränkische Rohrwerke','Stück'),(135,93,180,388,50,'Aluminium-Klemmschelle 32','AKS-E 32',180,10,1,62,'Fränkische Rohrwerke','Stück'),(135,94,181,389,25,'Aluminium-Klemmschelle 40','AKS-E 40',181,5,1,62,'Fränkische Rohrwerke','Stück'),(135,95,182,390,25,'Aluminium-Klemmschelle 50','AKS-E 50',182,5,1,62,'Fränkische Rohrwerke','Stück'),(135,96,183,391,25,'Aluminium-Abstandschelle 50','ASG-E 50',183,NULL,1,62,'Fränkische Rohrwerke','Stück'),(135,97,184,392,25,'Edelstahl-Abstandschelle V4 32','VSG-E 32',184,5,1,62,'Fränkische Rohrwerke','Stück'),(135,98,185,393,10,'Edelstahl-Abstandschelle V4 50','VSG-E 50',185,5,1,62,'Fränkische Rohrwerke','Stück'),(135,160,273,442,50,'Schnapp-Schellen NW11 ( für Rohr 13 mm)','799/11 5VC4 540-5 AL',273,NULL,1,61,'Kleinhuis','Stück'),(135,161,274,443,50,'Kunstoff-Klemmschelle 16','5VB4542 Type 16',274,10,1,62,'Fränkische Rohrwerke','Stück'),(135,162,275,444,80,'RO-CLIP-Rohrschelle,16mm','HCRS 16',275,NULL,1,58,'Newlec','Stück'),(135,163,276,445,70,'RO-CLIP-Rohrschelle,20mm','HCRS 20',276,10,1,58,'Newlec','Stück'),(135,164,278,446,20,'RO-CLIP-Rohrschelle,25mm','HCRS 25',278,10,1,58,'Newlec','Stück'),(135,165,280,457,30,'Befestigungsschellen , 28-30 mm','5VC4460',280,NULL,1,61,'Kleinhuis','Stück'),(135,166,279,456,80,'Befestigungsschellen , 20,5-21,5 mm','5VC4456',279,NULL,1,61,'Kleinhuis','Stück'),(135,167,281,458,100,'Befestigungsschellen , 20 mm','605/M20',281,NULL,1,60,'OBO (Bettermann)','Stück'),(135,168,282,459,70,'Befestigungsschellen , 28 mm','605/PG21',282,NULL,1,60,'OBO (Bettermann)','Stück'),(135,169,283,460,80,'Befestigungsschellen , 37 mm','605/PG29',283,NULL,1,60,'OBO (Bettermann)','Stück'),(135,170,284,459,6,'Aluminium-Steckmuffe 50','AMS-E 50',284,NULL,1,62,'Fränkische Rohrwerke','Stück'),(135,171,288,465,1,'Aluminium-Steckmuffe 40','AMS-E 40',288,NULL,1,62,'Fränkische Rohrwerke','Stück'),(135,172,287,464,15,'Aluminium-Steckmuffe 32','AMS-E 32',287,NULL,1,62,'Fränkische Rohrwerke','Stück'),(135,173,286,463,40,'Aluminium-Steckmuffe 20','AMS-E 20',286,NULL,1,62,'Fränkische Rohrwerke','Stück'),(135,175,289,467,80,'Endtüllen,PG16','5VB4173',289,NULL,1,60,'OBO (Bettermann)','Stück'),(135,176,290,475,20,'Endtüllen,PG42','5VB4177 207378',291,NULL,1,61,'Kleinhuis','Stück'),(135,178,292,471,100,'Endtülle , M20','129 M M20',292,NULL,1,60,'OBO (Bettermann)','Stück'),(135,179,293,472,20,'Endtülle , M32','129 M32',293,NULL,1,60,'OBO (Bettermann)','Stück'),(135,181,295,471,40,'Endtülle , M20','E-Ku-E 20',295,NULL,1,62,'Fränkische Rohrwerke','Stück'),(135,182,296,473,140,'Endtülle , M40','E-Ku-E 40',296,NULL,1,62,'Fränkische Rohrwerke','Stück'),(135,183,297,474,6,'Endtülle , M50','E-Ku-E 50',297,NULL,1,62,'Fränkische Rohrwerke','Stück'),(135,184,298,468,30,'Endtülle , PG29','?-',298,NULL,1,61,'Kleinhuis','Stück'),(136,33,141,339,100,'Rohr-Abstandschellen,30-38 mm','733',141,NULL,1,60,'OBO (Bettermann)','Stück'),(136,34,139,338,100,'Rohr-Abstandschellen,24-29 mm','733/M25 PG 21',139,NULL,1,60,'OBO (Bettermann)','Stück'),(136,35,138,337,100,'Rohr-Abstandschellen,21-23 mm','733 PG 16',138,NULL,1,60,'OBO (Bettermann)','Stück'),(136,36,1,336,124,'Schütz','3RT1036-1A / 22,0kW',1,2,1,1,'Siemens','Stück'),(136,56,147,340,50,'Rohr-Abstandschellen,39-48 mm','733/M40 PG36',147,NULL,1,60,'OBO (Bettermann)','Stück'),(136,61,148,341,2,'Rohr-Abstandschellen,47-55 mm','5VC4895',148,NULL,1,61,'Kleinhuis','Stück'),(136,63,150,354,6,'NH-Sicherung Gr.000 16A','3NA3805',150,NULL,1,1,'Siemens','Stück'),(136,64,151,355,6,'NH-Sicherung Gr.000 20A','3NA3807',151,3,1,1,'Siemens','Stück'),(136,65,152,356,6,'NH-Sicherung Gr.000 25A','3NA3810',152,NULL,1,1,'Siemens','Stück'),(136,66,153,357,6,'NH-Sicherung Gr.000 35A','3NA3814',153,3,1,1,'Siemens','Stück'),(136,67,154,358,6,'NH-Sicherung Gr.000 50A','3NA3820',154,NULL,1,1,'Siemens','Stück'),(136,68,149,359,NULL,'NH-Sicherung Gr.000 63A','3NA3 822',149,3,1,1,'Siemens','Stück'),(136,69,155,360,6,'NH-Sicherung Gr.000 80A','3NA3824',155,NULL,1,1,'Siemens','Stück'),(136,70,156,361,6,'NH-Sicherung Gr.000 100A','3NA3830',156,NULL,1,1,'Siemens','Stück'),(136,71,157,362,NULL,'NH-Sicherung Gr.00 125A','3NA3832',157,NULL,1,1,'Siemens','Stück'),(136,72,158,363,6,'NH-Sicherung Gr.00 160A','3NA3836',158,NULL,1,1,'Siemens','Stück'),(136,74,160,364,15,'NH-Sicherung Gr.1 63A','3NA3122',160,3,1,1,'Siemens','Stück'),(136,75,161,365,4,'NH-Sicherung Gr.1 100A','3NA3130',161,NULL,1,1,'Siemens','Stück'),(136,76,162,366,6,'NH-Sicherung Gr.1 125A','3NA3132',162,3,1,1,'Siemens','Stück'),(136,77,163,367,11,'NH-Sicherung Gr.1 160A','3NA3136',163,3,1,1,'Siemens','Stück'),(136,78,178,368,4,'NH-Sicherung Gr.1 250A','3NA3144',178,3,1,1,'Siemens','Stück'),(136,79,165,369,1,'NH-Sicherung Gr.2 80A','3NA3224',165,3,1,1,'Siemens','Stück'),(136,81,176,378,6,'NH-Sicherung Gr.1 200A','3NA3140',176,3,1,1,'Siemens','Stück'),(136,82,166,370,4,'NH-Sicherung Gr.2 100A','3NA3230',166,3,1,1,'Siemens','Stück'),(136,83,167,371,9,'NH-Sicherung Gr.2 125A','3NA3232',167,3,1,1,'Siemens','Stück'),(136,84,168,372,3,'NH-Sicherung Gr.2 160A','3NA3236',168,3,1,1,'Siemens','Stück'),(136,85,169,373,3,'NH-Sicherung Gr.2 200A','3NA3240',169,3,1,1,'Siemens','Stück'),(136,86,170,374,9,'NH-Sicherung Gr.2 250A','3NA3244',170,3,1,1,'Siemens','Stück'),(136,87,175,382,12,'NH-Sicherung Gr.2 315A','2466151',175,3,1,1,'Siemens','Stück'),(136,88,171,383,4,'NH-Sicherung Gr.2 300A','3NA3250',171,3,1,1,'Siemens','Stück'),(136,89,172,384,4,'NH-Sicherung Gr.2 355A','3NA3254',172,3,1,1,'Siemens','Stück'),(136,90,173,385,3,'NH-Sicherung Gr.3 315A','3NA3352',173,3,1,1,'Siemens','Stück'),(136,91,174,386,4,'NH-Sicherung Gr.3 400A','3NA3360',174,3,1,1,'Siemens','Stück'),(136,92,179,387,50,'Aluminium-Klemmschelle 20','AKS-E 20',179,10,1,62,'Fränkische Rohrwerke','Stück'),(136,93,180,388,50,'Aluminium-Klemmschelle 32','AKS-E 32',180,10,1,62,'Fränkische Rohrwerke','Stück'),(136,94,181,389,25,'Aluminium-Klemmschelle 40','AKS-E 40',181,5,1,62,'Fränkische Rohrwerke','Stück'),(136,95,182,390,25,'Aluminium-Klemmschelle 50','AKS-E 50',182,5,1,62,'Fränkische Rohrwerke','Stück'),(136,96,183,391,25,'Aluminium-Abstandschelle 50','ASG-E 50',183,NULL,1,62,'Fränkische Rohrwerke','Stück'),(136,97,184,392,25,'Edelstahl-Abstandschelle V4 32','VSG-E 32',184,5,1,62,'Fränkische Rohrwerke','Stück'),(136,98,185,393,10,'Edelstahl-Abstandschelle V4 50','VSG-E 50',185,5,1,62,'Fränkische Rohrwerke','Stück'),(136,160,273,442,50,'Schnapp-Schellen NW11 ( für Rohr 13 mm)','799/11 5VC4 540-5 AL',273,NULL,1,61,'Kleinhuis','Stück'),(136,161,274,443,50,'Kunstoff-Klemmschelle 16','5VB4542 Type 16',274,10,1,62,'Fränkische Rohrwerke','Stück'),(136,162,275,444,80,'RO-CLIP-Rohrschelle,16mm','HCRS 16',275,NULL,1,58,'Newlec','Stück'),(136,163,276,445,70,'RO-CLIP-Rohrschelle,20mm','HCRS 20',276,10,1,58,'Newlec','Stück'),(136,164,278,446,20,'RO-CLIP-Rohrschelle,25mm','HCRS 25',278,10,1,58,'Newlec','Stück'),(136,165,280,457,30,'Befestigungsschellen , 28-30 mm','5VC4460',280,NULL,1,61,'Kleinhuis','Stück'),(136,166,279,456,80,'Befestigungsschellen , 20,5-21,5 mm','5VC4456',279,NULL,1,61,'Kleinhuis','Stück'),(136,167,281,458,100,'Befestigungsschellen , 20 mm','605/M20',281,NULL,1,60,'OBO (Bettermann)','Stück'),(136,168,282,459,70,'Befestigungsschellen , 28 mm','605/PG21',282,NULL,1,60,'OBO (Bettermann)','Stück'),(136,169,283,460,80,'Befestigungsschellen , 37 mm','605/PG29',283,NULL,1,60,'OBO (Bettermann)','Stück'),(136,170,284,459,6,'Aluminium-Steckmuffe 50','AMS-E 50',284,NULL,1,62,'Fränkische Rohrwerke','Stück'),(136,171,288,465,1,'Aluminium-Steckmuffe 40','AMS-E 40',288,NULL,1,62,'Fränkische Rohrwerke','Stück'),(136,172,287,464,15,'Aluminium-Steckmuffe 32','AMS-E 32',287,NULL,1,62,'Fränkische Rohrwerke','Stück'),(136,173,286,463,40,'Aluminium-Steckmuffe 20','AMS-E 20',286,NULL,1,62,'Fränkische Rohrwerke','Stück'),(136,175,289,467,80,'Endtüllen,PG16','5VB4173',289,NULL,1,60,'OBO (Bettermann)','Stück'),(136,176,290,475,20,'Endtüllen,PG42','5VB4177 207378',291,NULL,1,61,'Kleinhuis','Stück'),(136,178,292,471,100,'Endtülle , M20','129 M M20',292,NULL,1,60,'OBO (Bettermann)','Stück'),(136,179,293,472,20,'Endtülle , M32','129 M32',293,NULL,1,60,'OBO (Bettermann)','Stück'),(136,181,295,471,40,'Endtülle , M20','E-Ku-E 20',295,NULL,1,62,'Fränkische Rohrwerke','Stück'),(136,182,296,473,140,'Endtülle , M40','E-Ku-E 40',296,NULL,1,62,'Fränkische Rohrwerke','Stück'),(136,183,297,474,6,'Endtülle , M50','E-Ku-E 50',297,NULL,1,62,'Fränkische Rohrwerke','Stück'),(136,184,298,468,30,'Endtülle , PG29','?-',298,NULL,1,61,'Kleinhuis','Stück'),(137,33,141,339,100,'Rohr-Abstandschellen,30-38 mm','733',141,NULL,1,60,'OBO (Bettermann)','Stück'),(137,34,139,338,100,'Rohr-Abstandschellen,24-29 mm','733/M25 PG 21',139,NULL,1,60,'OBO (Bettermann)','Stück'),(137,35,138,337,100,'Rohr-Abstandschellen,21-23 mm','733 PG 16',138,NULL,1,60,'OBO (Bettermann)','Stück'),(137,36,1,336,124,'Schütz','3RT1036-1A / 22,0kW',1,2,1,1,'Siemens','Stück'),(137,56,147,340,50,'Rohr-Abstandschellen,39-48 mm','733/M40 PG36',147,NULL,1,60,'OBO (Bettermann)','Stück'),(137,61,148,341,2,'Rohr-Abstandschellen,47-55 mm','5VC4895',148,NULL,1,61,'Kleinhuis','Stück'),(137,63,150,354,6,'NH-Sicherung Gr.000 16A','3NA3805',150,NULL,1,1,'Siemens','Stück'),(137,64,151,355,6,'NH-Sicherung Gr.000 20A','3NA3807',151,3,1,1,'Siemens','Stück'),(137,65,152,356,6,'NH-Sicherung Gr.000 25A','3NA3810',152,NULL,1,1,'Siemens','Stück'),(137,66,153,357,6,'NH-Sicherung Gr.000 35A','3NA3814',153,3,1,1,'Siemens','Stück'),(137,67,154,358,6,'NH-Sicherung Gr.000 50A','3NA3820',154,NULL,1,1,'Siemens','Stück'),(137,68,149,359,NULL,'NH-Sicherung Gr.000 63A','3NA3 822',149,3,1,1,'Siemens','Stück'),(137,69,155,360,6,'NH-Sicherung Gr.000 80A','3NA3824',155,NULL,1,1,'Siemens','Stück'),(137,70,156,361,6,'NH-Sicherung Gr.000 100A','3NA3830',156,NULL,1,1,'Siemens','Stück'),(137,71,157,362,NULL,'NH-Sicherung Gr.00 125A','3NA3832',157,NULL,1,1,'Siemens','Stück'),(137,72,158,363,6,'NH-Sicherung Gr.00 160A','3NA3836',158,NULL,1,1,'Siemens','Stück'),(137,74,160,364,15,'NH-Sicherung Gr.1 63A','3NA3122',160,3,1,1,'Siemens','Stück'),(137,75,161,365,4,'NH-Sicherung Gr.1 100A','3NA3130',161,NULL,1,1,'Siemens','Stück'),(137,76,162,366,6,'NH-Sicherung Gr.1 125A','3NA3132',162,3,1,1,'Siemens','Stück'),(137,77,163,367,11,'NH-Sicherung Gr.1 160A','3NA3136',163,3,1,1,'Siemens','Stück'),(137,78,178,368,4,'NH-Sicherung Gr.1 250A','3NA3144',178,3,1,1,'Siemens','Stück'),(137,79,165,369,1,'NH-Sicherung Gr.2 80A','3NA3224',165,3,1,1,'Siemens','Stück'),(137,81,176,378,6,'NH-Sicherung Gr.1 200A','3NA3140',176,3,1,1,'Siemens','Stück'),(137,82,166,370,4,'NH-Sicherung Gr.2 100A','3NA3230',166,3,1,1,'Siemens','Stück'),(137,83,167,371,9,'NH-Sicherung Gr.2 125A','3NA3232',167,3,1,1,'Siemens','Stück'),(137,84,168,372,3,'NH-Sicherung Gr.2 160A','3NA3236',168,3,1,1,'Siemens','Stück'),(137,85,169,373,3,'NH-Sicherung Gr.2 200A','3NA3240',169,3,1,1,'Siemens','Stück'),(137,86,170,374,9,'NH-Sicherung Gr.2 250A','3NA3244',170,3,1,1,'Siemens','Stück'),(137,87,175,382,12,'NH-Sicherung Gr.2 315A','2466151',175,3,1,1,'Siemens','Stück'),(137,88,171,383,4,'NH-Sicherung Gr.2 300A','3NA3250',171,3,1,1,'Siemens','Stück'),(137,89,172,384,4,'NH-Sicherung Gr.2 355A','3NA3254',172,3,1,1,'Siemens','Stück'),(137,90,173,385,3,'NH-Sicherung Gr.3 315A','3NA3352',173,3,1,1,'Siemens','Stück'),(137,91,174,386,4,'NH-Sicherung Gr.3 400A','3NA3360',174,3,1,1,'Siemens','Stück'),(137,92,179,387,50,'Aluminium-Klemmschelle 20','AKS-E 20',179,10,1,62,'Fränkische Rohrwerke','Stück'),(137,93,180,388,50,'Aluminium-Klemmschelle 32','AKS-E 32',180,10,1,62,'Fränkische Rohrwerke','Stück'),(137,94,181,389,25,'Aluminium-Klemmschelle 40','AKS-E 40',181,5,1,62,'Fränkische Rohrwerke','Stück'),(137,95,182,390,25,'Aluminium-Klemmschelle 50','AKS-E 50',182,5,1,62,'Fränkische Rohrwerke','Stück'),(137,96,183,391,25,'Aluminium-Abstandschelle 50','ASG-E 50',183,NULL,1,62,'Fränkische Rohrwerke','Stück'),(137,97,184,392,25,'Edelstahl-Abstandschelle V4 32','VSG-E 32',184,5,1,62,'Fränkische Rohrwerke','Stück'),(137,98,185,393,10,'Edelstahl-Abstandschelle V4 50','VSG-E 50',185,5,1,62,'Fränkische Rohrwerke','Stück'),(137,160,273,442,50,'Schnapp-Schellen NW11 ( für Rohr 13 mm)','799/11 5VC4 540-5 AL',273,NULL,1,61,'Kleinhuis','Stück'),(137,161,274,443,50,'Kunstoff-Klemmschelle 16','5VB4542 Type 16',274,10,1,62,'Fränkische Rohrwerke','Stück'),(137,162,275,444,80,'RO-CLIP-Rohrschelle,16mm','HCRS 16',275,NULL,1,58,'Newlec','Stück'),(137,163,276,445,70,'RO-CLIP-Rohrschelle,20mm','HCRS 20',276,10,1,58,'Newlec','Stück'),(137,164,278,446,20,'RO-CLIP-Rohrschelle,25mm','HCRS 25',278,10,1,58,'Newlec','Stück'),(137,165,280,457,30,'Befestigungsschellen , 28-30 mm','5VC4460',280,NULL,1,61,'Kleinhuis','Stück'),(137,166,279,456,80,'Befestigungsschellen , 20,5-21,5 mm','5VC4456',279,NULL,1,61,'Kleinhuis','Stück'),(137,167,281,458,100,'Befestigungsschellen , 20 mm','605/M20',281,NULL,1,60,'OBO (Bettermann)','Stück'),(137,168,282,459,70,'Befestigungsschellen , 28 mm','605/PG21',282,NULL,1,60,'OBO (Bettermann)','Stück'),(137,169,283,460,80,'Befestigungsschellen , 37 mm','605/PG29',283,NULL,1,60,'OBO (Bettermann)','Stück'),(137,170,284,459,6,'Aluminium-Steckmuffe 50','AMS-E 50',284,NULL,1,62,'Fränkische Rohrwerke','Stück'),(137,171,288,465,1,'Aluminium-Steckmuffe 40','AMS-E 40',288,NULL,1,62,'Fränkische Rohrwerke','Stück'),(137,172,287,464,15,'Aluminium-Steckmuffe 32','AMS-E 32',287,NULL,1,62,'Fränkische Rohrwerke','Stück'),(137,173,286,463,40,'Aluminium-Steckmuffe 20','AMS-E 20',286,NULL,1,62,'Fränkische Rohrwerke','Stück'),(137,175,289,467,80,'Endtüllen,PG16','5VB4173',289,NULL,1,60,'OBO (Bettermann)','Stück'),(137,176,290,475,20,'Endtüllen,PG42','5VB4177 207378',291,NULL,1,61,'Kleinhuis','Stück'),(137,178,292,471,100,'Endtülle , M20','129 M M20',292,NULL,1,60,'OBO (Bettermann)','Stück'),(137,179,293,472,20,'Endtülle , M32','129 M32',293,NULL,1,60,'OBO (Bettermann)','Stück'),(137,181,295,471,40,'Endtülle , M20','E-Ku-E 20',295,NULL,1,62,'Fränkische Rohrwerke','Stück'),(137,182,296,473,140,'Endtülle , M40','E-Ku-E 40',296,NULL,1,62,'Fränkische Rohrwerke','Stück'),(137,183,297,474,6,'Endtülle , M50','E-Ku-E 50',297,NULL,1,62,'Fränkische Rohrwerke','Stück'),(137,184,298,468,30,'Endtülle , PG29','?-',298,NULL,1,61,'Kleinhuis','Stück'),(143,33,141,339,100,'Rohr-Abstandschellen,30-38 mm','733',141,NULL,1,60,'OBO (Bettermann)','Stück'),(143,34,139,338,100,'Rohr-Abstandschellen,24-29 mm','733/M25 PG 21',139,NULL,1,60,'OBO (Bettermann)','Stück'),(143,35,138,337,100,'Rohr-Abstandschellen,21-23 mm','733 PG 16',138,NULL,1,60,'OBO (Bettermann)','Stück'),(143,36,1,336,124,'Schütz','3RT1036-1A / 22,0kW',1,2,1,1,'Siemens','Stück'),(143,56,147,340,50,'Rohr-Abstandschellen,39-48 mm','733/M40 PG36',147,NULL,1,60,'OBO (Bettermann)','Stück'),(143,61,148,341,2,'Rohr-Abstandschellen,47-55 mm','5VC4895',148,NULL,1,61,'Kleinhuis','Stück'),(143,63,150,354,6,'NH-Sicherung Gr.000 16A','3NA3805',150,NULL,1,1,'Siemens','Stück'),(143,64,151,355,6,'NH-Sicherung Gr.000 20A','3NA3807',151,3,1,1,'Siemens','Stück'),(143,65,152,356,6,'NH-Sicherung Gr.000 25A','3NA3810',152,NULL,1,1,'Siemens','Stück'),(143,66,153,357,6,'NH-Sicherung Gr.000 35A','3NA3814',153,3,1,1,'Siemens','Stück'),(143,67,154,358,6,'NH-Sicherung Gr.000 50A','3NA3820',154,NULL,1,1,'Siemens','Stück'),(143,68,149,359,NULL,'NH-Sicherung Gr.000 63A','3NA3 822',149,3,1,1,'Siemens','Stück'),(143,69,155,360,6,'NH-Sicherung Gr.000 80A','3NA3824',155,NULL,1,1,'Siemens','Stück'),(143,70,156,361,6,'NH-Sicherung Gr.000 100A','3NA3830',156,NULL,1,1,'Siemens','Stück'),(143,71,157,362,NULL,'NH-Sicherung Gr.00 125A','3NA3832',157,NULL,1,1,'Siemens','Stück'),(143,72,158,363,6,'NH-Sicherung Gr.00 160A','3NA3836',158,NULL,1,1,'Siemens','Stück'),(143,74,160,364,15,'NH-Sicherung Gr.1 63A','3NA3122',160,3,1,1,'Siemens','Stück'),(143,75,161,365,4,'NH-Sicherung Gr.1 100A','3NA3130',161,NULL,1,1,'Siemens','Stück'),(143,76,162,366,6,'NH-Sicherung Gr.1 125A','3NA3132',162,3,1,1,'Siemens','Stück'),(143,77,163,367,11,'NH-Sicherung Gr.1 160A','3NA3136',163,3,1,1,'Siemens','Stück'),(143,78,178,368,4,'NH-Sicherung Gr.1 250A','3NA3144',178,3,1,1,'Siemens','Stück'),(143,79,165,369,1,'NH-Sicherung Gr.2 80A','3NA3224',165,3,1,1,'Siemens','Stück'),(143,81,176,378,6,'NH-Sicherung Gr.1 200A','3NA3140',176,3,1,1,'Siemens','Stück'),(143,82,166,370,4,'NH-Sicherung Gr.2 100A','3NA3230',166,3,1,1,'Siemens','Stück'),(143,83,167,371,9,'NH-Sicherung Gr.2 125A','3NA3232',167,3,1,1,'Siemens','Stück'),(143,84,168,372,3,'NH-Sicherung Gr.2 160A','3NA3236',168,3,1,1,'Siemens','Stück'),(143,85,169,373,3,'NH-Sicherung Gr.2 200A','3NA3240',169,3,1,1,'Siemens','Stück'),(143,86,170,374,9,'NH-Sicherung Gr.2 250A','3NA3244',170,3,1,1,'Siemens','Stück'),(143,87,175,382,12,'NH-Sicherung Gr.2 315A','2466151',175,3,1,1,'Siemens','Stück'),(143,88,171,383,4,'NH-Sicherung Gr.2 300A','3NA3250',171,3,1,1,'Siemens','Stück'),(143,89,172,384,4,'NH-Sicherung Gr.2 355A','3NA3254',172,3,1,1,'Siemens','Stück'),(143,90,173,385,3,'NH-Sicherung Gr.3 315A','3NA3352',173,3,1,1,'Siemens','Stück'),(143,91,174,386,4,'NH-Sicherung Gr.3 400A','3NA3360',174,3,1,1,'Siemens','Stück'),(143,92,179,387,50,'Aluminium-Klemmschelle 20','AKS-E 20',179,10,1,62,'Fränkische Rohrwerke','Stück'),(143,93,180,388,50,'Aluminium-Klemmschelle 32','AKS-E 32',180,10,1,62,'Fränkische Rohrwerke','Stück'),(143,94,181,389,25,'Aluminium-Klemmschelle 40','AKS-E 40',181,5,1,62,'Fränkische Rohrwerke','Stück'),(143,95,182,390,25,'Aluminium-Klemmschelle 50','AKS-E 50',182,5,1,62,'Fränkische Rohrwerke','Stück'),(143,96,183,391,25,'Aluminium-Abstandschelle 50','ASG-E 50',183,NULL,1,62,'Fränkische Rohrwerke','Stück'),(143,97,184,392,25,'Edelstahl-Abstandschelle V4 32','VSG-E 32',184,5,1,62,'Fränkische Rohrwerke','Stück'),(143,98,185,393,10,'Edelstahl-Abstandschelle V4 50','VSG-E 50',185,5,1,62,'Fränkische Rohrwerke','Stück'),(143,160,273,442,50,'Schnapp-Schellen NW11 ( für Rohr 13 mm)','799/11 5VC4 540-5 AL',273,NULL,1,61,'Kleinhuis','Stück'),(143,161,274,443,50,'Kunstoff-Klemmschelle 16','5VB4542 Type 16',274,10,1,62,'Fränkische Rohrwerke','Stück'),(143,162,275,444,80,'RO-CLIP-Rohrschelle,16mm','HCRS 16',275,NULL,1,58,'Newlec','Stück'),(143,163,276,445,70,'RO-CLIP-Rohrschelle,20mm','HCRS 20',276,10,1,58,'Newlec','Stück'),(143,164,278,446,20,'RO-CLIP-Rohrschelle,25mm','HCRS 25',278,10,1,58,'Newlec','Stück'),(143,165,280,457,30,'Befestigungsschellen , 28-30 mm','5VC4460',280,NULL,1,61,'Kleinhuis','Stück'),(143,166,279,456,80,'Befestigungsschellen , 20,5-21,5 mm','5VC4456',279,NULL,1,61,'Kleinhuis','Stück'),(143,167,281,458,100,'Befestigungsschellen , 20 mm','605/M20',281,NULL,1,60,'OBO (Bettermann)','Stück'),(143,168,282,459,70,'Befestigungsschellen , 28 mm','605/PG21',282,NULL,1,60,'OBO (Bettermann)','Stück'),(143,169,283,460,80,'Befestigungsschellen , 37 mm','605/PG29',283,NULL,1,60,'OBO (Bettermann)','Stück'),(143,170,284,459,6,'Aluminium-Steckmuffe 50','AMS-E 50',284,NULL,1,62,'Fränkische Rohrwerke','Stück'),(143,171,288,465,1,'Aluminium-Steckmuffe 40','AMS-E 40',288,NULL,1,62,'Fränkische Rohrwerke','Stück'),(143,172,287,464,15,'Aluminium-Steckmuffe 32','AMS-E 32',287,NULL,1,62,'Fränkische Rohrwerke','Stück'),(143,173,286,463,40,'Aluminium-Steckmuffe 20','AMS-E 20',286,NULL,1,62,'Fränkische Rohrwerke','Stück'),(143,175,289,467,80,'Endtüllen,PG16','5VB4173',289,NULL,1,60,'OBO (Bettermann)','Stück'),(143,176,290,475,20,'Endtüllen,PG42','5VB4177 207378',291,NULL,1,61,'Kleinhuis','Stück'),(143,178,292,471,100,'Endtülle , M20','129 M M20',292,NULL,1,60,'OBO (Bettermann)','Stück'),(143,179,293,472,20,'Endtülle , M32','129 M32',293,NULL,1,60,'OBO (Bettermann)','Stück'),(143,181,295,471,40,'Endtülle , M20','E-Ku-E 20',295,NULL,1,62,'Fränkische Rohrwerke','Stück'),(143,182,296,473,140,'Endtülle , M40','E-Ku-E 40',296,NULL,1,62,'Fränkische Rohrwerke','Stück'),(143,183,297,474,6,'Endtülle , M50','E-Ku-E 50',297,NULL,1,62,'Fränkische Rohrwerke','Stück'),(143,184,298,468,30,'Endtülle , PG29','?-',298,NULL,1,61,'Kleinhuis','Stück'),(143,185,299,495,6,'Leistungsschütz 11kW , 230VAC','LC1 D25004M5',299,1,1,72,'Telemecanique','Stück'),(143,186,300,496,2,'Sperrschütz','CA2-DK122',300,NULL,1,72,'Telemecanique','Stück'),(143,187,302,497,9,'Hilfsschütz 230VAC','CAD32P7',302,3,1,72,'Telemecanique','Stück'),(143,188,301,498,4,'Verklinkungsblock , 230V AC/DC','LAD6K10M',301,3,1,72,'Telemecanique','Stück'),(143,189,303,499,3,'Leistungsschütz 30kW , 230VAC','LC1 D6511P7',303,NULL,1,72,'Telemecanique','Stück'),(143,190,304,500,2,'Motorschützschalter 24-40 A','GV7 RS40',304,NULL,1,72,'Telemecanique','Stück'),(143,191,305,501,6,'Hilfskontaktblock','LA8 DN11',305,NULL,1,72,'Telemecanique','Stück'),(143,192,306,502,19,'Hilfskontaktblock ','LA1DN22',306,NULL,1,72,'Telemecanique','Stück'),(143,193,308,506,9,'Leistungsschütz 11kW , 230VAC','DILOAM',308,NULL,1,2,'Moeller','Stück'),(143,195,309,509,5,'Leistungsschütz 15kW , 230VAC','DIL1M',309,NULL,1,2,'Moeller','Stück'),(143,196,310,505,4,'Leistungsschütz 7,5kW , 24VDC','DILOM-G',310,NULL,1,2,'Moeller','Stück'),(143,198,311,507,4,'Leistungsschütz 11kW , 230VAC','DILM25-21',311,NULL,1,2,'Moeller','Stück'),(143,199,312,508,1,'Leistungsschütz 11kW , 230VAC','DILM25-10',312,NULL,1,2,'Moeller','Stück'),(143,200,313,511,4,'Hilfsschütz 230VAC','DIL04L-22',313,NULL,1,2,'Moeller','Stück'),(143,201,314,512,1,'Hilfsschütz 230VAC','DIL04L-31',314,NULL,1,2,'Moeller','Stück'),(143,202,315,513,4,'Hilfsschütz 230VAC','DIL04-40',315,NULL,1,2,'Moeller','Stück'),(143,203,316,514,1,'Hilfsschaltbaustein','22DILM',316,NULL,1,2,'Moeller','Stück'),(143,204,317,514,5,'Hilfsschaltbaustein','DILM32-XHI22',317,NULL,1,2,'Moeller','Stück'),(143,205,318,514,5,'Hilfsschaltbaustein','DILM32-XHI11',318,NULL,1,2,'Moeller','Stück'),(143,206,319,515,10,'Normalhilfsschalter','NHI11-PKZ0',319,NULL,1,2,'Moeller','Stück'),(143,207,320,505,7,'Normalhilfsschalter','NHI-E-11-PKZ0',320,NULL,1,2,'Moeller','Stück'),(143,208,321,516,1,'Motorschützschalter 0,16-0,25 A','PKZM0-0,25',321,NULL,1,2,'Moeller','Stück'),(143,209,322,516,1,'Motorschützschalter 0,63-1,0 A','PKZM0-1',322,NULL,1,2,'Moeller','Stück'),(143,210,323,516,1,'Motorschützschalter 1,0-1,6 A','PKZM0-1,6',323,NULL,1,2,'Moeller','Stück'),(143,211,324,516,1,'Motorschützschalter 1,6-2,5 A','PKZM0-2,5',324,NULL,1,2,'Moeller','Stück'),(143,212,325,517,1,'Motorschützschalter 6,3-10 A','PKZM0-10',325,NULL,1,2,'Moeller','Stück'),(143,213,326,517,2,'Motorschützschalter 4,0-6,3 A','PKZM0-6,3',326,NULL,1,2,'Moeller','Stück'),(143,216,328,518,2,'Motorschützschalter 20-25 A','PKZM0-25',328,NULL,1,2,'Moeller','Stück'),(143,217,329,519,2,'Motorschützschalter 4,0 A','GV2 LE08 4A',329,NULL,1,72,'Telemecanique','Stück'),(143,218,330,520,2,'Motorschützschalter 10 A','GV2 LE14 10A',330,NULL,1,72,'Telemecanique','Stück'),(143,219,331,510,1,'Instalationsschütz 63A','ESB 63-40',11000331,NULL,1,73,'ABB','Stück'),(143,220,332,510,1,'Instalationsschütz 24A','ESB24-31',100332,NULL,1,73,'ABB','Stück'),(143,221,333,510,2,'Instalationsschütz 24A','ESB24-40',1100333,NULL,1,73,'ABB','Stück'),(143,223,335,510,1,'Instalationsschütz 40A (Last-Fernschalter)','5TT3 806',11000335,NULL,1,1,'Siemens','Stück'),(143,225,337,516,2,'Koppelrelais','IK8802.12AC/DC24V',1000337,NULL,1,74,'E.Dold & Söhne KG','Stück'),(143,226,338,515,15,'Koppelrelais','IK8802.12/023AC/DC230V',1000338,NULL,1,74,'E.Dold & Söhne KG','Stück'),(143,227,339,517,7,'Koppelrelais','IK8701.12AC 50HZ 230V',100339,NULL,1,74,'E.Dold & Söhne KG','Stück'),(155,33,141,339,100,'Rohr-Abstandschellen,30-38 mm','733',141,NULL,1,60,'OBO (Bettermann)','Stück'),(155,34,139,338,100,'Rohr-Abstandschellen,24-29 mm','733/M25 PG 21',139,NULL,1,60,'OBO (Bettermann)','Stück'),(155,35,138,337,101,'Rohr-Abstandschellen,21-23 mm','733 PG 16',138,NULL,1,60,'OBO (Bettermann)','Stück'),(155,36,1,336,134,'Schütz','3RT1036-1A / 22,0kW',1,2,1,1,'Siemens','Stück'),(155,56,147,340,50,'Rohr-Abstandschellen,39-48 mm','733/M40 PG36',147,NULL,1,60,'OBO (Bettermann)','Stück'),(155,61,148,341,2,'Rohr-Abstandschellen,47-55 mm','5VC4895',148,NULL,1,61,'Kleinhuis','Stück'),(155,63,150,354,6,'NH-Sicherung Gr.000 16A','3NA3805',150,NULL,1,1,'Siemens','Stück'),(155,64,151,355,6,'NH-Sicherung Gr.000 20A','3NA3807',151,3,1,1,'Siemens','Stück'),(155,65,152,356,6,'NH-Sicherung Gr.000 25A','3NA3810',152,NULL,1,1,'Siemens','Stück'),(155,66,153,357,6,'NH-Sicherung Gr.000 35A','3NA3814',153,3,1,1,'Siemens','Stück'),(155,67,154,358,6,'NH-Sicherung Gr.000 50A','3NA3820',154,NULL,1,1,'Siemens','Stück'),(155,68,149,359,NULL,'NH-Sicherung Gr.000 63A','3NA3 822',149,3,1,1,'Siemens','Stück'),(155,69,155,360,6,'NH-Sicherung Gr.000 80A','3NA3824',155,NULL,1,1,'Siemens','Stück'),(155,70,156,361,6,'NH-Sicherung Gr.000 100A','3NA3830',156,NULL,1,1,'Siemens','Stück'),(155,71,157,362,NULL,'NH-Sicherung Gr.00 125A','3NA3832',157,NULL,1,1,'Siemens','Stück'),(155,72,158,363,6,'NH-Sicherung Gr.00 160A','3NA3836',158,NULL,1,1,'Siemens','Stück'),(155,74,160,364,15,'NH-Sicherung Gr.1 63A','3NA3122',160,3,1,1,'Siemens','Stück'),(155,75,161,365,4,'NH-Sicherung Gr.1 100A','3NA3130',161,NULL,1,1,'Siemens','Stück'),(155,76,162,366,6,'NH-Sicherung Gr.1 125A','3NA3132',162,3,1,1,'Siemens','Stück'),(155,77,163,367,11,'NH-Sicherung Gr.1 160A','3NA3136',163,3,1,1,'Siemens','Stück'),(155,78,178,368,4,'NH-Sicherung Gr.1 250A','3NA3144',178,3,1,1,'Siemens','Stück'),(155,79,165,369,1,'NH-Sicherung Gr.2 80A','3NA3224',165,3,1,1,'Siemens','Stück'),(155,81,176,378,6,'NH-Sicherung Gr.1 200A','3NA3140',176,3,1,1,'Siemens','Stück'),(155,82,166,370,4,'NH-Sicherung Gr.2 100A','3NA3230',166,3,1,1,'Siemens','Stück'),(155,83,167,371,9,'NH-Sicherung Gr.2 125A','3NA3232',167,3,1,1,'Siemens','Stück'),(155,84,168,372,3,'NH-Sicherung Gr.2 160A','3NA3236',168,3,1,1,'Siemens','Stück'),(155,85,169,373,3,'NH-Sicherung Gr.2 200A','3NA3240',169,3,1,1,'Siemens','Stück'),(155,86,170,374,9,'NH-Sicherung Gr.2 250A','3NA3244',170,3,1,1,'Siemens','Stück'),(155,87,175,382,12,'NH-Sicherung Gr.2 315A','2466151',175,3,1,1,'Siemens','Stück'),(155,88,171,383,4,'NH-Sicherung Gr.2 300A','3NA3250',171,3,1,1,'Siemens','Stück'),(155,89,172,384,4,'NH-Sicherung Gr.2 355A','3NA3254',172,3,1,1,'Siemens','Stück'),(155,90,173,385,3,'NH-Sicherung Gr.3 315A','3NA3352',173,3,1,1,'Siemens','Stück'),(155,91,174,386,4,'NH-Sicherung Gr.3 400A','3NA3360',174,3,1,1,'Siemens','Stück'),(155,92,179,387,50,'Aluminium-Klemmschelle 20','AKS-E 20',179,10,1,62,'Fränkische Rohrwerke','Stück'),(155,93,180,388,50,'Aluminium-Klemmschelle 32','AKS-E 32',180,10,1,62,'Fränkische Rohrwerke','Stück'),(155,94,181,389,25,'Aluminium-Klemmschelle 40','AKS-E 40',181,5,1,62,'Fränkische Rohrwerke','Stück'),(155,95,182,390,25,'Aluminium-Klemmschelle 50','AKS-E 50',182,5,1,62,'Fränkische Rohrwerke','Stück'),(155,96,183,391,25,'Aluminium-Abstandschelle 50','ASG-E 50',183,NULL,1,62,'Fränkische Rohrwerke','Stück'),(155,97,184,392,25,'Edelstahl-Abstandschelle V4 32','VSG-E 32',184,5,1,62,'Fränkische Rohrwerke','Stück'),(155,98,185,393,10,'Edelstahl-Abstandschelle V4 50','VSG-E 50',185,5,1,62,'Fränkische Rohrwerke','Stück'),(155,160,273,442,50,'Schnapp-Schellen NW11 ( für Rohr 13 mm)','799/11 5VC4 540-5 AL',273,NULL,1,61,'Kleinhuis','Stück'),(155,161,274,443,50,'Kunstoff-Klemmschelle 16','5VB4542 Type 16',274,10,1,62,'Fränkische Rohrwerke','Stück'),(155,162,275,444,80,'RO-CLIP-Rohrschelle,16mm','HCRS 16',275,NULL,1,58,'Newlec','Stück'),(155,163,276,445,70,'RO-CLIP-Rohrschelle,20mm','HCRS 20',276,10,1,58,'Newlec','Stück'),(155,164,278,446,20,'RO-CLIP-Rohrschelle,25mm','HCRS 25',278,10,1,58,'Newlec','Stück'),(155,165,280,457,30,'Befestigungsschellen , 28-30 mm','5VC4460',280,NULL,1,61,'Kleinhuis','Stück'),(155,166,279,456,80,'Befestigungsschellen , 20,5-21,5 mm','5VC4456',279,NULL,1,61,'Kleinhuis','Stück'),(155,167,281,458,100,'Befestigungsschellen , 20 mm','605/M20',281,NULL,1,60,'OBO (Bettermann)','Stück'),(155,168,282,459,70,'Befestigungsschellen , 28 mm','605/PG21',282,NULL,1,60,'OBO (Bettermann)','Stück'),(155,169,283,460,80,'Befestigungsschellen , 37 mm','605/PG29',283,NULL,1,60,'OBO (Bettermann)','Stück'),(155,170,284,459,6,'Aluminium-Steckmuffe 50','AMS-E 50',284,NULL,1,62,'Fränkische Rohrwerke','Stück'),(155,171,288,465,1,'Aluminium-Steckmuffe 40','AMS-E 40',288,NULL,1,62,'Fränkische Rohrwerke','Stück'),(155,172,287,464,15,'Aluminium-Steckmuffe 32','AMS-E 32',287,NULL,1,62,'Fränkische Rohrwerke','Stück'),(155,173,286,463,40,'Aluminium-Steckmuffe 20','AMS-E 20',286,NULL,1,62,'Fränkische Rohrwerke','Stück'),(155,175,289,467,80,'Endtüllen,PG16','5VB4173',289,NULL,1,60,'OBO (Bettermann)','Stück'),(155,176,290,475,20,'Endtüllen,PG42','5VB4177 207378',291,NULL,1,61,'Kleinhuis','Stück'),(155,178,292,471,100,'Endtülle , M20','129 M M20',292,NULL,1,60,'OBO (Bettermann)','Stück'),(155,179,293,472,20,'Endtülle , M32','129 M32',293,NULL,1,60,'OBO (Bettermann)','Stück'),(155,181,295,471,40,'Endtülle , M20','E-Ku-E 20',295,NULL,1,62,'Fränkische Rohrwerke','Stück'),(155,182,296,473,140,'Endtülle , M40','E-Ku-E 40',296,NULL,1,62,'Fränkische Rohrwerke','Stück'),(155,183,297,474,6,'Endtülle , M50','E-Ku-E 50',297,NULL,1,62,'Fränkische Rohrwerke','Stück'),(155,184,298,468,30,'Endtülle , PG29','?-',298,NULL,1,61,'Kleinhuis','Stück'),(156,185,299,495,6,'Leistungsschütz 11kW , 230VAC','LC1 D25004M5',299,1,1,72,'Telemecanique','Stück'),(156,186,300,496,2,'Sperrschütz','CA2-DK122',300,NULL,1,72,'Telemecanique','Stück'),(156,187,302,497,9,'Hilfsschütz 230VAC','CAD32P7',302,3,1,72,'Telemecanique','Stück'),(156,188,301,498,4,'Verklinkungsblock , 230V AC/DC','LAD6K10M',301,3,1,72,'Telemecanique','Stück'),(156,189,303,499,3,'Leistungsschütz 30kW , 230VAC','LC1 D6511P7',303,NULL,1,72,'Telemecanique','Stück'),(156,190,304,500,2,'Motorschützschalter 24-40 A','GV7 RS40',304,NULL,1,72,'Telemecanique','Stück'),(156,191,305,501,6,'Hilfskontaktblock','LA8 DN11',305,NULL,1,72,'Telemecanique','Stück'),(156,192,306,502,19,'Hilfskontaktblock ','LA1DN22',306,NULL,1,72,'Telemecanique','Stück'),(156,193,308,506,9,'Leistungsschütz 11kW , 230VAC','DILOAM',308,NULL,1,2,'Moeller','Stück'),(156,195,309,509,5,'Leistungsschütz 15kW , 230VAC','DIL1M',309,NULL,1,2,'Moeller','Stück'),(156,196,310,505,4,'Leistungsschütz 7,5kW , 24VDC','DILOM-G',310,NULL,1,2,'Moeller','Stück'),(156,198,311,507,4,'Leistungsschütz 11kW , 230VAC','DILM25-21',311,NULL,1,2,'Moeller','Stück'),(156,199,312,508,1,'Leistungsschütz 11kW , 230VAC','DILM25-10',312,NULL,1,2,'Moeller','Stück'),(156,200,313,511,4,'Hilfsschütz 230VAC','DIL04L-22',313,NULL,1,2,'Moeller','Stück'),(156,201,314,512,1,'Hilfsschütz 230VAC','DIL04L-31',314,NULL,1,2,'Moeller','Stück'),(156,202,315,513,4,'Hilfsschütz 230VAC','DIL04-40',315,NULL,1,2,'Moeller','Stück'),(156,203,316,514,1,'Hilfsschaltbaustein','22DILM',316,NULL,1,2,'Moeller','Stück'),(156,204,317,514,5,'Hilfsschaltbaustein','DILM32-XHI22',317,NULL,1,2,'Moeller','Stück'),(156,205,318,514,5,'Hilfsschaltbaustein','DILM32-XHI11',318,NULL,1,2,'Moeller','Stück'),(156,206,319,515,10,'Normalhilfsschalter','NHI11-PKZ0',319,NULL,1,2,'Moeller','Stück'),(156,207,320,505,7,'Normalhilfsschalter','NHI-E-11-PKZ0',320,NULL,1,2,'Moeller','Stück'),(156,208,321,516,1,'Motorschützschalter 0,16-0,25 A','PKZM0-0,25',321,NULL,1,2,'Moeller','Stück'),(156,209,322,516,1,'Motorschützschalter 0,63-1,0 A','PKZM0-1',322,NULL,1,2,'Moeller','Stück'),(156,210,323,516,1,'Motorschützschalter 1,0-1,6 A','PKZM0-1,6',323,NULL,1,2,'Moeller','Stück'),(156,211,324,516,1,'Motorschützschalter 1,6-2,5 A','PKZM0-2,5',324,NULL,1,2,'Moeller','Stück'),(156,212,325,517,1,'Motorschützschalter 6,3-10 A','PKZM0-10',325,NULL,1,2,'Moeller','Stück'),(156,213,326,517,2,'Motorschützschalter 4,0-6,3 A','PKZM0-6,3',326,NULL,1,2,'Moeller','Stück'),(156,216,328,518,2,'Motorschützschalter 20-25 A','PKZM0-25',328,NULL,1,2,'Moeller','Stück'),(156,217,329,519,2,'Motorschützschalter 4,0 A','GV2 LE08 4A',329,NULL,1,72,'Telemecanique','Stück'),(156,218,330,520,2,'Motorschützschalter 10 A','GV2 LE14 10A',330,NULL,1,72,'Telemecanique','Stück'),(156,219,331,510,1,'Instalationsschütz 63A','ESB 63-40',11000331,NULL,1,73,'ABB','Stück'),(156,220,332,510,1,'Instalationsschütz 24A','ESB24-31',100332,NULL,1,73,'ABB','Stück'),(156,221,333,510,2,'Instalationsschütz 24A','ESB24-40',1100333,NULL,1,73,'ABB','Stück'),(156,223,335,510,1,'Instalationsschütz 40A (Last-Fernschalter)','5TT3 806',11000335,NULL,1,1,'Siemens','Stück'),(156,225,337,516,2,'Koppelrelais','IK8802.12AC/DC24V',1000337,NULL,1,74,'E.Dold & Söhne KG','Stück'),(156,226,338,515,15,'Koppelrelais','IK8802.12/023AC/DC230V',1000338,NULL,1,74,'E.Dold & Söhne KG','Stück'),(156,227,339,517,7,'Koppelrelais','IK8701.12AC 50HZ 230V',100339,NULL,1,74,'E.Dold & Söhne KG','Stück'),(157,33,141,339,100,'Rohr-Abstandschellen,30-38 mm','733',141,NULL,1,60,'OBO (Bettermann)','Stück'),(157,34,139,338,100,'Rohr-Abstandschellen,24-29 mm','733/M25 PG 21',139,NULL,1,60,'OBO (Bettermann)','Stück'),(157,35,138,337,101,'Rohr-Abstandschellen,21-23 mm','733 PG 16',138,NULL,1,60,'OBO (Bettermann)','Stück'),(157,36,1,336,134,'Schütz','3RT1036-1A / 22,0kW',1,2,1,1,'Siemens','Stück'),(157,56,147,340,50,'Rohr-Abstandschellen,39-48 mm','733/M40 PG36',147,NULL,1,60,'OBO (Bettermann)','Stück'),(157,61,148,341,2,'Rohr-Abstandschellen,47-55 mm','5VC4895',148,NULL,1,61,'Kleinhuis','Stück'),(157,63,150,354,6,'NH-Sicherung Gr.000 16A','3NA3805',150,NULL,1,1,'Siemens','Stück'),(157,64,151,355,6,'NH-Sicherung Gr.000 20A','3NA3807',151,3,1,1,'Siemens','Stück'),(157,65,152,356,6,'NH-Sicherung Gr.000 25A','3NA3810',152,NULL,1,1,'Siemens','Stück'),(157,66,153,357,6,'NH-Sicherung Gr.000 35A','3NA3814',153,3,1,1,'Siemens','Stück'),(157,67,154,358,6,'NH-Sicherung Gr.000 50A','3NA3820',154,NULL,1,1,'Siemens','Stück'),(157,68,149,359,NULL,'NH-Sicherung Gr.000 63A','3NA3 822',149,3,1,1,'Siemens','Stück'),(157,69,155,360,6,'NH-Sicherung Gr.000 80A','3NA3824',155,NULL,1,1,'Siemens','Stück'),(157,70,156,361,6,'NH-Sicherung Gr.000 100A','3NA3830',156,NULL,1,1,'Siemens','Stück'),(157,71,157,362,NULL,'NH-Sicherung Gr.00 125A','3NA3832',157,NULL,1,1,'Siemens','Stück'),(157,72,158,363,6,'NH-Sicherung Gr.00 160A','3NA3836',158,NULL,1,1,'Siemens','Stück'),(157,74,160,364,15,'NH-Sicherung Gr.1 63A','3NA3122',160,3,1,1,'Siemens','Stück'),(157,75,161,365,4,'NH-Sicherung Gr.1 100A','3NA3130',161,NULL,1,1,'Siemens','Stück'),(157,76,162,366,6,'NH-Sicherung Gr.1 125A','3NA3132',162,3,1,1,'Siemens','Stück'),(157,77,163,367,11,'NH-Sicherung Gr.1 160A','3NA3136',163,3,1,1,'Siemens','Stück'),(157,78,178,368,4,'NH-Sicherung Gr.1 250A','3NA3144',178,3,1,1,'Siemens','Stück'),(157,79,165,369,1,'NH-Sicherung Gr.2 80A','3NA3224',165,3,1,1,'Siemens','Stück'),(157,81,176,378,6,'NH-Sicherung Gr.1 200A','3NA3140',176,3,1,1,'Siemens','Stück'),(157,82,166,370,4,'NH-Sicherung Gr.2 100A','3NA3230',166,3,1,1,'Siemens','Stück'),(157,83,167,371,9,'NH-Sicherung Gr.2 125A','3NA3232',167,3,1,1,'Siemens','Stück'),(157,84,168,372,3,'NH-Sicherung Gr.2 160A','3NA3236',168,3,1,1,'Siemens','Stück'),(157,85,169,373,3,'NH-Sicherung Gr.2 200A','3NA3240',169,3,1,1,'Siemens','Stück'),(157,86,170,374,9,'NH-Sicherung Gr.2 250A','3NA3244',170,3,1,1,'Siemens','Stück'),(157,87,175,382,12,'NH-Sicherung Gr.2 315A','2466151',175,3,1,1,'Siemens','Stück'),(157,88,171,383,4,'NH-Sicherung Gr.2 300A','3NA3250',171,3,1,1,'Siemens','Stück'),(157,89,172,384,4,'NH-Sicherung Gr.2 355A','3NA3254',172,3,1,1,'Siemens','Stück'),(157,90,173,385,3,'NH-Sicherung Gr.3 315A','3NA3352',173,3,1,1,'Siemens','Stück'),(157,91,174,386,4,'NH-Sicherung Gr.3 400A','3NA3360',174,3,1,1,'Siemens','Stück'),(157,92,179,387,50,'Aluminium-Klemmschelle 20','AKS-E 20',179,10,1,62,'Fränkische Rohrwerke','Stück'),(157,93,180,388,50,'Aluminium-Klemmschelle 32','AKS-E 32',180,10,1,62,'Fränkische Rohrwerke','Stück'),(157,94,181,389,25,'Aluminium-Klemmschelle 40','AKS-E 40',181,5,1,62,'Fränkische Rohrwerke','Stück'),(157,95,182,390,25,'Aluminium-Klemmschelle 50','AKS-E 50',182,5,1,62,'Fränkische Rohrwerke','Stück'),(157,96,183,391,25,'Aluminium-Abstandschelle 50','ASG-E 50',183,NULL,1,62,'Fränkische Rohrwerke','Stück'),(157,97,184,392,25,'Edelstahl-Abstandschelle V4 32','VSG-E 32',184,5,1,62,'Fränkische Rohrwerke','Stück'),(157,98,185,393,10,'Edelstahl-Abstandschelle V4 50','VSG-E 50',185,5,1,62,'Fränkische Rohrwerke','Stück'),(157,160,273,442,50,'Schnapp-Schellen NW11 ( für Rohr 13 mm)','799/11 5VC4 540-5 AL',273,NULL,1,61,'Kleinhuis','Stück'),(157,161,274,443,50,'Kunstoff-Klemmschelle 16','5VB4542 Type 16',274,10,1,62,'Fränkische Rohrwerke','Stück'),(157,162,275,444,80,'RO-CLIP-Rohrschelle,16mm','HCRS 16',275,NULL,1,58,'Newlec','Stück'),(157,163,276,445,70,'RO-CLIP-Rohrschelle,20mm','HCRS 20',276,10,1,58,'Newlec','Stück'),(157,164,278,446,20,'RO-CLIP-Rohrschelle,25mm','HCRS 25',278,10,1,58,'Newlec','Stück'),(157,165,280,457,30,'Befestigungsschellen , 28-30 mm','5VC4460',280,NULL,1,61,'Kleinhuis','Stück'),(157,166,279,456,80,'Befestigungsschellen , 20,5-21,5 mm','5VC4456',279,NULL,1,61,'Kleinhuis','Stück'),(157,167,281,458,100,'Befestigungsschellen , 20 mm','605/M20',281,NULL,1,60,'OBO (Bettermann)','Stück'),(157,168,282,459,70,'Befestigungsschellen , 28 mm','605/PG21',282,NULL,1,60,'OBO (Bettermann)','Stück'),(157,169,283,460,80,'Befestigungsschellen , 37 mm','605/PG29',283,NULL,1,60,'OBO (Bettermann)','Stück'),(157,170,284,459,6,'Aluminium-Steckmuffe 50','AMS-E 50',284,NULL,1,62,'Fränkische Rohrwerke','Stück'),(157,171,288,465,1,'Aluminium-Steckmuffe 40','AMS-E 40',288,NULL,1,62,'Fränkische Rohrwerke','Stück'),(157,172,287,464,15,'Aluminium-Steckmuffe 32','AMS-E 32',287,NULL,1,62,'Fränkische Rohrwerke','Stück'),(157,173,286,463,40,'Aluminium-Steckmuffe 20','AMS-E 20',286,NULL,1,62,'Fränkische Rohrwerke','Stück'),(157,175,289,467,80,'Endtüllen,PG16','5VB4173',289,NULL,1,60,'OBO (Bettermann)','Stück'),(157,176,290,475,20,'Endtüllen,PG42','5VB4177 207378',291,NULL,1,61,'Kleinhuis','Stück'),(157,178,292,471,100,'Endtülle , M20','129 M M20',292,NULL,1,60,'OBO (Bettermann)','Stück'),(157,179,293,472,20,'Endtülle , M32','129 M32',293,NULL,1,60,'OBO (Bettermann)','Stück'),(157,181,295,471,40,'Endtülle , M20','E-Ku-E 20',295,NULL,1,62,'Fränkische Rohrwerke','Stück'),(157,182,296,473,140,'Endtülle , M40','E-Ku-E 40',296,NULL,1,62,'Fränkische Rohrwerke','Stück'),(157,183,297,474,6,'Endtülle , M50','E-Ku-E 50',297,NULL,1,62,'Fränkische Rohrwerke','Stück'),(157,184,298,468,30,'Endtülle , PG29','?-',298,NULL,1,61,'Kleinhuis','Stück'),(157,185,299,495,6,'Leistungsschütz 11kW , 230VAC','LC1 D25004M5',299,1,1,72,'Telemecanique','Stück'),(157,186,300,496,2,'Sperrschütz','CA2-DK122',300,NULL,1,72,'Telemecanique','Stück'),(157,187,302,497,9,'Hilfsschütz 230VAC','CAD32P7',302,3,1,72,'Telemecanique','Stück'),(157,188,301,498,4,'Verklinkungsblock , 230V AC/DC','LAD6K10M',301,3,1,72,'Telemecanique','Stück'),(157,189,303,499,3,'Leistungsschütz 30kW , 230VAC','LC1 D6511P7',303,NULL,1,72,'Telemecanique','Stück'),(157,190,304,500,2,'Motorschützschalter 24-40 A','GV7 RS40',304,NULL,1,72,'Telemecanique','Stück'),(157,191,305,501,6,'Hilfskontaktblock','LA8 DN11',305,NULL,1,72,'Telemecanique','Stück'),(157,192,306,502,19,'Hilfskontaktblock ','LA1DN22',306,NULL,1,72,'Telemecanique','Stück'),(157,193,308,506,9,'Leistungsschütz 11kW , 230VAC','DILOAM',308,NULL,1,2,'Moeller','Stück'),(157,195,309,509,5,'Leistungsschütz 15kW , 230VAC','DIL1M',309,NULL,1,2,'Moeller','Stück'),(157,196,310,505,4,'Leistungsschütz 7,5kW , 24VDC','DILOM-G',310,NULL,1,2,'Moeller','Stück'),(157,198,311,507,4,'Leistungsschütz 11kW , 230VAC','DILM25-21',311,NULL,1,2,'Moeller','Stück'),(157,199,312,508,1,'Leistungsschütz 11kW , 230VAC','DILM25-10',312,NULL,1,2,'Moeller','Stück'),(157,200,313,511,4,'Hilfsschütz 230VAC','DIL04L-22',313,NULL,1,2,'Moeller','Stück'),(157,201,314,512,1,'Hilfsschütz 230VAC','DIL04L-31',314,NULL,1,2,'Moeller','Stück'),(157,202,315,513,4,'Hilfsschütz 230VAC','DIL04-40',315,NULL,1,2,'Moeller','Stück'),(157,203,316,514,1,'Hilfsschaltbaustein','22DILM',316,NULL,1,2,'Moeller','Stück'),(157,204,317,514,5,'Hilfsschaltbaustein','DILM32-XHI22',317,NULL,1,2,'Moeller','Stück'),(157,205,318,514,5,'Hilfsschaltbaustein','DILM32-XHI11',318,NULL,1,2,'Moeller','Stück'),(157,206,319,515,10,'Normalhilfsschalter','NHI11-PKZ0',319,NULL,1,2,'Moeller','Stück'),(157,207,320,505,7,'Normalhilfsschalter','NHI-E-11-PKZ0',320,NULL,1,2,'Moeller','Stück'),(157,208,321,516,1,'Motorschützschalter 0,16-0,25 A','PKZM0-0,25',321,NULL,1,2,'Moeller','Stück'),(157,209,322,516,1,'Motorschützschalter 0,63-1,0 A','PKZM0-1',322,NULL,1,2,'Moeller','Stück'),(157,210,323,516,1,'Motorschützschalter 1,0-1,6 A','PKZM0-1,6',323,NULL,1,2,'Moeller','Stück'),(157,211,324,516,1,'Motorschützschalter 1,6-2,5 A','PKZM0-2,5',324,NULL,1,2,'Moeller','Stück'),(157,212,325,517,1,'Motorschützschalter 6,3-10 A','PKZM0-10',325,NULL,1,2,'Moeller','Stück'),(157,213,326,517,2,'Motorschützschalter 4,0-6,3 A','PKZM0-6,3',326,NULL,1,2,'Moeller','Stück'),(157,216,328,518,2,'Motorschützschalter 20-25 A','PKZM0-25',328,NULL,1,2,'Moeller','Stück'),(157,217,329,519,2,'Motorschützschalter 4,0 A','GV2 LE08 4A',329,NULL,1,72,'Telemecanique','Stück'),(157,218,330,520,2,'Motorschützschalter 10 A','GV2 LE14 10A',330,NULL,1,72,'Telemecanique','Stück'),(157,219,331,510,1,'Instalationsschütz 63A','ESB 63-40',11000331,NULL,1,73,'ABB','Stück'),(157,220,332,510,1,'Instalationsschütz 24A','ESB24-31',100332,NULL,1,73,'ABB','Stück'),(157,221,333,510,2,'Instalationsschütz 24A','ESB24-40',1100333,NULL,1,73,'ABB','Stück'),(157,223,335,510,1,'Instalationsschütz 40A (Last-Fernschalter)','5TT3 806',11000335,NULL,1,1,'Siemens','Stück'),(157,225,337,516,2,'Koppelrelais','IK8802.12AC/DC24V',1000337,NULL,1,74,'E.Dold & Söhne KG','Stück'),(157,226,338,515,15,'Koppelrelais','IK8802.12/023AC/DC230V',1000338,NULL,1,74,'E.Dold & Söhne KG','Stück'),(157,227,339,517,7,'Koppelrelais','IK8701.12AC 50HZ 230V',100339,NULL,1,74,'E.Dold & Söhne KG','Stück'),(157,245,143,336,1,'111111','11111a',1111,1,3,9,'Bauer','Eimer'),(158,185,299,495,6,'Leistungsschütz 11kW , 230VAC','LC1 D25004M5',299,1,1,72,'Telemecanique','Stück'),(158,186,300,496,2,'Sperrschütz','CA2-DK122',300,NULL,1,72,'Telemecanique','Stück'),(158,187,302,497,9,'Hilfsschütz 230VAC','CAD32P7',302,3,1,72,'Telemecanique','Stück'),(158,188,301,498,4,'Verklinkungsblock , 230V AC/DC','LAD6K10M',301,3,1,72,'Telemecanique','Stück'),(158,189,303,499,3,'Leistungsschütz 30kW , 230VAC','LC1 D6511P7',303,NULL,1,72,'Telemecanique','Stück'),(158,190,304,500,2,'Motorschützschalter 24-40 A','GV7 RS40',304,NULL,1,72,'Telemecanique','Stück'),(158,191,305,501,6,'Hilfskontaktblock','LA8 DN11',305,NULL,1,72,'Telemecanique','Stück'),(158,192,306,502,19,'Hilfskontaktblock ','LA1DN22',306,NULL,1,72,'Telemecanique','Stück'),(158,193,308,506,9,'Leistungsschütz 11kW , 230VAC','DILOAM',308,NULL,1,2,'Moeller','Stück'),(158,195,309,509,5,'Leistungsschütz 15kW , 230VAC','DIL1M',309,NULL,1,2,'Moeller','Stück'),(158,196,310,505,4,'Leistungsschütz 7,5kW , 24VDC','DILOM-G',310,NULL,1,2,'Moeller','Stück'),(158,198,311,507,4,'Leistungsschütz 11kW , 230VAC','DILM25-21',311,NULL,1,2,'Moeller','Stück'),(158,199,312,508,1,'Leistungsschütz 11kW , 230VAC','DILM25-10',312,NULL,1,2,'Moeller','Stück'),(158,200,313,511,4,'Hilfsschütz 230VAC','DIL04L-22',313,NULL,1,2,'Moeller','Stück'),(158,201,314,512,1,'Hilfsschütz 230VAC','DIL04L-31',314,NULL,1,2,'Moeller','Stück'),(158,202,315,513,4,'Hilfsschütz 230VAC','DIL04-40',315,NULL,1,2,'Moeller','Stück'),(158,203,316,514,1,'Hilfsschaltbaustein','22DILM',316,NULL,1,2,'Moeller','Stück'),(158,204,317,514,5,'Hilfsschaltbaustein','DILM32-XHI22',317,NULL,1,2,'Moeller','Stück'),(158,205,318,514,5,'Hilfsschaltbaustein','DILM32-XHI11',318,NULL,1,2,'Moeller','Stück'),(158,206,319,515,10,'Normalhilfsschalter','NHI11-PKZ0',319,NULL,1,2,'Moeller','Stück'),(158,207,320,505,7,'Normalhilfsschalter','NHI-E-11-PKZ0',320,NULL,1,2,'Moeller','Stück'),(158,208,321,516,1,'Motorschützschalter 0,16-0,25 A','PKZM0-0,25',321,NULL,1,2,'Moeller','Stück'),(158,209,322,516,1,'Motorschützschalter 0,63-1,0 A','PKZM0-1',322,NULL,1,2,'Moeller','Stück'),(158,210,323,516,1,'Motorschützschalter 1,0-1,6 A','PKZM0-1,6',323,NULL,1,2,'Moeller','Stück'),(158,211,324,516,1,'Motorschützschalter 1,6-2,5 A','PKZM0-2,5',324,NULL,1,2,'Moeller','Stück'),(158,212,325,517,1,'Motorschützschalter 6,3-10 A','PKZM0-10',325,NULL,1,2,'Moeller','Stück'),(158,213,326,517,2,'Motorschützschalter 4,0-6,3 A','PKZM0-6,3',326,NULL,1,2,'Moeller','Stück'),(158,216,328,518,2,'Motorschützschalter 20-25 A','PKZM0-25',328,NULL,1,2,'Moeller','Stück'),(158,217,329,519,2,'Motorschützschalter 4,0 A','GV2 LE08 4A',329,NULL,1,72,'Telemecanique','Stück'),(158,218,330,520,2,'Motorschützschalter 10 A','GV2 LE14 10A',330,NULL,1,72,'Telemecanique','Stück'),(158,219,331,510,1,'Instalationsschütz 63A','ESB 63-40',11000331,NULL,1,73,'ABB','Stück'),(158,220,332,510,1,'Instalationsschütz 24A','ESB24-31',100332,NULL,1,73,'ABB','Stück'),(158,221,333,510,2,'Instalationsschütz 24A','ESB24-40',1100333,NULL,1,73,'ABB','Stück'),(158,223,335,510,1,'Instalationsschütz 40A (Last-Fernschalter)','5TT3 806',11000335,NULL,1,1,'Siemens','Stück'),(158,225,337,516,2,'Koppelrelais','IK8802.12AC/DC24V',1000337,NULL,1,74,'E.Dold & Söhne KG','Stück'),(158,226,338,515,15,'Koppelrelais','IK8802.12/023AC/DC230V',1000338,NULL,1,74,'E.Dold & Söhne KG','Stück'),(158,227,339,517,7,'Koppelrelais','IK8701.12AC 50HZ 230V',100339,NULL,1,74,'E.Dold & Söhne KG','Stück'),(159,185,299,495,6,'Leistungsschütz 11kW , 230VAC','LC1 D25004M5',299,1,1,72,'Telemecanique','Stück'),(159,186,300,496,2,'Sperrschütz','CA2-DK122',300,NULL,1,72,'Telemecanique','Stück'),(159,187,302,497,9,'Hilfsschütz 230VAC','CAD32P7',302,3,1,72,'Telemecanique','Stück'),(159,188,301,498,4,'Verklinkungsblock , 230V AC/DC','LAD6K10M',301,3,1,72,'Telemecanique','Stück'),(159,189,303,499,3,'Leistungsschütz 30kW , 230VAC','LC1 D6511P7',303,NULL,1,72,'Telemecanique','Stück'),(159,190,304,500,2,'Motorschützschalter 24-40 A','GV7 RS40',304,NULL,1,72,'Telemecanique','Stück'),(159,191,305,501,6,'Hilfskontaktblock','LA8 DN11',305,NULL,1,72,'Telemecanique','Stück'),(159,192,306,502,19,'Hilfskontaktblock ','LA1DN22',306,NULL,1,72,'Telemecanique','Stück'),(159,193,308,506,9,'Leistungsschütz 11kW , 230VAC','DILOAM',308,NULL,1,2,'Moeller','Stück'),(159,195,309,509,5,'Leistungsschütz 15kW , 230VAC','DIL1M',309,NULL,1,2,'Moeller','Stück'),(159,196,310,505,4,'Leistungsschütz 7,5kW , 24VDC','DILOM-G',310,NULL,1,2,'Moeller','Stück'),(159,198,311,507,4,'Leistungsschütz 11kW , 230VAC','DILM25-21',311,NULL,1,2,'Moeller','Stück'),(159,199,312,508,1,'Leistungsschütz 11kW , 230VAC','DILM25-10',312,NULL,1,2,'Moeller','Stück'),(159,200,313,511,4,'Hilfsschütz 230VAC','DIL04L-22',313,NULL,1,2,'Moeller','Stück'),(159,201,314,512,1,'Hilfsschütz 230VAC','DIL04L-31',314,NULL,1,2,'Moeller','Stück'),(159,202,315,513,4,'Hilfsschütz 230VAC','DIL04-40',315,NULL,1,2,'Moeller','Stück'),(159,203,316,514,1,'Hilfsschaltbaustein','22DILM',316,NULL,1,2,'Moeller','Stück'),(159,204,317,514,5,'Hilfsschaltbaustein','DILM32-XHI22',317,NULL,1,2,'Moeller','Stück'),(159,205,318,514,5,'Hilfsschaltbaustein','DILM32-XHI11',318,NULL,1,2,'Moeller','Stück'),(159,206,319,515,10,'Normalhilfsschalter','NHI11-PKZ0',319,NULL,1,2,'Moeller','Stück'),(159,207,320,505,7,'Normalhilfsschalter','NHI-E-11-PKZ0',320,NULL,1,2,'Moeller','Stück'),(159,208,321,516,1,'Motorschützschalter 0,16-0,25 A','PKZM0-0,25',321,NULL,1,2,'Moeller','Stück'),(159,209,322,516,1,'Motorschützschalter 0,63-1,0 A','PKZM0-1',322,NULL,1,2,'Moeller','Stück'),(159,210,323,516,1,'Motorschützschalter 1,0-1,6 A','PKZM0-1,6',323,NULL,1,2,'Moeller','Stück'),(159,211,324,516,1,'Motorschützschalter 1,6-2,5 A','PKZM0-2,5',324,NULL,1,2,'Moeller','Stück'),(159,212,325,517,1,'Motorschützschalter 6,3-10 A','PKZM0-10',325,NULL,1,2,'Moeller','Stück'),(159,213,326,517,2,'Motorschützschalter 4,0-6,3 A','PKZM0-6,3',326,NULL,1,2,'Moeller','Stück'),(159,216,328,518,2,'Motorschützschalter 20-25 A','PKZM0-25',328,NULL,1,2,'Moeller','Stück'),(159,217,329,519,2,'Motorschützschalter 4,0 A','GV2 LE08 4A',329,NULL,1,72,'Telemecanique','Stück'),(159,218,330,520,2,'Motorschützschalter 10 A','GV2 LE14 10A',330,NULL,1,72,'Telemecanique','Stück'),(159,219,331,510,1,'Instalationsschütz 63A','ESB 63-40',11000331,NULL,1,73,'ABB','Stück'),(159,220,332,510,1,'Instalationsschütz 24A','ESB24-31',100332,NULL,1,73,'ABB','Stück'),(159,221,333,510,2,'Instalationsschütz 24A','ESB24-40',1100333,NULL,1,73,'ABB','Stück'),(159,223,335,510,1,'Instalationsschütz 40A (Last-Fernschalter)','5TT3 806',11000335,NULL,1,1,'Siemens','Stück'),(159,225,337,516,2,'Koppelrelais','IK8802.12AC/DC24V',1000337,NULL,1,74,'E.Dold & Söhne KG','Stück'),(159,226,338,515,15,'Koppelrelais','IK8802.12/023AC/DC230V',1000338,NULL,1,74,'E.Dold & Söhne KG','Stück'),(159,227,339,517,7,'Koppelrelais','IK8701.12AC 50HZ 230V',100339,NULL,1,74,'E.Dold & Söhne KG','Stück'),(160,185,299,495,6,'Leistungsschütz 11kW , 230VAC','LC1 D25004M5',299,1,1,72,'Telemecanique','Stück'),(160,186,300,496,2,'Sperrschütz','CA2-DK122',300,NULL,1,72,'Telemecanique','Stück'),(160,187,302,497,9,'Hilfsschütz 230VAC','CAD32P7',302,3,1,72,'Telemecanique','Stück'),(160,188,301,498,4,'Verklinkungsblock , 230V AC/DC','LAD6K10M',301,3,1,72,'Telemecanique','Stück'),(160,189,303,499,3,'Leistungsschütz 30kW , 230VAC','LC1 D6511P7',303,NULL,1,72,'Telemecanique','Stück'),(160,190,304,500,2,'Motorschützschalter 24-40 A','GV7 RS40',304,NULL,1,72,'Telemecanique','Stück'),(160,191,305,501,6,'Hilfskontaktblock','LA8 DN11',305,NULL,1,72,'Telemecanique','Stück'),(160,192,306,502,19,'Hilfskontaktblock ','LA1DN22',306,NULL,1,72,'Telemecanique','Stück'),(160,193,308,506,9,'Leistungsschütz 11kW , 230VAC','DILOAM',308,NULL,1,2,'Moeller','Stück'),(160,195,309,509,5,'Leistungsschütz 15kW , 230VAC','DIL1M',309,NULL,1,2,'Moeller','Stück'),(160,196,310,505,4,'Leistungsschütz 7,5kW , 24VDC','DILOM-G',310,NULL,1,2,'Moeller','Stück'),(160,198,311,507,4,'Leistungsschütz 11kW , 230VAC','DILM25-21',311,NULL,1,2,'Moeller','Stück'),(160,199,312,508,1,'Leistungsschütz 11kW , 230VAC','DILM25-10',312,NULL,1,2,'Moeller','Stück'),(160,200,313,511,4,'Hilfsschütz 230VAC','DIL04L-22',313,NULL,1,2,'Moeller','Stück'),(160,201,314,512,1,'Hilfsschütz 230VAC','DIL04L-31',314,NULL,1,2,'Moeller','Stück'),(160,202,315,513,4,'Hilfsschütz 230VAC','DIL04-40',315,NULL,1,2,'Moeller','Stück'),(160,203,316,514,1,'Hilfsschaltbaustein','22DILM',316,NULL,1,2,'Moeller','Stück'),(160,204,317,514,5,'Hilfsschaltbaustein','DILM32-XHI22',317,NULL,1,2,'Moeller','Stück'),(160,205,318,514,5,'Hilfsschaltbaustein','DILM32-XHI11',318,NULL,1,2,'Moeller','Stück'),(160,206,319,515,10,'Normalhilfsschalter','NHI11-PKZ0',319,NULL,1,2,'Moeller','Stück'),(160,207,320,505,7,'Normalhilfsschalter','NHI-E-11-PKZ0',320,NULL,1,2,'Moeller','Stück'),(160,208,321,516,1,'Motorschützschalter 0,16-0,25 A','PKZM0-0,25',321,NULL,1,2,'Moeller','Stück'),(160,209,322,516,1,'Motorschützschalter 0,63-1,0 A','PKZM0-1',322,NULL,1,2,'Moeller','Stück'),(160,210,323,516,1,'Motorschützschalter 1,0-1,6 A','PKZM0-1,6',323,NULL,1,2,'Moeller','Stück'),(160,211,324,516,1,'Motorschützschalter 1,6-2,5 A','PKZM0-2,5',324,NULL,1,2,'Moeller','Stück'),(160,212,325,517,1,'Motorschützschalter 6,3-10 A','PKZM0-10',325,NULL,1,2,'Moeller','Stück'),(160,213,326,517,2,'Motorschützschalter 4,0-6,3 A','PKZM0-6,3',326,NULL,1,2,'Moeller','Stück'),(160,216,328,518,2,'Motorschützschalter 20-25 A','PKZM0-25',328,NULL,1,2,'Moeller','Stück'),(160,217,329,519,2,'Motorschützschalter 4,0 A','GV2 LE08 4A',329,NULL,1,72,'Telemecanique','Stück'),(160,218,330,520,2,'Motorschützschalter 10 A','GV2 LE14 10A',330,NULL,1,72,'Telemecanique','Stück'),(160,219,331,510,1,'Instalationsschütz 63A','ESB 63-40',11000331,NULL,1,73,'ABB','Stück'),(160,220,332,510,1,'Instalationsschütz 24A','ESB24-31',100332,NULL,1,73,'ABB','Stück'),(160,221,333,510,2,'Instalationsschütz 24A','ESB24-40',1100333,NULL,1,73,'ABB','Stück'),(160,223,335,510,1,'Instalationsschütz 40A (Last-Fernschalter)','5TT3 806',11000335,NULL,1,1,'Siemens','Stück'),(160,225,337,516,2,'Koppelrelais','IK8802.12AC/DC24V',1000337,NULL,1,74,'E.Dold & Söhne KG','Stück'),(160,226,338,515,15,'Koppelrelais','IK8802.12/023AC/DC230V',1000338,NULL,1,74,'E.Dold & Söhne KG','Stück'),(160,227,339,517,7,'Koppelrelais','IK8701.12AC 50HZ 230V',100339,NULL,1,74,'E.Dold & Söhne KG','Stück'),(161,185,299,495,6,'Leistungsschütz 11kW , 230VAC','LC1 D25004M5',299,1,1,72,'Telemecanique','Stück'),(161,186,300,496,2,'Sperrschütz','CA2-DK122',300,NULL,1,72,'Telemecanique','Stück'),(161,187,302,497,9,'Hilfsschütz 230VAC','CAD32P7',302,3,1,72,'Telemecanique','Stück'),(161,188,301,498,4,'Verklinkungsblock , 230V AC/DC','LAD6K10M',301,3,1,72,'Telemecanique','Stück'),(161,189,303,499,3,'Leistungsschütz 30kW , 230VAC','LC1 D6511P7',303,NULL,1,72,'Telemecanique','Stück'),(161,190,304,500,2,'Motorschützschalter 24-40 A','GV7 RS40',304,NULL,1,72,'Telemecanique','Stück'),(161,191,305,501,6,'Hilfskontaktblock','LA8 DN11',305,NULL,1,72,'Telemecanique','Stück'),(161,192,306,502,19,'Hilfskontaktblock ','LA1DN22',306,NULL,1,72,'Telemecanique','Stück'),(161,193,308,506,9,'Leistungsschütz 11kW , 230VAC','DILOAM',308,NULL,1,2,'Moeller','Stück'),(161,195,309,509,5,'Leistungsschütz 15kW , 230VAC','DIL1M',309,NULL,1,2,'Moeller','Stück'),(161,196,310,505,4,'Leistungsschütz 7,5kW , 24VDC','DILOM-G',310,NULL,1,2,'Moeller','Stück'),(161,198,311,507,4,'Leistungsschütz 11kW , 230VAC','DILM25-21',311,NULL,1,2,'Moeller','Stück'),(161,199,312,508,1,'Leistungsschütz 11kW , 230VAC','DILM25-10',312,NULL,1,2,'Moeller','Stück'),(161,200,313,511,4,'Hilfsschütz 230VAC','DIL04L-22',313,NULL,1,2,'Moeller','Stück'),(161,201,314,512,1,'Hilfsschütz 230VAC','DIL04L-31',314,NULL,1,2,'Moeller','Stück'),(161,202,315,513,4,'Hilfsschütz 230VAC','DIL04-40',315,NULL,1,2,'Moeller','Stück'),(161,203,316,514,1,'Hilfsschaltbaustein','22DILM',316,NULL,1,2,'Moeller','Stück'),(161,204,317,514,5,'Hilfsschaltbaustein','DILM32-XHI22',317,NULL,1,2,'Moeller','Stück'),(161,205,318,514,5,'Hilfsschaltbaustein','DILM32-XHI11',318,NULL,1,2,'Moeller','Stück'),(161,206,319,515,10,'Normalhilfsschalter','NHI11-PKZ0',319,NULL,1,2,'Moeller','Stück'),(161,207,320,505,7,'Normalhilfsschalter','NHI-E-11-PKZ0',320,NULL,1,2,'Moeller','Stück'),(161,208,321,516,1,'Motorschützschalter 0,16-0,25 A','PKZM0-0,25',321,NULL,1,2,'Moeller','Stück'),(161,209,322,516,1,'Motorschützschalter 0,63-1,0 A','PKZM0-1',322,NULL,1,2,'Moeller','Stück'),(161,210,323,516,1,'Motorschützschalter 1,0-1,6 A','PKZM0-1,6',323,NULL,1,2,'Moeller','Stück'),(161,211,324,516,1,'Motorschützschalter 1,6-2,5 A','PKZM0-2,5',324,NULL,1,2,'Moeller','Stück'),(161,212,325,517,1,'Motorschützschalter 6,3-10 A','PKZM0-10',325,NULL,1,2,'Moeller','Stück'),(161,213,326,517,2,'Motorschützschalter 4,0-6,3 A','PKZM0-6,3',326,NULL,1,2,'Moeller','Stück'),(161,216,328,518,2,'Motorschützschalter 20-25 A','PKZM0-25',328,NULL,1,2,'Moeller','Stück'),(161,217,329,519,2,'Motorschützschalter 4,0 A','GV2 LE08 4A',329,NULL,1,72,'Telemecanique','Stück'),(161,218,330,520,2,'Motorschützschalter 10 A','GV2 LE14 10A',330,NULL,1,72,'Telemecanique','Stück'),(161,219,331,510,1,'Instalationsschütz 63A','ESB 63-40',11000331,NULL,1,73,'ABB','Stück'),(161,220,332,510,1,'Instalationsschütz 24A','ESB24-31',100332,NULL,1,73,'ABB','Stück'),(161,221,333,510,2,'Instalationsschütz 24A','ESB24-40',1100333,NULL,1,73,'ABB','Stück'),(161,223,335,510,1,'Instalationsschütz 40A (Last-Fernschalter)','5TT3 806',11000335,NULL,1,1,'Siemens','Stück'),(161,225,337,516,2,'Koppelrelais','IK8802.12AC/DC24V',1000337,NULL,1,74,'E.Dold & Söhne KG','Stück'),(161,226,338,515,15,'Koppelrelais','IK8802.12/023AC/DC230V',1000338,NULL,1,74,'E.Dold & Söhne KG','Stück'),(161,227,339,517,7,'Koppelrelais','IK8701.12AC 50HZ 230V',100339,NULL,1,74,'E.Dold & Söhne KG','Stück'),(162,185,299,495,6,'Leistungsschütz 11kW , 230VAC','LC1 D25004M5',299,1,1,72,'Telemecanique','Stück'),(162,186,300,496,2,'Sperrschütz','CA2-DK122',300,NULL,1,72,'Telemecanique','Stück'),(162,187,302,497,9,'Hilfsschütz 230VAC','CAD32P7',302,3,1,72,'Telemecanique','Stück'),(162,188,301,498,4,'Verklinkungsblock , 230V AC/DC','LAD6K10M',301,3,1,72,'Telemecanique','Stück'),(162,189,303,499,3,'Leistungsschütz 30kW , 230VAC','LC1 D6511P7',303,NULL,1,72,'Telemecanique','Stück'),(162,190,304,500,2,'Motorschützschalter 24-40 A','GV7 RS40',304,NULL,1,72,'Telemecanique','Stück'),(162,191,305,501,6,'Hilfskontaktblock','LA8 DN11',305,NULL,1,72,'Telemecanique','Stück'),(162,192,306,502,19,'Hilfskontaktblock ','LA1DN22',306,NULL,1,72,'Telemecanique','Stück'),(162,193,308,506,9,'Leistungsschütz 11kW , 230VAC','DILOAM',308,NULL,1,2,'Moeller','Stück'),(162,195,309,509,5,'Leistungsschütz 15kW , 230VAC','DIL1M',309,NULL,1,2,'Moeller','Stück'),(162,196,310,505,4,'Leistungsschütz 7,5kW , 24VDC','DILOM-G',310,NULL,1,2,'Moeller','Stück'),(162,198,311,507,4,'Leistungsschütz 11kW , 230VAC','DILM25-21',311,NULL,1,2,'Moeller','Stück'),(162,199,312,508,1,'Leistungsschütz 11kW , 230VAC','DILM25-10',312,NULL,1,2,'Moeller','Stück'),(162,200,313,511,4,'Hilfsschütz 230VAC','DIL04L-22',313,NULL,1,2,'Moeller','Stück'),(162,201,314,512,1,'Hilfsschütz 230VAC','DIL04L-31',314,NULL,1,2,'Moeller','Stück'),(162,202,315,513,4,'Hilfsschütz 230VAC','DIL04-40',315,NULL,1,2,'Moeller','Stück'),(162,203,316,514,1,'Hilfsschaltbaustein','22DILM',316,NULL,1,2,'Moeller','Stück'),(162,204,317,514,5,'Hilfsschaltbaustein','DILM32-XHI22',317,NULL,1,2,'Moeller','Stück'),(162,205,318,514,5,'Hilfsschaltbaustein','DILM32-XHI11',318,NULL,1,2,'Moeller','Stück'),(162,206,319,515,10,'Normalhilfsschalter','NHI11-PKZ0',319,NULL,1,2,'Moeller','Stück'),(162,207,320,505,7,'Normalhilfsschalter','NHI-E-11-PKZ0',320,NULL,1,2,'Moeller','Stück'),(162,208,321,516,1,'Motorschützschalter 0,16-0,25 A','PKZM0-0,25',321,NULL,1,2,'Moeller','Stück'),(162,209,322,516,1,'Motorschützschalter 0,63-1,0 A','PKZM0-1',322,NULL,1,2,'Moeller','Stück'),(162,210,323,516,1,'Motorschützschalter 1,0-1,6 A','PKZM0-1,6',323,NULL,1,2,'Moeller','Stück'),(162,211,324,516,1,'Motorschützschalter 1,6-2,5 A','PKZM0-2,5',324,NULL,1,2,'Moeller','Stück'),(162,212,325,517,1,'Motorschützschalter 6,3-10 A','PKZM0-10',325,NULL,1,2,'Moeller','Stück'),(162,213,326,517,2,'Motorschützschalter 4,0-6,3 A','PKZM0-6,3',326,NULL,1,2,'Moeller','Stück'),(162,216,328,518,2,'Motorschützschalter 20-25 A','PKZM0-25',328,NULL,1,2,'Moeller','Stück'),(162,217,329,519,2,'Motorschützschalter 4,0 A','GV2 LE08 4A',329,NULL,1,72,'Telemecanique','Stück'),(162,218,330,520,2,'Motorschützschalter 10 A','GV2 LE14 10A',330,NULL,1,72,'Telemecanique','Stück'),(162,219,331,510,1,'Instalationsschütz 63A','ESB 63-40',11000331,NULL,1,73,'ABB','Stück'),(162,220,332,510,1,'Instalationsschütz 24A','ESB24-31',100332,NULL,1,73,'ABB','Stück'),(162,221,333,510,2,'Instalationsschütz 24A','ESB24-40',1100333,NULL,1,73,'ABB','Stück'),(162,223,335,510,1,'Instalationsschütz 40A (Last-Fernschalter)','5TT3 806',11000335,NULL,1,1,'Siemens','Stück'),(162,225,337,516,2,'Koppelrelais','IK8802.12AC/DC24V',1000337,NULL,1,74,'E.Dold & Söhne KG','Stück'),(162,226,338,515,15,'Koppelrelais','IK8802.12/023AC/DC230V',1000338,NULL,1,74,'E.Dold & Söhne KG','Stück'),(162,227,339,517,7,'Koppelrelais','IK8701.12AC 50HZ 230V',100339,NULL,1,74,'E.Dold & Söhne KG','Stück'),(164,33,141,339,100,'Rohr-Abstandschellen,30-38 mm','733',141,NULL,1,60,'OBO (Bettermann)','Stück'),(164,34,139,338,100,'Rohr-Abstandschellen,24-29 mm','733/M25 PG 21',139,NULL,1,60,'OBO (Bettermann)','Stück'),(164,35,138,337,101,'Rohr-Abstandschellen,21-23 mm','733 PG 16',138,NULL,1,60,'OBO (Bettermann)','Stück'),(164,36,1,336,134,'Schütz','3RT1036-1A / 22,0kW',1,2,1,1,'Siemens','Stück'),(164,56,147,340,50,'Rohr-Abstandschellen,39-48 mm','733/M40 PG36',147,NULL,1,60,'OBO (Bettermann)','Stück'),(164,61,148,341,2,'Rohr-Abstandschellen,47-55 mm','5VC4895',148,NULL,1,61,'Kleinhuis','Stück'),(164,63,150,354,6,'NH-Sicherung Gr.000 16A','3NA3805',150,NULL,1,1,'Siemens','Stück'),(164,64,151,355,6,'NH-Sicherung Gr.000 20A','3NA3807',151,3,1,1,'Siemens','Stück'),(164,65,152,356,6,'NH-Sicherung Gr.000 25A','3NA3810',152,NULL,1,1,'Siemens','Stück'),(164,66,153,357,6,'NH-Sicherung Gr.000 35A','3NA3814',153,3,1,1,'Siemens','Stück'),(164,67,154,358,6,'NH-Sicherung Gr.000 50A','3NA3820',154,NULL,1,1,'Siemens','Stück'),(164,68,149,359,NULL,'NH-Sicherung Gr.000 63A','3NA3 822',149,3,1,1,'Siemens','Stück'),(164,69,155,360,6,'NH-Sicherung Gr.000 80A','3NA3824',155,NULL,1,1,'Siemens','Stück'),(164,70,156,361,6,'NH-Sicherung Gr.000 100A','3NA3830',156,NULL,1,1,'Siemens','Stück'),(164,71,157,362,NULL,'NH-Sicherung Gr.00 125A','3NA3832',157,NULL,1,1,'Siemens','Stück'),(164,72,158,363,6,'NH-Sicherung Gr.00 160A','3NA3836',158,NULL,1,1,'Siemens','Stück'),(164,74,160,364,15,'NH-Sicherung Gr.1 63A','3NA3122',160,3,1,1,'Siemens','Stück'),(164,75,161,365,4,'NH-Sicherung Gr.1 100A','3NA3130',161,NULL,1,1,'Siemens','Stück'),(164,76,162,366,6,'NH-Sicherung Gr.1 125A','3NA3132',162,3,1,1,'Siemens','Stück'),(164,77,163,367,11,'NH-Sicherung Gr.1 160A','3NA3136',163,3,1,1,'Siemens','Stück'),(164,78,178,368,4,'NH-Sicherung Gr.1 250A','3NA3144',178,3,1,1,'Siemens','Stück'),(164,79,165,369,1,'NH-Sicherung Gr.2 80A','3NA3224',165,3,1,1,'Siemens','Stück'),(164,81,176,378,6,'NH-Sicherung Gr.1 200A','3NA3140',176,3,1,1,'Siemens','Stück'),(164,82,166,370,4,'NH-Sicherung Gr.2 100A','3NA3230',166,3,1,1,'Siemens','Stück'),(164,83,167,371,9,'NH-Sicherung Gr.2 125A','3NA3232',167,3,1,1,'Siemens','Stück'),(164,84,168,372,3,'NH-Sicherung Gr.2 160A','3NA3236',168,3,1,1,'Siemens','Stück'),(164,85,169,373,3,'NH-Sicherung Gr.2 200A','3NA3240',169,3,1,1,'Siemens','Stück'),(164,86,170,374,9,'NH-Sicherung Gr.2 250A','3NA3244',170,3,1,1,'Siemens','Stück'),(164,87,175,382,12,'NH-Sicherung Gr.2 315A','2466151',175,3,1,1,'Siemens','Stück'),(164,88,171,383,4,'NH-Sicherung Gr.2 300A','3NA3250',171,3,1,1,'Siemens','Stück'),(164,89,172,384,4,'NH-Sicherung Gr.2 355A','3NA3254',172,3,1,1,'Siemens','Stück'),(164,90,173,385,3,'NH-Sicherung Gr.3 315A','3NA3352',173,3,1,1,'Siemens','Stück'),(164,91,174,386,4,'NH-Sicherung Gr.3 400A','3NA3360',174,3,1,1,'Siemens','Stück'),(164,92,179,387,50,'Aluminium-Klemmschelle 20','AKS-E 20',179,10,1,62,'Fränkische Rohrwerke','Stück'),(164,93,180,388,50,'Aluminium-Klemmschelle 32','AKS-E 32',180,10,1,62,'Fränkische Rohrwerke','Stück'),(164,94,181,389,25,'Aluminium-Klemmschelle 40','AKS-E 40',181,5,1,62,'Fränkische Rohrwerke','Stück'),(164,95,182,390,25,'Aluminium-Klemmschelle 50','AKS-E 50',182,5,1,62,'Fränkische Rohrwerke','Stück'),(164,96,183,391,25,'Aluminium-Abstandschelle 50','ASG-E 50',183,NULL,1,62,'Fränkische Rohrwerke','Stück'),(164,97,184,392,25,'Edelstahl-Abstandschelle V4 32','VSG-E 32',184,5,1,62,'Fränkische Rohrwerke','Stück'),(164,98,185,393,10,'Edelstahl-Abstandschelle V4 50','VSG-E 50',185,5,1,62,'Fränkische Rohrwerke','Stück'),(164,160,273,442,50,'Schnapp-Schellen NW11 ( für Rohr 13 mm)','799/11 5VC4 540-5 AL',273,NULL,1,61,'Kleinhuis','Stück'),(164,161,274,443,50,'Kunstoff-Klemmschelle 16','5VB4542 Type 16',274,10,1,62,'Fränkische Rohrwerke','Stück'),(164,162,275,444,80,'RO-CLIP-Rohrschelle,16mm','HCRS 16',275,NULL,1,58,'Newlec','Stück'),(164,163,276,445,70,'RO-CLIP-Rohrschelle,20mm','HCRS 20',276,10,1,58,'Newlec','Stück'),(164,164,278,446,20,'RO-CLIP-Rohrschelle,25mm','HCRS 25',278,10,1,58,'Newlec','Stück'),(164,165,280,457,30,'Befestigungsschellen , 28-30 mm','5VC4460',280,NULL,1,61,'Kleinhuis','Stück'),(164,166,279,456,80,'Befestigungsschellen , 20,5-21,5 mm','5VC4456',279,NULL,1,61,'Kleinhuis','Stück'),(164,167,281,458,100,'Befestigungsschellen , 20 mm','605/M20',281,NULL,1,60,'OBO (Bettermann)','Stück'),(164,168,282,459,70,'Befestigungsschellen , 28 mm','605/PG21',282,NULL,1,60,'OBO (Bettermann)','Stück'),(164,169,283,460,80,'Befestigungsschellen , 37 mm','605/PG29',283,NULL,1,60,'OBO (Bettermann)','Stück'),(164,170,284,459,6,'Aluminium-Steckmuffe 50','AMS-E 50',284,NULL,1,62,'Fränkische Rohrwerke','Stück'),(164,171,288,465,1,'Aluminium-Steckmuffe 40','AMS-E 40',288,NULL,1,62,'Fränkische Rohrwerke','Stück'),(164,172,287,464,15,'Aluminium-Steckmuffe 32','AMS-E 32',287,NULL,1,62,'Fränkische Rohrwerke','Stück'),(164,173,286,463,40,'Aluminium-Steckmuffe 20','AMS-E 20',286,NULL,1,62,'Fränkische Rohrwerke','Stück'),(164,175,289,467,80,'Endtüllen,PG16','5VB4173',289,NULL,1,60,'OBO (Bettermann)','Stück'),(164,176,290,475,20,'Endtüllen,PG42','5VB4177 207378',291,NULL,1,61,'Kleinhuis','Stück'),(164,178,292,471,100,'Endtülle , M20','129 M M20',292,NULL,1,60,'OBO (Bettermann)','Stück'),(164,179,293,472,20,'Endtülle , M32','129 M32',293,NULL,1,60,'OBO (Bettermann)','Stück'),(164,181,295,471,40,'Endtülle , M20','E-Ku-E 20',295,NULL,1,62,'Fränkische Rohrwerke','Stück'),(164,182,296,473,140,'Endtülle , M40','E-Ku-E 40',296,NULL,1,62,'Fränkische Rohrwerke','Stück'),(164,183,297,474,6,'Endtülle , M50','E-Ku-E 50',297,NULL,1,62,'Fränkische Rohrwerke','Stück'),(164,184,298,468,30,'Endtülle , PG29','?-',298,NULL,1,61,'Kleinhuis','Stück'),(164,245,143,336,1,'111111','11111a',1111,1,3,9,'Bauer','Eimer'),(165,33,141,339,100,'Rohr-Abstandschellen,30-38 mm','733',141,NULL,1,60,'OBO (Bettermann)','Stück'),(165,34,139,338,100,'Rohr-Abstandschellen,24-29 mm','733/M25 PG 21',139,NULL,1,60,'OBO (Bettermann)','Stück'),(165,35,138,337,101,'Rohr-Abstandschellen,21-23 mm','733 PG 16',138,NULL,1,60,'OBO (Bettermann)','Stück'),(165,36,1,336,134,'Schütz','3RT1036-1A / 22,0kW',1,2,1,1,'Siemens','Stück'),(165,56,147,340,50,'Rohr-Abstandschellen,39-48 mm','733/M40 PG36',147,NULL,1,60,'OBO (Bettermann)','Stück'),(165,61,148,341,2,'Rohr-Abstandschellen,47-55 mm','5VC4895',148,NULL,1,61,'Kleinhuis','Stück'),(165,63,150,354,6,'NH-Sicherung Gr.000 16A','3NA3805',150,NULL,1,1,'Siemens','Stück'),(165,64,151,355,6,'NH-Sicherung Gr.000 20A','3NA3807',151,3,1,1,'Siemens','Stück'),(165,65,152,356,6,'NH-Sicherung Gr.000 25A','3NA3810',152,NULL,1,1,'Siemens','Stück'),(165,66,153,357,6,'NH-Sicherung Gr.000 35A','3NA3814',153,3,1,1,'Siemens','Stück'),(165,67,154,358,6,'NH-Sicherung Gr.000 50A','3NA3820',154,NULL,1,1,'Siemens','Stück'),(165,68,149,359,NULL,'NH-Sicherung Gr.000 63A','3NA3 822',149,3,1,1,'Siemens','Stück'),(165,69,155,360,6,'NH-Sicherung Gr.000 80A','3NA3824',155,NULL,1,1,'Siemens','Stück'),(165,70,156,361,6,'NH-Sicherung Gr.000 100A','3NA3830',156,NULL,1,1,'Siemens','Stück'),(165,71,157,362,NULL,'NH-Sicherung Gr.00 125A','3NA3832',157,NULL,1,1,'Siemens','Stück'),(165,72,158,363,6,'NH-Sicherung Gr.00 160A','3NA3836',158,NULL,1,1,'Siemens','Stück'),(165,74,160,364,15,'NH-Sicherung Gr.1 63A','3NA3122',160,3,1,1,'Siemens','Stück'),(165,75,161,365,4,'NH-Sicherung Gr.1 100A','3NA3130',161,NULL,1,1,'Siemens','Stück'),(165,76,162,366,6,'NH-Sicherung Gr.1 125A','3NA3132',162,3,1,1,'Siemens','Stück'),(165,77,163,367,11,'NH-Sicherung Gr.1 160A','3NA3136',163,3,1,1,'Siemens','Stück'),(165,78,178,368,4,'NH-Sicherung Gr.1 250A','3NA3144',178,3,1,1,'Siemens','Stück'),(165,79,165,369,1,'NH-Sicherung Gr.2 80A','3NA3224',165,3,1,1,'Siemens','Stück'),(165,81,176,378,6,'NH-Sicherung Gr.1 200A','3NA3140',176,3,1,1,'Siemens','Stück'),(165,82,166,370,4,'NH-Sicherung Gr.2 100A','3NA3230',166,3,1,1,'Siemens','Stück'),(165,83,167,371,9,'NH-Sicherung Gr.2 125A','3NA3232',167,3,1,1,'Siemens','Stück'),(165,84,168,372,3,'NH-Sicherung Gr.2 160A','3NA3236',168,3,1,1,'Siemens','Stück'),(165,85,169,373,3,'NH-Sicherung Gr.2 200A','3NA3240',169,3,1,1,'Siemens','Stück'),(165,86,170,374,9,'NH-Sicherung Gr.2 250A','3NA3244',170,3,1,1,'Siemens','Stück'),(165,87,175,382,12,'NH-Sicherung Gr.2 315A','2466151',175,3,1,1,'Siemens','Stück'),(165,88,171,383,4,'NH-Sicherung Gr.2 300A','3NA3250',171,3,1,1,'Siemens','Stück'),(165,89,172,384,4,'NH-Sicherung Gr.2 355A','3NA3254',172,3,1,1,'Siemens','Stück'),(165,90,173,385,3,'NH-Sicherung Gr.3 315A','3NA3352',173,3,1,1,'Siemens','Stück'),(165,91,174,386,4,'NH-Sicherung Gr.3 400A','3NA3360',174,3,1,1,'Siemens','Stück'),(165,92,179,387,50,'Aluminium-Klemmschelle 20','AKS-E 20',179,10,1,62,'Fränkische Rohrwerke','Stück'),(165,93,180,388,50,'Aluminium-Klemmschelle 32','AKS-E 32',180,10,1,62,'Fränkische Rohrwerke','Stück'),(165,94,181,389,25,'Aluminium-Klemmschelle 40','AKS-E 40',181,5,1,62,'Fränkische Rohrwerke','Stück'),(165,95,182,390,25,'Aluminium-Klemmschelle 50','AKS-E 50',182,5,1,62,'Fränkische Rohrwerke','Stück'),(165,96,183,391,25,'Aluminium-Abstandschelle 50','ASG-E 50',183,NULL,1,62,'Fränkische Rohrwerke','Stück'),(165,97,184,392,25,'Edelstahl-Abstandschelle V4 32','VSG-E 32',184,5,1,62,'Fränkische Rohrwerke','Stück'),(165,98,185,393,10,'Edelstahl-Abstandschelle V4 50','VSG-E 50',185,5,1,62,'Fränkische Rohrwerke','Stück'),(165,160,273,442,50,'Schnapp-Schellen NW11 ( für Rohr 13 mm)','799/11 5VC4 540-5 AL',273,NULL,1,61,'Kleinhuis','Stück'),(165,161,274,443,50,'Kunstoff-Klemmschelle 16','5VB4542 Type 16',274,10,1,62,'Fränkische Rohrwerke','Stück'),(165,162,275,444,80,'RO-CLIP-Rohrschelle,16mm','HCRS 16',275,NULL,1,58,'Newlec','Stück'),(165,163,276,445,70,'RO-CLIP-Rohrschelle,20mm','HCRS 20',276,10,1,58,'Newlec','Stück'),(165,164,278,446,20,'RO-CLIP-Rohrschelle,25mm','HCRS 25',278,10,1,58,'Newlec','Stück'),(165,165,280,457,30,'Befestigungsschellen , 28-30 mm','5VC4460',280,NULL,1,61,'Kleinhuis','Stück'),(165,166,279,456,80,'Befestigungsschellen , 20,5-21,5 mm','5VC4456',279,NULL,1,61,'Kleinhuis','Stück'),(165,167,281,458,100,'Befestigungsschellen , 20 mm','605/M20',281,NULL,1,60,'OBO (Bettermann)','Stück'),(165,168,282,459,70,'Befestigungsschellen , 28 mm','605/PG21',282,NULL,1,60,'OBO (Bettermann)','Stück'),(165,169,283,460,80,'Befestigungsschellen , 37 mm','605/PG29',283,NULL,1,60,'OBO (Bettermann)','Stück'),(165,170,284,459,6,'Aluminium-Steckmuffe 50','AMS-E 50',284,NULL,1,62,'Fränkische Rohrwerke','Stück'),(165,171,288,465,1,'Aluminium-Steckmuffe 40','AMS-E 40',288,NULL,1,62,'Fränkische Rohrwerke','Stück'),(165,172,287,464,15,'Aluminium-Steckmuffe 32','AMS-E 32',287,NULL,1,62,'Fränkische Rohrwerke','Stück'),(165,173,286,463,40,'Aluminium-Steckmuffe 20','AMS-E 20',286,NULL,1,62,'Fränkische Rohrwerke','Stück'),(165,175,289,467,80,'Endtüllen,PG16','5VB4173',289,NULL,1,60,'OBO (Bettermann)','Stück'),(165,176,290,475,20,'Endtüllen,PG42','5VB4177 207378',291,NULL,1,61,'Kleinhuis','Stück'),(165,178,292,471,100,'Endtülle , M20','129 M M20',292,NULL,1,60,'OBO (Bettermann)','Stück'),(165,179,293,472,20,'Endtülle , M32','129 M32',293,NULL,1,60,'OBO (Bettermann)','Stück'),(165,181,295,471,40,'Endtülle , M20','E-Ku-E 20',295,NULL,1,62,'Fränkische Rohrwerke','Stück'),(165,182,296,473,140,'Endtülle , M40','E-Ku-E 40',296,NULL,1,62,'Fränkische Rohrwerke','Stück'),(165,183,297,474,6,'Endtülle , M50','E-Ku-E 50',297,NULL,1,62,'Fränkische Rohrwerke','Stück'),(165,184,298,468,30,'Endtülle , PG29','?-',298,NULL,1,61,'Kleinhuis','Stück'),(165,245,143,336,1,'111111','11111a',1111,1,3,9,'Bauer','Eimer'),(166,33,141,339,100,'Rohr-Abstandschellen,30-38 mm','733',141,NULL,1,60,'OBO (Bettermann)','Stück'),(166,34,139,338,100,'Rohr-Abstandschellen,24-29 mm','733/M25 PG 21',139,NULL,1,60,'OBO (Bettermann)','Stück'),(166,35,138,337,101,'Rohr-Abstandschellen,21-23 mm','733 PG 16',138,NULL,1,60,'OBO (Bettermann)','Stück'),(166,36,1,336,134,'Schütz','3RT1036-1A / 22,0kW',1,2,1,1,'Siemens','Stück'),(166,56,147,340,50,'Rohr-Abstandschellen,39-48 mm','733/M40 PG36',147,NULL,1,60,'OBO (Bettermann)','Stück'),(166,61,148,341,2,'Rohr-Abstandschellen,47-55 mm','5VC4895',148,NULL,1,61,'Kleinhuis','Stück'),(166,63,150,354,6,'NH-Sicherung Gr.000 16A','3NA3805',150,NULL,1,1,'Siemens','Stück'),(166,64,151,355,6,'NH-Sicherung Gr.000 20A','3NA3807',151,3,1,1,'Siemens','Stück'),(166,65,152,356,6,'NH-Sicherung Gr.000 25A','3NA3810',152,NULL,1,1,'Siemens','Stück'),(166,66,153,357,6,'NH-Sicherung Gr.000 35A','3NA3814',153,3,1,1,'Siemens','Stück'),(166,67,154,358,6,'NH-Sicherung Gr.000 50A','3NA3820',154,NULL,1,1,'Siemens','Stück'),(166,68,149,359,NULL,'NH-Sicherung Gr.000 63A','3NA3 822',149,3,1,1,'Siemens','Stück'),(166,69,155,360,6,'NH-Sicherung Gr.000 80A','3NA3824',155,NULL,1,1,'Siemens','Stück'),(166,70,156,361,6,'NH-Sicherung Gr.000 100A','3NA3830',156,NULL,1,1,'Siemens','Stück'),(166,71,157,362,NULL,'NH-Sicherung Gr.00 125A','3NA3832',157,NULL,1,1,'Siemens','Stück'),(166,72,158,363,6,'NH-Sicherung Gr.00 160A','3NA3836',158,NULL,1,1,'Siemens','Stück'),(166,74,160,364,15,'NH-Sicherung Gr.1 63A','3NA3122',160,3,1,1,'Siemens','Stück'),(166,75,161,365,4,'NH-Sicherung Gr.1 100A','3NA3130',161,NULL,1,1,'Siemens','Stück'),(166,76,162,366,6,'NH-Sicherung Gr.1 125A','3NA3132',162,3,1,1,'Siemens','Stück'),(166,77,163,367,11,'NH-Sicherung Gr.1 160A','3NA3136',163,3,1,1,'Siemens','Stück'),(166,78,178,368,4,'NH-Sicherung Gr.1 250A','3NA3144',178,3,1,1,'Siemens','Stück'),(166,79,165,369,1,'NH-Sicherung Gr.2 80A','3NA3224',165,3,1,1,'Siemens','Stück'),(166,81,176,378,6,'NH-Sicherung Gr.1 200A','3NA3140',176,3,1,1,'Siemens','Stück'),(166,82,166,370,4,'NH-Sicherung Gr.2 100A','3NA3230',166,3,1,1,'Siemens','Stück'),(166,83,167,371,9,'NH-Sicherung Gr.2 125A','3NA3232',167,3,1,1,'Siemens','Stück'),(166,84,168,372,3,'NH-Sicherung Gr.2 160A','3NA3236',168,3,1,1,'Siemens','Stück'),(166,85,169,373,3,'NH-Sicherung Gr.2 200A','3NA3240',169,3,1,1,'Siemens','Stück'),(166,86,170,374,9,'NH-Sicherung Gr.2 250A','3NA3244',170,3,1,1,'Siemens','Stück'),(166,87,175,382,12,'NH-Sicherung Gr.2 315A','2466151',175,3,1,1,'Siemens','Stück'),(166,88,171,383,4,'NH-Sicherung Gr.2 300A','3NA3250',171,3,1,1,'Siemens','Stück'),(166,89,172,384,4,'NH-Sicherung Gr.2 355A','3NA3254',172,3,1,1,'Siemens','Stück'),(166,90,173,385,3,'NH-Sicherung Gr.3 315A','3NA3352',173,3,1,1,'Siemens','Stück'),(166,91,174,386,4,'NH-Sicherung Gr.3 400A','3NA3360',174,3,1,1,'Siemens','Stück'),(166,92,179,387,50,'Aluminium-Klemmschelle 20','AKS-E 20',179,10,1,62,'Fränkische Rohrwerke','Stück'),(166,93,180,388,50,'Aluminium-Klemmschelle 32','AKS-E 32',180,10,1,62,'Fränkische Rohrwerke','Stück'),(166,94,181,389,25,'Aluminium-Klemmschelle 40','AKS-E 40',181,5,1,62,'Fränkische Rohrwerke','Stück'),(166,95,182,390,25,'Aluminium-Klemmschelle 50','AKS-E 50',182,5,1,62,'Fränkische Rohrwerke','Stück'),(166,96,183,391,25,'Aluminium-Abstandschelle 50','ASG-E 50',183,NULL,1,62,'Fränkische Rohrwerke','Stück'),(166,97,184,392,25,'Edelstahl-Abstandschelle V4 32','VSG-E 32',184,5,1,62,'Fränkische Rohrwerke','Stück'),(166,98,185,393,10,'Edelstahl-Abstandschelle V4 50','VSG-E 50',185,5,1,62,'Fränkische Rohrwerke','Stück'),(166,160,273,442,50,'Schnapp-Schellen NW11 ( für Rohr 13 mm)','799/11 5VC4 540-5 AL',273,NULL,1,61,'Kleinhuis','Stück'),(166,161,274,443,50,'Kunstoff-Klemmschelle 16','5VB4542 Type 16',274,10,1,62,'Fränkische Rohrwerke','Stück'),(166,162,275,444,80,'RO-CLIP-Rohrschelle,16mm','HCRS 16',275,NULL,1,58,'Newlec','Stück'),(166,163,276,445,70,'RO-CLIP-Rohrschelle,20mm','HCRS 20',276,10,1,58,'Newlec','Stück'),(166,164,278,446,20,'RO-CLIP-Rohrschelle,25mm','HCRS 25',278,10,1,58,'Newlec','Stück'),(166,165,280,457,30,'Befestigungsschellen , 28-30 mm','5VC4460',280,NULL,1,61,'Kleinhuis','Stück'),(166,166,279,456,80,'Befestigungsschellen , 20,5-21,5 mm','5VC4456',279,NULL,1,61,'Kleinhuis','Stück'),(166,167,281,458,100,'Befestigungsschellen , 20 mm','605/M20',281,NULL,1,60,'OBO (Bettermann)','Stück'),(166,168,282,459,70,'Befestigungsschellen , 28 mm','605/PG21',282,NULL,1,60,'OBO (Bettermann)','Stück'),(166,169,283,460,80,'Befestigungsschellen , 37 mm','605/PG29',283,NULL,1,60,'OBO (Bettermann)','Stück'),(166,170,284,459,6,'Aluminium-Steckmuffe 50','AMS-E 50',284,NULL,1,62,'Fränkische Rohrwerke','Stück'),(166,171,288,465,1,'Aluminium-Steckmuffe 40','AMS-E 40',288,NULL,1,62,'Fränkische Rohrwerke','Stück'),(166,172,287,464,15,'Aluminium-Steckmuffe 32','AMS-E 32',287,NULL,1,62,'Fränkische Rohrwerke','Stück'),(166,173,286,463,40,'Aluminium-Steckmuffe 20','AMS-E 20',286,NULL,1,62,'Fränkische Rohrwerke','Stück'),(166,175,289,467,80,'Endtüllen,PG16','5VB4173',289,NULL,1,60,'OBO (Bettermann)','Stück'),(166,176,290,475,20,'Endtüllen,PG42','5VB4177 207378',291,NULL,1,61,'Kleinhuis','Stück'),(166,178,292,471,100,'Endtülle , M20','129 M M20',292,NULL,1,60,'OBO (Bettermann)','Stück'),(166,179,293,472,20,'Endtülle , M32','129 M32',293,NULL,1,60,'OBO (Bettermann)','Stück'),(166,181,295,471,40,'Endtülle , M20','E-Ku-E 20',295,NULL,1,62,'Fränkische Rohrwerke','Stück'),(166,182,296,473,140,'Endtülle , M40','E-Ku-E 40',296,NULL,1,62,'Fränkische Rohrwerke','Stück'),(166,183,297,474,6,'Endtülle , M50','E-Ku-E 50',297,NULL,1,62,'Fränkische Rohrwerke','Stück'),(166,184,298,468,30,'Endtülle , PG29','?-',298,NULL,1,61,'Kleinhuis','Stück'),(166,245,143,336,1,'111111','11111a',1111,1,3,9,'Bauer','Eimer'),(167,33,141,339,100,'Rohr-Abstandschellen,30-38 mm','733',141,NULL,1,60,'OBO (Bettermann)','Stück'),(167,34,139,338,100,'Rohr-Abstandschellen,24-29 mm','733/M25 PG 21',139,NULL,1,60,'OBO (Bettermann)','Stück'),(167,35,138,337,101,'Rohr-Abstandschellen,21-23 mm','733 PG 16',138,NULL,1,60,'OBO (Bettermann)','Stück'),(167,36,1,336,134,'Schütz','3RT1036-1A / 22,0kW',1,2,1,1,'Siemens','Stück'),(167,56,147,340,50,'Rohr-Abstandschellen,39-48 mm','733/M40 PG36',147,NULL,1,60,'OBO (Bettermann)','Stück'),(167,61,148,341,2,'Rohr-Abstandschellen,47-55 mm','5VC4895',148,NULL,1,61,'Kleinhuis','Stück'),(167,63,150,354,6,'NH-Sicherung Gr.000 16A','3NA3805',150,NULL,1,1,'Siemens','Stück'),(167,64,151,355,6,'NH-Sicherung Gr.000 20A','3NA3807',151,3,1,1,'Siemens','Stück'),(167,65,152,356,6,'NH-Sicherung Gr.000 25A','3NA3810',152,NULL,1,1,'Siemens','Stück'),(167,66,153,357,6,'NH-Sicherung Gr.000 35A','3NA3814',153,3,1,1,'Siemens','Stück'),(167,67,154,358,6,'NH-Sicherung Gr.000 50A','3NA3820',154,NULL,1,1,'Siemens','Stück'),(167,68,149,359,NULL,'NH-Sicherung Gr.000 63A','3NA3 822',149,3,1,1,'Siemens','Stück'),(167,69,155,360,6,'NH-Sicherung Gr.000 80A','3NA3824',155,NULL,1,1,'Siemens','Stück'),(167,70,156,361,6,'NH-Sicherung Gr.000 100A','3NA3830',156,NULL,1,1,'Siemens','Stück'),(167,71,157,362,NULL,'NH-Sicherung Gr.00 125A','3NA3832',157,NULL,1,1,'Siemens','Stück'),(167,72,158,363,6,'NH-Sicherung Gr.00 160A','3NA3836',158,NULL,1,1,'Siemens','Stück'),(167,74,160,364,15,'NH-Sicherung Gr.1 63A','3NA3122',160,3,1,1,'Siemens','Stück'),(167,75,161,365,4,'NH-Sicherung Gr.1 100A','3NA3130',161,NULL,1,1,'Siemens','Stück'),(167,76,162,366,6,'NH-Sicherung Gr.1 125A','3NA3132',162,3,1,1,'Siemens','Stück'),(167,77,163,367,11,'NH-Sicherung Gr.1 160A','3NA3136',163,3,1,1,'Siemens','Stück'),(167,78,178,368,4,'NH-Sicherung Gr.1 250A','3NA3144',178,3,1,1,'Siemens','Stück'),(167,79,165,369,1,'NH-Sicherung Gr.2 80A','3NA3224',165,3,1,1,'Siemens','Stück'),(167,81,176,378,6,'NH-Sicherung Gr.1 200A','3NA3140',176,3,1,1,'Siemens','Stück'),(167,82,166,370,4,'NH-Sicherung Gr.2 100A','3NA3230',166,3,1,1,'Siemens','Stück'),(167,83,167,371,9,'NH-Sicherung Gr.2 125A','3NA3232',167,3,1,1,'Siemens','Stück'),(167,84,168,372,3,'NH-Sicherung Gr.2 160A','3NA3236',168,3,1,1,'Siemens','Stück'),(167,85,169,373,3,'NH-Sicherung Gr.2 200A','3NA3240',169,3,1,1,'Siemens','Stück'),(167,86,170,374,9,'NH-Sicherung Gr.2 250A','3NA3244',170,3,1,1,'Siemens','Stück'),(167,87,175,382,12,'NH-Sicherung Gr.2 315A','2466151',175,3,1,1,'Siemens','Stück'),(167,88,171,383,4,'NH-Sicherung Gr.2 300A','3NA3250',171,3,1,1,'Siemens','Stück'),(167,89,172,384,4,'NH-Sicherung Gr.2 355A','3NA3254',172,3,1,1,'Siemens','Stück'),(167,90,173,385,3,'NH-Sicherung Gr.3 315A','3NA3352',173,3,1,1,'Siemens','Stück'),(167,91,174,386,4,'NH-Sicherung Gr.3 400A','3NA3360',174,3,1,1,'Siemens','Stück'),(167,92,179,387,50,'Aluminium-Klemmschelle 20','AKS-E 20',179,10,1,62,'Fränkische Rohrwerke','Stück'),(167,93,180,388,50,'Aluminium-Klemmschelle 32','AKS-E 32',180,10,1,62,'Fränkische Rohrwerke','Stück'),(167,94,181,389,25,'Aluminium-Klemmschelle 40','AKS-E 40',181,5,1,62,'Fränkische Rohrwerke','Stück'),(167,95,182,390,25,'Aluminium-Klemmschelle 50','AKS-E 50',182,5,1,62,'Fränkische Rohrwerke','Stück'),(167,96,183,391,25,'Aluminium-Abstandschelle 50','ASG-E 50',183,NULL,1,62,'Fränkische Rohrwerke','Stück'),(167,97,184,392,25,'Edelstahl-Abstandschelle V4 32','VSG-E 32',184,5,1,62,'Fränkische Rohrwerke','Stück'),(167,98,185,393,10,'Edelstahl-Abstandschelle V4 50','VSG-E 50',185,5,1,62,'Fränkische Rohrwerke','Stück'),(167,160,273,442,50,'Schnapp-Schellen NW11 ( für Rohr 13 mm)','799/11 5VC4 540-5 AL',273,NULL,1,61,'Kleinhuis','Stück'),(167,161,274,443,50,'Kunstoff-Klemmschelle 16','5VB4542 Type 16',274,10,1,62,'Fränkische Rohrwerke','Stück'),(167,162,275,444,80,'RO-CLIP-Rohrschelle,16mm','HCRS 16',275,NULL,1,58,'Newlec','Stück'),(167,163,276,445,70,'RO-CLIP-Rohrschelle,20mm','HCRS 20',276,10,1,58,'Newlec','Stück'),(167,164,278,446,20,'RO-CLIP-Rohrschelle,25mm','HCRS 25',278,10,1,58,'Newlec','Stück'),(167,165,280,457,30,'Befestigungsschellen , 28-30 mm','5VC4460',280,NULL,1,61,'Kleinhuis','Stück'),(167,166,279,456,80,'Befestigungsschellen , 20,5-21,5 mm','5VC4456',279,NULL,1,61,'Kleinhuis','Stück'),(167,167,281,458,100,'Befestigungsschellen , 20 mm','605/M20',281,NULL,1,60,'OBO (Bettermann)','Stück'),(167,168,282,459,70,'Befestigungsschellen , 28 mm','605/PG21',282,NULL,1,60,'OBO (Bettermann)','Stück'),(167,169,283,460,80,'Befestigungsschellen , 37 mm','605/PG29',283,NULL,1,60,'OBO (Bettermann)','Stück'),(167,170,284,459,6,'Aluminium-Steckmuffe 50','AMS-E 50',284,NULL,1,62,'Fränkische Rohrwerke','Stück'),(167,171,288,465,1,'Aluminium-Steckmuffe 40','AMS-E 40',288,NULL,1,62,'Fränkische Rohrwerke','Stück'),(167,172,287,464,15,'Aluminium-Steckmuffe 32','AMS-E 32',287,NULL,1,62,'Fränkische Rohrwerke','Stück'),(167,173,286,463,40,'Aluminium-Steckmuffe 20','AMS-E 20',286,NULL,1,62,'Fränkische Rohrwerke','Stück'),(167,175,289,467,80,'Endtüllen,PG16','5VB4173',289,NULL,1,60,'OBO (Bettermann)','Stück'),(167,176,290,475,20,'Endtüllen,PG42','5VB4177 207378',291,NULL,1,61,'Kleinhuis','Stück'),(167,178,292,471,100,'Endtülle , M20','129 M M20',292,NULL,1,60,'OBO (Bettermann)','Stück'),(167,179,293,472,20,'Endtülle , M32','129 M32',293,NULL,1,60,'OBO (Bettermann)','Stück'),(167,181,295,471,40,'Endtülle , M20','E-Ku-E 20',295,NULL,1,62,'Fränkische Rohrwerke','Stück'),(167,182,296,473,140,'Endtülle , M40','E-Ku-E 40',296,NULL,1,62,'Fränkische Rohrwerke','Stück'),(167,183,297,474,6,'Endtülle , M50','E-Ku-E 50',297,NULL,1,62,'Fränkische Rohrwerke','Stück'),(167,184,298,468,30,'Endtülle , PG29','?-',298,NULL,1,61,'Kleinhuis','Stück'),(167,245,143,336,1,'111111','11111a',1111,1,3,9,'Bauer','Eimer'),(168,33,141,339,100,'Rohr-Abstandschellen,30-38 mm','733',141,NULL,1,60,'OBO (Bettermann)','Stück'),(168,34,139,338,100,'Rohr-Abstandschellen,24-29 mm','733/M25 PG 21',139,NULL,1,60,'OBO (Bettermann)','Stück'),(168,35,138,337,101,'Rohr-Abstandschellen,21-23 mm','733 PG 16',138,NULL,1,60,'OBO (Bettermann)','Stück'),(168,36,1,336,134,'Schütz','3RT1036-1A / 22,0kW',1,2,1,1,'Siemens','Stück'),(168,56,147,340,50,'Rohr-Abstandschellen,39-48 mm','733/M40 PG36',147,NULL,1,60,'OBO (Bettermann)','Stück'),(168,61,148,341,2,'Rohr-Abstandschellen,47-55 mm','5VC4895',148,NULL,1,61,'Kleinhuis','Stück'),(168,63,150,354,6,'NH-Sicherung Gr.000 16A','3NA3805',150,NULL,1,1,'Siemens','Stück'),(168,64,151,355,6,'NH-Sicherung Gr.000 20A','3NA3807',151,3,1,1,'Siemens','Stück'),(168,65,152,356,6,'NH-Sicherung Gr.000 25A','3NA3810',152,NULL,1,1,'Siemens','Stück'),(168,66,153,357,6,'NH-Sicherung Gr.000 35A','3NA3814',153,3,1,1,'Siemens','Stück'),(168,67,154,358,6,'NH-Sicherung Gr.000 50A','3NA3820',154,NULL,1,1,'Siemens','Stück'),(168,68,149,359,NULL,'NH-Sicherung Gr.000 63A','3NA3 822',149,3,1,1,'Siemens','Stück'),(168,69,155,360,6,'NH-Sicherung Gr.000 80A','3NA3824',155,NULL,1,1,'Siemens','Stück'),(168,70,156,361,6,'NH-Sicherung Gr.000 100A','3NA3830',156,NULL,1,1,'Siemens','Stück'),(168,71,157,362,NULL,'NH-Sicherung Gr.00 125A','3NA3832',157,NULL,1,1,'Siemens','Stück'),(168,72,158,363,6,'NH-Sicherung Gr.00 160A','3NA3836',158,NULL,1,1,'Siemens','Stück'),(168,74,160,364,15,'NH-Sicherung Gr.1 63A','3NA3122',160,3,1,1,'Siemens','Stück'),(168,75,161,365,4,'NH-Sicherung Gr.1 100A','3NA3130',161,NULL,1,1,'Siemens','Stück'),(168,76,162,366,6,'NH-Sicherung Gr.1 125A','3NA3132',162,3,1,1,'Siemens','Stück'),(168,77,163,367,11,'NH-Sicherung Gr.1 160A','3NA3136',163,3,1,1,'Siemens','Stück'),(168,78,178,368,4,'NH-Sicherung Gr.1 250A','3NA3144',178,3,1,1,'Siemens','Stück'),(168,79,165,369,1,'NH-Sicherung Gr.2 80A','3NA3224',165,3,1,1,'Siemens','Stück'),(168,81,176,378,6,'NH-Sicherung Gr.1 200A','3NA3140',176,3,1,1,'Siemens','Stück'),(168,82,166,370,4,'NH-Sicherung Gr.2 100A','3NA3230',166,3,1,1,'Siemens','Stück'),(168,83,167,371,9,'NH-Sicherung Gr.2 125A','3NA3232',167,3,1,1,'Siemens','Stück'),(168,84,168,372,3,'NH-Sicherung Gr.2 160A','3NA3236',168,3,1,1,'Siemens','Stück'),(168,85,169,373,3,'NH-Sicherung Gr.2 200A','3NA3240',169,3,1,1,'Siemens','Stück'),(168,86,170,374,9,'NH-Sicherung Gr.2 250A','3NA3244',170,3,1,1,'Siemens','Stück'),(168,87,175,382,12,'NH-Sicherung Gr.2 315A','2466151',175,3,1,1,'Siemens','Stück'),(168,88,171,383,4,'NH-Sicherung Gr.2 300A','3NA3250',171,3,1,1,'Siemens','Stück'),(168,89,172,384,4,'NH-Sicherung Gr.2 355A','3NA3254',172,3,1,1,'Siemens','Stück'),(168,90,173,385,3,'NH-Sicherung Gr.3 315A','3NA3352',173,3,1,1,'Siemens','Stück'),(168,91,174,386,4,'NH-Sicherung Gr.3 400A','3NA3360',174,3,1,1,'Siemens','Stück'),(168,92,179,387,50,'Aluminium-Klemmschelle 20','AKS-E 20',179,10,1,62,'Fränkische Rohrwerke','Stück'),(168,93,180,388,50,'Aluminium-Klemmschelle 32','AKS-E 32',180,10,1,62,'Fränkische Rohrwerke','Stück'),(168,94,181,389,25,'Aluminium-Klemmschelle 40','AKS-E 40',181,5,1,62,'Fränkische Rohrwerke','Stück'),(168,95,182,390,25,'Aluminium-Klemmschelle 50','AKS-E 50',182,5,1,62,'Fränkische Rohrwerke','Stück'),(168,96,183,391,25,'Aluminium-Abstandschelle 50','ASG-E 50',183,NULL,1,62,'Fränkische Rohrwerke','Stück'),(168,97,184,392,25,'Edelstahl-Abstandschelle V4 32','VSG-E 32',184,5,1,62,'Fränkische Rohrwerke','Stück'),(168,98,185,393,10,'Edelstahl-Abstandschelle V4 50','VSG-E 50',185,5,1,62,'Fränkische Rohrwerke','Stück'),(168,160,273,442,50,'Schnapp-Schellen NW11 ( für Rohr 13 mm)','799/11 5VC4 540-5 AL',273,NULL,1,61,'Kleinhuis','Stück'),(168,161,274,443,50,'Kunstoff-Klemmschelle 16','5VB4542 Type 16',274,10,1,62,'Fränkische Rohrwerke','Stück'),(168,162,275,444,80,'RO-CLIP-Rohrschelle,16mm','HCRS 16',275,NULL,1,58,'Newlec','Stück'),(168,163,276,445,70,'RO-CLIP-Rohrschelle,20mm','HCRS 20',276,10,1,58,'Newlec','Stück'),(168,164,278,446,20,'RO-CLIP-Rohrschelle,25mm','HCRS 25',278,10,1,58,'Newlec','Stück'),(168,165,280,457,30,'Befestigungsschellen , 28-30 mm','5VC4460',280,NULL,1,61,'Kleinhuis','Stück'),(168,166,279,456,80,'Befestigungsschellen , 20,5-21,5 mm','5VC4456',279,NULL,1,61,'Kleinhuis','Stück'),(168,167,281,458,100,'Befestigungsschellen , 20 mm','605/M20',281,NULL,1,60,'OBO (Bettermann)','Stück'),(168,168,282,459,70,'Befestigungsschellen , 28 mm','605/PG21',282,NULL,1,60,'OBO (Bettermann)','Stück'),(168,169,283,460,80,'Befestigungsschellen , 37 mm','605/PG29',283,NULL,1,60,'OBO (Bettermann)','Stück'),(168,170,284,459,6,'Aluminium-Steckmuffe 50','AMS-E 50',284,NULL,1,62,'Fränkische Rohrwerke','Stück'),(168,171,288,465,1,'Aluminium-Steckmuffe 40','AMS-E 40',288,NULL,1,62,'Fränkische Rohrwerke','Stück'),(168,172,287,464,15,'Aluminium-Steckmuffe 32','AMS-E 32',287,NULL,1,62,'Fränkische Rohrwerke','Stück'),(168,173,286,463,40,'Aluminium-Steckmuffe 20','AMS-E 20',286,NULL,1,62,'Fränkische Rohrwerke','Stück'),(168,175,289,467,80,'Endtüllen,PG16','5VB4173',289,NULL,1,60,'OBO (Bettermann)','Stück'),(168,176,290,475,20,'Endtüllen,PG42','5VB4177 207378',291,NULL,1,61,'Kleinhuis','Stück'),(168,178,292,471,100,'Endtülle , M20','129 M M20',292,NULL,1,60,'OBO (Bettermann)','Stück'),(168,179,293,472,20,'Endtülle , M32','129 M32',293,NULL,1,60,'OBO (Bettermann)','Stück'),(168,181,295,471,40,'Endtülle , M20','E-Ku-E 20',295,NULL,1,62,'Fränkische Rohrwerke','Stück'),(168,182,296,473,140,'Endtülle , M40','E-Ku-E 40',296,NULL,1,62,'Fränkische Rohrwerke','Stück'),(168,183,297,474,6,'Endtülle , M50','E-Ku-E 50',297,NULL,1,62,'Fränkische Rohrwerke','Stück'),(168,184,298,468,30,'Endtülle , PG29','?-',298,NULL,1,61,'Kleinhuis','Stück'),(168,245,143,336,1,'111111','11111a',1111,1,3,9,'Bauer','Eimer'),(172,33,141,339,100,'Rohr-Abstandschellen,30-38 mm','733',141,NULL,1,60,'OBO (Bettermann)','Stück'),(172,34,139,338,100,'Rohr-Abstandschellen,24-29 mm','733/M25 PG 21',139,NULL,1,60,'OBO (Bettermann)','Stück'),(172,35,138,337,101,'Rohr-Abstandschellen,21-23 mm','733 PG 16',138,NULL,1,60,'OBO (Bettermann)','Stück'),(172,36,1,336,134,'Schütz','3RT1036-1A / 22,0kW',1,2,1,1,'Siemens','Stück'),(172,56,147,340,50,'Rohr-Abstandschellen,39-48 mm','733/M40 PG36',147,NULL,1,60,'OBO (Bettermann)','Stück'),(172,61,148,341,2,'Rohr-Abstandschellen,47-55 mm','5VC4895',148,NULL,1,61,'Kleinhuis','Stück'),(172,63,150,354,6,'NH-Sicherung Gr.000 16A','3NA3805',150,NULL,1,1,'Siemens','Stück'),(172,64,151,355,6,'NH-Sicherung Gr.000 20A','3NA3807',151,3,1,1,'Siemens','Stück'),(172,65,152,356,5,'NH-Sicherung Gr.000 25A','3NA3810',152,NULL,1,1,'Siemens','Stück'),(172,66,153,357,6,'NH-Sicherung Gr.000 35A','3NA3814',153,3,1,1,'Siemens','Stück'),(172,67,154,358,6,'NH-Sicherung Gr.000 50A','3NA3820',154,NULL,1,1,'Siemens','Stück'),(172,68,149,359,NULL,'NH-Sicherung Gr.000 63A','3NA3 822',149,3,1,1,'Siemens','Stück'),(172,69,155,360,6,'NH-Sicherung Gr.000 80A','3NA3824',155,NULL,1,1,'Siemens','Stück'),(172,70,156,361,6,'NH-Sicherung Gr.000 100A','3NA3830',156,NULL,1,1,'Siemens','Stück'),(172,71,157,362,NULL,'NH-Sicherung Gr.00 125A','3NA3832',157,NULL,1,1,'Siemens','Stück'),(172,72,158,363,6,'NH-Sicherung Gr.00 160A','3NA3836',158,NULL,1,1,'Siemens','Stück'),(172,74,160,364,15,'NH-Sicherung Gr.1 63A','3NA3122',160,3,1,1,'Siemens','Stück'),(172,75,161,365,4,'NH-Sicherung Gr.1 100A','3NA3130',161,NULL,1,1,'Siemens','Stück'),(172,76,162,366,6,'NH-Sicherung Gr.1 125A','3NA3132',162,3,1,1,'Siemens','Stück'),(172,77,163,367,11,'NH-Sicherung Gr.1 160A','3NA3136',163,3,1,1,'Siemens','Stück'),(172,78,178,368,4,'NH-Sicherung Gr.1 250A','3NA3144',178,3,1,1,'Siemens','Stück'),(172,79,165,369,1,'NH-Sicherung Gr.2 80A','3NA3224',165,3,1,1,'Siemens','Stück'),(172,81,176,378,6,'NH-Sicherung Gr.1 200A','3NA3140',176,3,1,1,'Siemens','Stück'),(172,82,166,370,4,'NH-Sicherung Gr.2 100A','3NA3230',166,3,1,1,'Siemens','Stück'),(172,83,167,371,9,'NH-Sicherung Gr.2 125A','3NA3232',167,3,1,1,'Siemens','Stück'),(172,84,168,372,3,'NH-Sicherung Gr.2 160A','3NA3236',168,3,1,1,'Siemens','Stück'),(172,85,169,373,3,'NH-Sicherung Gr.2 200A','3NA3240',169,3,1,1,'Siemens','Stück'),(172,86,170,374,9,'NH-Sicherung Gr.2 250A','3NA3244',170,3,1,1,'Siemens','Stück'),(172,87,175,382,12,'NH-Sicherung Gr.2 315A','2466151',175,3,1,1,'Siemens','Stück'),(172,88,171,383,4,'NH-Sicherung Gr.2 300A','3NA3250',171,3,1,1,'Siemens','Stück'),(172,89,172,384,4,'NH-Sicherung Gr.2 355A','3NA3254',172,3,1,1,'Siemens','Stück'),(172,90,173,385,3,'NH-Sicherung Gr.3 315A','3NA3352',173,3,1,1,'Siemens','Stück'),(172,91,174,386,4,'NH-Sicherung Gr.3 400A','3NA3360',174,3,1,1,'Siemens','Stück'),(172,92,179,387,50,'Aluminium-Klemmschelle 20','AKS-E 20',179,10,1,62,'Fränkische Rohrwerke','Stück'),(172,93,180,388,50,'Aluminium-Klemmschelle 32','AKS-E 32',180,10,1,62,'Fränkische Rohrwerke','Stück'),(172,94,181,389,25,'Aluminium-Klemmschelle 40','AKS-E 40',181,5,1,62,'Fränkische Rohrwerke','Stück'),(172,95,182,390,25,'Aluminium-Klemmschelle 50','AKS-E 50',182,5,1,62,'Fränkische Rohrwerke','Stück'),(172,96,183,391,25,'Aluminium-Abstandschelle 50','ASG-E 50',183,NULL,1,62,'Fränkische Rohrwerke','Stück'),(172,97,184,392,25,'Edelstahl-Abstandschelle V4 32','VSG-E 32',184,5,1,62,'Fränkische Rohrwerke','Stück'),(172,98,185,393,10,'Edelstahl-Abstandschelle V4 50','VSG-E 50',185,5,1,62,'Fränkische Rohrwerke','Stück'),(172,160,273,442,50,'Schnapp-Schellen NW11 ( für Rohr 13 mm)','799/11 5VC4 540-5 AL',273,NULL,1,61,'Kleinhuis','Stück'),(172,161,274,443,50,'Kunstoff-Klemmschelle 16','5VB4542 Type 16',274,10,1,62,'Fränkische Rohrwerke','Stück'),(172,162,275,444,80,'RO-CLIP-Rohrschelle,16mm','HCRS 16',275,NULL,1,58,'Newlec','Stück'),(172,163,276,445,70,'RO-CLIP-Rohrschelle,20mm','HCRS 20',276,10,1,58,'Newlec','Stück'),(172,164,278,446,20,'RO-CLIP-Rohrschelle,25mm','HCRS 25',278,10,1,58,'Newlec','Stück'),(172,165,280,457,30,'Befestigungsschellen , 28-30 mm','5VC4460',280,NULL,1,61,'Kleinhuis','Stück'),(172,166,279,456,80,'Befestigungsschellen , 20,5-21,5 mm','5VC4456',279,NULL,1,61,'Kleinhuis','Stück'),(172,167,281,458,100,'Befestigungsschellen , 20 mm','605/M20',281,NULL,1,60,'OBO (Bettermann)','Stück'),(172,168,282,459,70,'Befestigungsschellen , 28 mm','605/PG21',282,NULL,1,60,'OBO (Bettermann)','Stück'),(172,169,283,460,80,'Befestigungsschellen , 37 mm','605/PG29',283,NULL,1,60,'OBO (Bettermann)','Stück'),(172,170,284,459,6,'Aluminium-Steckmuffe 50','AMS-E 50',284,NULL,1,62,'Fränkische Rohrwerke','Stück'),(172,171,288,465,1,'Aluminium-Steckmuffe 40','AMS-E 40',288,NULL,1,62,'Fränkische Rohrwerke','Stück'),(172,172,287,464,15,'Aluminium-Steckmuffe 32','AMS-E 32',287,NULL,1,62,'Fränkische Rohrwerke','Stück'),(172,173,286,463,40,'Aluminium-Steckmuffe 20','AMS-E 20',286,NULL,1,62,'Fränkische Rohrwerke','Stück'),(172,175,289,467,80,'Endtüllen,PG16','5VB4173',289,NULL,1,60,'OBO (Bettermann)','Stück'),(172,176,290,475,20,'Endtüllen,PG42','5VB4177 207378',291,NULL,1,61,'Kleinhuis','Stück'),(172,178,292,471,100,'Endtülle , M20','129 M M20',292,NULL,1,60,'OBO (Bettermann)','Stück'),(172,179,293,472,20,'Endtülle , M32','129 M32',293,NULL,1,60,'OBO (Bettermann)','Stück'),(172,181,295,471,40,'Endtülle , M20','E-Ku-E 20',295,NULL,1,62,'Fränkische Rohrwerke','Stück'),(172,182,296,473,140,'Endtülle , M40','E-Ku-E 40',296,NULL,1,62,'Fränkische Rohrwerke','Stück'),(172,183,297,474,6,'Endtülle , M50','E-Ku-E 50',297,NULL,1,62,'Fränkische Rohrwerke','Stück'),(172,184,298,468,30,'Endtülle , PG29','?-',298,NULL,1,61,'Kleinhuis','Stück'),(172,245,143,336,1,'111111','11111a',1111,1,3,9,'Bauer','Eimer'),(176,7,72,18,1,'3~Motor; 0,55kW; 705U/min','AR 90L-8',72,1,1,34,'Unitec AG','Stück'),(176,13,10,19,1,'Drahtseil','8x36+SES zS/20 mm/42m',10,1,1,65,'Pfeifer','Stück'),(176,48,143,26,3,'111111','11111a',1111,1,3,9,'Bauer','Eimer'),(176,49,143,26,2,'111111','11111a',1111,1,3,9,'Bauer','Eimer'),(176,51,143,18,1,'111111','11111a',1111,1,3,9,'Bauer','Eimer'),(177,33,141,339,100,'Rohr-Abstandschellen,30-38 mm','733',141,NULL,1,60,'OBO (Bettermann)','Stück'),(177,34,139,338,100,'Rohr-Abstandschellen,24-29 mm','733/M25 PG 21',139,NULL,1,60,'OBO (Bettermann)','Stück'),(177,35,138,337,101,'Rohr-Abstandschellen,21-23 mm','733 PG 16',138,NULL,1,60,'OBO (Bettermann)','Stück'),(177,36,1,336,134,'Schütz','3RT1036-1A / 22,0kW',1,2,1,1,'Siemens','Stück'),(177,56,147,340,50,'Rohr-Abstandschellen,39-48 mm','733/M40 PG36',147,NULL,1,60,'OBO (Bettermann)','Stück'),(177,61,148,341,2,'Rohr-Abstandschellen,47-55 mm','5VC4895',148,NULL,1,61,'Kleinhuis','Stück'),(177,63,150,354,6,'NH-Sicherung Gr.000 16A','3NA3805',150,NULL,1,1,'Siemens','Stück'),(177,64,151,355,6,'NH-Sicherung Gr.000 20A','3NA3807',151,3,1,1,'Siemens','Stück'),(177,65,152,356,5,'NH-Sicherung Gr.000 25A','3NA3810',152,NULL,1,1,'Siemens','Stück'),(177,66,153,357,6,'NH-Sicherung Gr.000 35A','3NA3814',153,3,1,1,'Siemens','Stück'),(177,67,154,358,6,'NH-Sicherung Gr.000 50A','3NA3820',154,NULL,1,1,'Siemens','Stück'),(177,68,149,359,NULL,'NH-Sicherung Gr.000 63A','3NA3 822',149,3,1,1,'Siemens','Stück'),(177,69,155,360,6,'NH-Sicherung Gr.000 80A','3NA3824',155,NULL,1,1,'Siemens','Stück'),(177,70,156,361,6,'NH-Sicherung Gr.000 100A','3NA3830',156,NULL,1,1,'Siemens','Stück'),(177,71,157,362,NULL,'NH-Sicherung Gr.00 125A','3NA3832',157,NULL,1,1,'Siemens','Stück'),(177,72,158,363,6,'NH-Sicherung Gr.00 160A','3NA3836',158,NULL,1,1,'Siemens','Stück'),(177,74,160,364,15,'NH-Sicherung Gr.1 63A','3NA3122',160,3,1,1,'Siemens','Stück'),(177,75,161,365,4,'NH-Sicherung Gr.1 100A','3NA3130',161,NULL,1,1,'Siemens','Stück'),(177,76,162,366,6,'NH-Sicherung Gr.1 125A','3NA3132',162,3,1,1,'Siemens','Stück'),(177,77,163,367,11,'NH-Sicherung Gr.1 160A','3NA3136',163,3,1,1,'Siemens','Stück'),(177,78,178,368,4,'NH-Sicherung Gr.1 250A','3NA3144',178,3,1,1,'Siemens','Stück'),(177,79,165,369,1,'NH-Sicherung Gr.2 80A','3NA3224',165,3,1,1,'Siemens','Stück'),(177,81,176,378,6,'NH-Sicherung Gr.1 200A','3NA3140',176,3,1,1,'Siemens','Stück'),(177,82,166,370,4,'NH-Sicherung Gr.2 100A','3NA3230',166,3,1,1,'Siemens','Stück'),(177,83,167,371,9,'NH-Sicherung Gr.2 125A','3NA3232',167,3,1,1,'Siemens','Stück'),(177,84,168,372,3,'NH-Sicherung Gr.2 160A','3NA3236',168,3,1,1,'Siemens','Stück'),(177,85,169,373,3,'NH-Sicherung Gr.2 200A','3NA3240',169,3,1,1,'Siemens','Stück'),(177,86,170,374,9,'NH-Sicherung Gr.2 250A','3NA3244',170,3,1,1,'Siemens','Stück'),(177,87,175,382,12,'NH-Sicherung Gr.2 315A','2466151',175,3,1,1,'Siemens','Stück'),(177,88,171,383,4,'NH-Sicherung Gr.2 300A','3NA3250',171,3,1,1,'Siemens','Stück'),(177,89,172,384,4,'NH-Sicherung Gr.2 355A','3NA3254',172,3,1,1,'Siemens','Stück'),(177,90,173,385,3,'NH-Sicherung Gr.3 315A','3NA3352',173,3,1,1,'Siemens','Stück'),(177,91,174,386,4,'NH-Sicherung Gr.3 400A','3NA3360',174,3,1,1,'Siemens','Stück'),(177,92,179,387,50,'Aluminium-Klemmschelle 20','AKS-E 20',179,10,1,62,'Fränkische Rohrwerke','Stück'),(177,93,180,388,50,'Aluminium-Klemmschelle 32','AKS-E 32',180,10,1,62,'Fränkische Rohrwerke','Stück'),(177,94,181,389,25,'Aluminium-Klemmschelle 40','AKS-E 40',181,5,1,62,'Fränkische Rohrwerke','Stück'),(177,95,182,390,25,'Aluminium-Klemmschelle 50','AKS-E 50',182,5,1,62,'Fränkische Rohrwerke','Stück'),(177,96,183,391,25,'Aluminium-Abstandschelle 50','ASG-E 50',183,NULL,1,62,'Fränkische Rohrwerke','Stück'),(177,97,184,392,25,'Edelstahl-Abstandschelle V4 32','VSG-E 32',184,5,1,62,'Fränkische Rohrwerke','Stück'),(177,98,185,393,10,'Edelstahl-Abstandschelle V4 50','VSG-E 50',185,5,1,62,'Fränkische Rohrwerke','Stück'),(177,160,273,442,50,'Schnapp-Schellen NW11 ( für Rohr 13 mm)','799/11 5VC4 540-5 AL',273,NULL,1,61,'Kleinhuis','Stück'),(177,161,274,443,50,'Kunstoff-Klemmschelle 16','5VB4542 Type 16',274,10,1,62,'Fränkische Rohrwerke','Stück'),(177,162,275,444,80,'RO-CLIP-Rohrschelle,16mm','HCRS 16',275,NULL,1,58,'Newlec','Stück'),(177,163,276,445,70,'RO-CLIP-Rohrschelle,20mm','HCRS 20',276,10,1,58,'Newlec','Stück'),(177,164,278,446,20,'RO-CLIP-Rohrschelle,25mm','HCRS 25',278,10,1,58,'Newlec','Stück'),(177,165,280,457,30,'Befestigungsschellen , 28-30 mm','5VC4460',280,NULL,1,61,'Kleinhuis','Stück'),(177,166,279,456,80,'Befestigungsschellen , 20,5-21,5 mm','5VC4456',279,NULL,1,61,'Kleinhuis','Stück'),(177,167,281,458,100,'Befestigungsschellen , 20 mm','605/M20',281,NULL,1,60,'OBO (Bettermann)','Stück'),(177,168,282,459,70,'Befestigungsschellen , 28 mm','605/PG21',282,NULL,1,60,'OBO (Bettermann)','Stück'),(177,169,283,460,80,'Befestigungsschellen , 37 mm','605/PG29',283,NULL,1,60,'OBO (Bettermann)','Stück'),(177,170,284,459,6,'Aluminium-Steckmuffe 50','AMS-E 50',284,NULL,1,62,'Fränkische Rohrwerke','Stück'),(177,171,288,465,1,'Aluminium-Steckmuffe 40','AMS-E 40',288,NULL,1,62,'Fränkische Rohrwerke','Stück'),(177,172,287,464,15,'Aluminium-Steckmuffe 32','AMS-E 32',287,NULL,1,62,'Fränkische Rohrwerke','Stück'),(177,173,286,463,40,'Aluminium-Steckmuffe 20','AMS-E 20',286,NULL,1,62,'Fränkische Rohrwerke','Stück'),(177,175,289,467,80,'Endtüllen,PG16','5VB4173',289,NULL,1,60,'OBO (Bettermann)','Stück'),(177,176,290,475,20,'Endtüllen,PG42','5VB4177 207378',291,NULL,1,61,'Kleinhuis','Stück'),(177,178,292,471,100,'Endtülle , M20','129 M M20',292,NULL,1,60,'OBO (Bettermann)','Stück'),(177,179,293,472,20,'Endtülle , M32','129 M32',293,NULL,1,60,'OBO (Bettermann)','Stück'),(177,181,295,471,40,'Endtülle , M20','E-Ku-E 20',295,NULL,1,62,'Fränkische Rohrwerke','Stück'),(177,182,296,473,140,'Endtülle , M40','E-Ku-E 40',296,NULL,1,62,'Fränkische Rohrwerke','Stück'),(177,183,297,474,6,'Endtülle , M50','E-Ku-E 50',297,NULL,1,62,'Fränkische Rohrwerke','Stück'),(177,184,298,468,30,'Endtülle , PG29','?-',298,NULL,1,61,'Kleinhuis','Stück'),(177,245,143,336,1,'111111','11111a',1111,1,3,9,'Bauer','Eimer'),(183,33,141,339,100,'Rohr-Abstandschellen,30-38 mm','733',141,NULL,1,60,'OBO (Bettermann)','Stück'),(183,34,139,338,100,'Rohr-Abstandschellen,24-29 mm','733/M25 PG 21',139,NULL,1,60,'OBO (Bettermann)','Stück'),(183,35,138,337,101,'Rohr-Abstandschellen,21-23 mm','733 PG 16',138,NULL,1,60,'OBO (Bettermann)','Stück'),(183,36,1,336,134,'Schütz','3RT1036-1A / 22,0kW',1,2,1,1,'Siemens','Stück'),(183,56,147,340,50,'Rohr-Abstandschellen,39-48 mm','733/M40 PG36',147,NULL,1,60,'OBO (Bettermann)','Stück'),(183,61,148,341,2,'Rohr-Abstandschellen,47-55 mm','5VC4895',148,NULL,1,61,'Kleinhuis','Stück'),(183,63,150,354,6,'NH-Sicherung Gr.000 16A','3NA3805',150,NULL,1,1,'Siemens','Stück'),(183,64,151,355,6,'NH-Sicherung Gr.000 20A','3NA3807',151,3,1,1,'Siemens','Stück'),(183,65,152,356,5,'NH-Sicherung Gr.000 25A','3NA3810',152,NULL,1,1,'Siemens','Stück'),(183,66,153,357,6,'NH-Sicherung Gr.000 35A','3NA3814',153,3,1,1,'Siemens','Stück'),(183,67,154,358,6,'NH-Sicherung Gr.000 50A','3NA3820',154,NULL,1,1,'Siemens','Stück'),(183,68,149,359,NULL,'NH-Sicherung Gr.000 63A','3NA3 822',149,3,1,1,'Siemens','Stück'),(183,69,155,360,6,'NH-Sicherung Gr.000 80A','3NA3824',155,NULL,1,1,'Siemens','Stück'),(183,70,156,361,6,'NH-Sicherung Gr.000 100A','3NA3830',156,NULL,1,1,'Siemens','Stück'),(183,71,157,362,NULL,'NH-Sicherung Gr.00 125A','3NA3832',157,NULL,1,1,'Siemens','Stück'),(183,72,158,363,6,'NH-Sicherung Gr.00 160A','3NA3836',158,NULL,1,1,'Siemens','Stück'),(183,74,160,364,15,'NH-Sicherung Gr.1 63A','3NA3122',160,3,1,1,'Siemens','Stück'),(183,75,161,365,4,'NH-Sicherung Gr.1 100A','3NA3130',161,NULL,1,1,'Siemens','Stück'),(183,76,162,366,6,'NH-Sicherung Gr.1 125A','3NA3132',162,3,1,1,'Siemens','Stück'),(183,77,163,367,11,'NH-Sicherung Gr.1 160A','3NA3136',163,3,1,1,'Siemens','Stück'),(183,78,178,368,4,'NH-Sicherung Gr.1 250A','3NA3144',178,3,1,1,'Siemens','Stück'),(183,79,165,369,1,'NH-Sicherung Gr.2 80A','3NA3224',165,3,1,1,'Siemens','Stück'),(183,81,176,378,6,'NH-Sicherung Gr.1 200A','3NA3140',176,3,1,1,'Siemens','Stück'),(183,82,166,370,4,'NH-Sicherung Gr.2 100A','3NA3230',166,3,1,1,'Siemens','Stück'),(183,83,167,371,9,'NH-Sicherung Gr.2 125A','3NA3232',167,3,1,1,'Siemens','Stück'),(183,84,168,372,3,'NH-Sicherung Gr.2 160A','3NA3236',168,3,1,1,'Siemens','Stück'),(183,85,169,373,3,'NH-Sicherung Gr.2 200A','3NA3240',169,3,1,1,'Siemens','Stück'),(183,86,170,374,9,'NH-Sicherung Gr.2 250A','3NA3244',170,3,1,1,'Siemens','Stück'),(183,87,175,382,12,'NH-Sicherung Gr.2 315A','2466151',175,3,1,1,'Siemens','Stück'),(183,88,171,383,4,'NH-Sicherung Gr.2 300A','3NA3250',171,3,1,1,'Siemens','Stück'),(183,89,172,384,4,'NH-Sicherung Gr.2 355A','3NA3254',172,3,1,1,'Siemens','Stück'),(183,90,173,385,3,'NH-Sicherung Gr.3 315A','3NA3352',173,3,1,1,'Siemens','Stück'),(183,91,174,386,4,'NH-Sicherung Gr.3 400A','3NA3360',174,3,1,1,'Siemens','Stück'),(183,92,179,387,50,'Aluminium-Klemmschelle 20','AKS-E 20',179,10,1,62,'Fränkische Rohrwerke','Stück'),(183,93,180,388,50,'Aluminium-Klemmschelle 32','AKS-E 32',180,10,1,62,'Fränkische Rohrwerke','Stück'),(183,94,181,389,25,'Aluminium-Klemmschelle 40','AKS-E 40',181,5,1,62,'Fränkische Rohrwerke','Stück'),(183,95,182,390,25,'Aluminium-Klemmschelle 50','AKS-E 50',182,5,1,62,'Fränkische Rohrwerke','Stück'),(183,96,183,391,25,'Aluminium-Abstandschelle 50','ASG-E 50',183,NULL,1,62,'Fränkische Rohrwerke','Stück'),(183,97,184,392,25,'Edelstahl-Abstandschelle V4 32','VSG-E 32',184,5,1,62,'Fränkische Rohrwerke','Stück'),(183,98,185,393,10,'Edelstahl-Abstandschelle V4 50','VSG-E 50',185,5,1,62,'Fränkische Rohrwerke','Stück'),(183,160,273,442,50,'Schnapp-Schellen NW11 ( für Rohr 13 mm)','799/11 5VC4 540-5 AL',273,NULL,1,61,'Kleinhuis','Stück'),(183,161,274,443,50,'Kunstoff-Klemmschelle 16','5VB4542 Type 16',274,10,1,62,'Fränkische Rohrwerke','Stück'),(183,162,275,444,80,'RO-CLIP-Rohrschelle,16mm','HCRS 16',275,NULL,1,58,'Newlec','Stück'),(183,163,276,445,70,'RO-CLIP-Rohrschelle,20mm','HCRS 20',276,10,1,58,'Newlec','Stück'),(183,164,278,446,20,'RO-CLIP-Rohrschelle,25mm','HCRS 25',278,10,1,58,'Newlec','Stück'),(183,165,280,457,30,'Befestigungsschellen , 28-30 mm','5VC4460',280,NULL,1,61,'Kleinhuis','Stück'),(183,166,279,456,80,'Befestigungsschellen , 20,5-21,5 mm','5VC4456',279,NULL,1,61,'Kleinhuis','Stück'),(183,167,281,458,100,'Befestigungsschellen , 20 mm','605/M20',281,NULL,1,60,'OBO (Bettermann)','Stück'),(183,168,282,459,70,'Befestigungsschellen , 28 mm','605/PG21',282,NULL,1,60,'OBO (Bettermann)','Stück'),(183,169,283,460,80,'Befestigungsschellen , 37 mm','605/PG29',283,NULL,1,60,'OBO (Bettermann)','Stück'),(183,170,284,459,6,'Aluminium-Steckmuffe 50','AMS-E 50',284,NULL,1,62,'Fränkische Rohrwerke','Stück'),(183,171,288,465,1,'Aluminium-Steckmuffe 40','AMS-E 40',288,NULL,1,62,'Fränkische Rohrwerke','Stück'),(183,172,287,464,15,'Aluminium-Steckmuffe 32','AMS-E 32',287,NULL,1,62,'Fränkische Rohrwerke','Stück'),(183,173,286,463,40,'Aluminium-Steckmuffe 20','AMS-E 20',286,NULL,1,62,'Fränkische Rohrwerke','Stück'),(183,175,289,467,80,'Endtüllen,PG16','5VB4173',289,NULL,1,60,'OBO (Bettermann)','Stück'),(183,176,290,475,20,'Endtüllen,PG42','5VB4177 207378',291,NULL,1,61,'Kleinhuis','Stück'),(183,178,292,471,100,'Endtülle , M20','129 M M20',292,NULL,1,60,'OBO (Bettermann)','Stück'),(183,179,293,472,20,'Endtülle , M32','129 M32',293,NULL,1,60,'OBO (Bettermann)','Stück'),(183,181,295,471,40,'Endtülle , M20','E-Ku-E 20',295,NULL,1,62,'Fränkische Rohrwerke','Stück'),(183,182,296,473,140,'Endtülle , M40','E-Ku-E 40',296,NULL,1,62,'Fränkische Rohrwerke','Stück'),(183,183,297,474,6,'Endtülle , M50','E-Ku-E 50',297,NULL,1,62,'Fränkische Rohrwerke','Stück'),(183,184,298,468,30,'Endtülle , PG29','?-',298,NULL,1,61,'Kleinhuis','Stück'),(188,185,299,495,6,'Leistungsschütz 11kW , 230VAC','LC1 D25004M5',299,1,1,72,'Telemecanique','Stück'),(188,186,300,496,2,'Sperrschütz','CA2-DK122',300,NULL,1,72,'Telemecanique','Stück'),(188,187,302,497,9,'Hilfsschütz 230VAC','CAD32P7',302,3,1,72,'Telemecanique','Stück'),(188,188,301,498,4,'Verklinkungsblock , 230V AC/DC','LAD6K10M',301,3,1,72,'Telemecanique','Stück'),(188,189,303,499,3,'Leistungsschütz 30kW , 230VAC','LC1 D6511P7',303,NULL,1,72,'Telemecanique','Stück'),(188,190,304,500,2,'Motorschützschalter 24-40 A','GV7 RS40',304,NULL,1,72,'Telemecanique','Stück'),(188,191,305,501,6,'Hilfskontaktblock','LA8 DN11',305,NULL,1,72,'Telemecanique','Stück'),(188,192,306,502,19,'Hilfskontaktblock ','LA1DN22',306,NULL,1,72,'Telemecanique','Stück'),(188,193,308,506,9,'Leistungsschütz 11kW , 230VAC','DILOAM',308,NULL,1,2,'Moeller','Stück'),(188,195,309,509,5,'Leistungsschütz 15kW , 230VAC','DIL1M',309,NULL,1,2,'Moeller','Stück'),(188,196,310,505,4,'Leistungsschütz 7,5kW , 24VDC','DILOM-G',310,NULL,1,2,'Moeller','Stück'),(188,198,311,507,4,'Leistungsschütz 11kW , 230VAC','DILM25-21',311,NULL,1,2,'Moeller','Stück'),(188,199,312,508,1,'Leistungsschütz 11kW , 230VAC','DILM25-10',312,NULL,1,2,'Moeller','Stück'),(188,200,313,511,4,'Hilfsschütz 230VAC','DIL04L-22',313,NULL,1,2,'Moeller','Stück'),(188,201,314,512,1,'Hilfsschütz 230VAC','DIL04L-31',314,NULL,1,2,'Moeller','Stück'),(188,202,315,513,4,'Hilfsschütz 230VAC','DIL04-40',315,NULL,1,2,'Moeller','Stück'),(188,203,316,514,1,'Hilfsschaltbaustein','22DILM',316,NULL,1,2,'Moeller','Stück'),(188,204,317,514,5,'Hilfsschaltbaustein','DILM32-XHI22',317,NULL,1,2,'Moeller','Stück'),(188,205,318,514,5,'Hilfsschaltbaustein','DILM32-XHI11',318,NULL,1,2,'Moeller','Stück'),(188,206,319,515,10,'Normalhilfsschalter','NHI11-PKZ0',319,NULL,1,2,'Moeller','Stück'),(188,207,320,505,7,'Normalhilfsschalter','NHI-E-11-PKZ0',320,NULL,1,2,'Moeller','Stück'),(188,208,321,516,1,'Motorschützschalter 0,16-0,25 A','PKZM0-0,25',321,NULL,1,2,'Moeller','Stück'),(188,209,322,516,1,'Motorschützschalter 0,63-1,0 A','PKZM0-1',322,NULL,1,2,'Moeller','Stück'),(188,210,323,516,1,'Motorschützschalter 1,0-1,6 A','PKZM0-1,6',323,NULL,1,2,'Moeller','Stück'),(188,211,324,516,1,'Motorschützschalter 1,6-2,5 A','PKZM0-2,5',324,NULL,1,2,'Moeller','Stück'),(188,212,325,517,1,'Motorschützschalter 6,3-10 A','PKZM0-10',325,NULL,1,2,'Moeller','Stück'),(188,213,326,517,2,'Motorschützschalter 4,0-6,3 A','PKZM0-6,3',326,NULL,1,2,'Moeller','Stück'),(188,216,328,518,2,'Motorschützschalter 20-25 A','PKZM0-25',328,NULL,1,2,'Moeller','Stück'),(188,217,329,519,2,'Motorschützschalter 4,0 A','GV2 LE08 4A',329,NULL,1,72,'Telemecanique','Stück'),(188,218,330,520,2,'Motorschützschalter 10 A','GV2 LE14 10A',330,NULL,1,72,'Telemecanique','Stück'),(188,219,331,510,1,'Instalationsschütz 63A','ESB 63-40',11000331,NULL,1,73,'ABB','Stück'),(188,220,332,510,1,'Instalationsschütz 24A','ESB24-31',100332,NULL,1,73,'ABB','Stück'),(188,221,333,510,2,'Instalationsschütz 24A','ESB24-40',1100333,NULL,1,73,'ABB','Stück'),(188,223,335,510,1,'Instalationsschütz 40A (Last-Fernschalter)','5TT3 806',11000335,NULL,1,1,'Siemens','Stück'),(188,225,337,516,2,'Koppelrelais','IK8802.12AC/DC24V',1000337,NULL,1,74,'E.Dold & Söhne KG','Stück'),(188,226,338,515,15,'Koppelrelais','IK8802.12/023AC/DC230V',1000338,NULL,1,74,'E.Dold & Söhne KG','Stück'),(188,227,339,517,7,'Koppelrelais','IK8701.12AC 50HZ 230V',100339,NULL,1,74,'E.Dold & Söhne KG','Stück'),(189,185,299,495,6,'Leistungsschütz 11kW , 230VAC','LC1 D25004M5',299,1,1,72,'Telemecanique','Stück'),(189,186,300,496,2,'Sperrschütz','CA2-DK122',300,NULL,1,72,'Telemecanique','Stück'),(189,187,302,497,9,'Hilfsschütz 230VAC','CAD32P7',302,3,1,72,'Telemecanique','Stück'),(189,188,301,498,4,'Verklinkungsblock , 230V AC/DC','LAD6K10M',301,3,1,72,'Telemecanique','Stück'),(189,189,303,499,3,'Leistungsschütz 30kW , 230VAC','LC1 D6511P7',303,NULL,1,72,'Telemecanique','Stück'),(189,190,304,500,2,'Motorschützschalter 24-40 A','GV7 RS40',304,NULL,1,72,'Telemecanique','Stück'),(189,191,305,501,6,'Hilfskontaktblock','LA8 DN11',305,NULL,1,72,'Telemecanique','Stück'),(189,192,306,502,19,'Hilfskontaktblock ','LA1DN22',306,NULL,1,72,'Telemecanique','Stück'),(189,193,308,506,9,'Leistungsschütz 11kW , 230VAC','DILOAM',308,NULL,1,2,'Moeller','Stück'),(189,195,309,509,5,'Leistungsschütz 15kW , 230VAC','DIL1M',309,NULL,1,2,'Moeller','Stück'),(189,196,310,505,4,'Leistungsschütz 7,5kW , 24VDC','DILOM-G',310,NULL,1,2,'Moeller','Stück'),(189,198,311,507,4,'Leistungsschütz 11kW , 230VAC','DILM25-21',311,NULL,1,2,'Moeller','Stück'),(189,199,312,508,1,'Leistungsschütz 11kW , 230VAC','DILM25-10',312,NULL,1,2,'Moeller','Stück'),(189,200,313,511,4,'Hilfsschütz 230VAC','DIL04L-22',313,NULL,1,2,'Moeller','Stück'),(189,201,314,512,1,'Hilfsschütz 230VAC','DIL04L-31',314,NULL,1,2,'Moeller','Stück'),(189,202,315,513,4,'Hilfsschütz 230VAC','DIL04-40',315,NULL,1,2,'Moeller','Stück'),(189,203,316,514,1,'Hilfsschaltbaustein','22DILM',316,NULL,1,2,'Moeller','Stück'),(189,204,317,514,5,'Hilfsschaltbaustein','DILM32-XHI22',317,NULL,1,2,'Moeller','Stück'),(189,205,318,514,5,'Hilfsschaltbaustein','DILM32-XHI11',318,NULL,1,2,'Moeller','Stück'),(189,206,319,515,10,'Normalhilfsschalter','NHI11-PKZ0',319,NULL,1,2,'Moeller','Stück'),(189,207,320,505,7,'Normalhilfsschalter','NHI-E-11-PKZ0',320,NULL,1,2,'Moeller','Stück'),(189,208,321,516,1,'Motorschützschalter 0,16-0,25 A','PKZM0-0,25',321,NULL,1,2,'Moeller','Stück'),(189,209,322,516,1,'Motorschützschalter 0,63-1,0 A','PKZM0-1',322,NULL,1,2,'Moeller','Stück'),(189,210,323,516,1,'Motorschützschalter 1,0-1,6 A','PKZM0-1,6',323,NULL,1,2,'Moeller','Stück'),(189,211,324,516,1,'Motorschützschalter 1,6-2,5 A','PKZM0-2,5',324,NULL,1,2,'Moeller','Stück'),(189,212,325,517,1,'Motorschützschalter 6,3-10 A','PKZM0-10',325,NULL,1,2,'Moeller','Stück'),(189,213,326,517,2,'Motorschützschalter 4,0-6,3 A','PKZM0-6,3',326,NULL,1,2,'Moeller','Stück'),(189,216,328,518,2,'Motorschützschalter 20-25 A','PKZM0-25',328,NULL,1,2,'Moeller','Stück'),(189,217,329,519,2,'Motorschützschalter 4,0 A','GV2 LE08 4A',329,NULL,1,72,'Telemecanique','Stück'),(189,218,330,520,2,'Motorschützschalter 10 A','GV2 LE14 10A',330,NULL,1,72,'Telemecanique','Stück'),(189,219,331,510,1,'Instalationsschütz 63A','ESB 63-40',11000331,NULL,1,73,'ABB','Stück'),(189,220,332,510,1,'Instalationsschütz 24A','ESB24-31',100332,NULL,1,73,'ABB','Stück'),(189,221,333,510,2,'Instalationsschütz 24A','ESB24-40',1100333,NULL,1,73,'ABB','Stück'),(189,223,335,510,1,'Instalationsschütz 40A (Last-Fernschalter)','5TT3 806',11000335,NULL,1,1,'Siemens','Stück'),(189,225,337,516,2,'Koppelrelais','IK8802.12AC/DC24V',1000337,NULL,1,74,'E.Dold & Söhne KG','Stück'),(189,226,338,515,15,'Koppelrelais','IK8802.12/023AC/DC230V',1000338,NULL,1,74,'E.Dold & Söhne KG','Stück'),(189,227,339,517,7,'Koppelrelais','IK8701.12AC 50HZ 230V',100339,NULL,1,74,'E.Dold & Söhne KG','Stück');
/*!40000 ALTER TABLE `bericht_inventur_bestandspackstueck` ENABLE KEYS */;
UNLOCK TABLES;

--
-- Table structure for table `bericht_inventur_ebene`
--

DROP TABLE IF EXISTS `bericht_inventur_ebene`;
/*!40101 SET @saved_cs_client     = @@character_set_client */;
/*!40101 SET character_set_client = utf8 */;
CREATE TABLE `bericht_inventur_ebene` (
  `fk_bericht_id` int(10) unsigned NOT NULL,
  `id` int(10) unsigned NOT NULL,
  `nummer` int(10) unsigned NOT NULL,
  `fk_saeule` int(10) unsigned NOT NULL,
  PRIMARY KEY (`fk_bericht_id`,`id`) USING BTREE
) ENGINE=InnoDB DEFAULT CHARSET=utf8 COLLATE=utf8_unicode_ci;
/*!40101 SET character_set_client = @saved_cs_client */;

--
-- Dumping data for table `bericht_inventur_ebene`
--

LOCK TABLES `bericht_inventur_ebene` WRITE;
/*!40000 ALTER TABLE `bericht_inventur_ebene` DISABLE KEYS */;
INSERT INTO `bericht_inventur_ebene` VALUES (83,1,1,1),(83,16,22,1),(83,48,128,4),(83,125,1,48),(83,126,2,48),(83,127,3,48),(83,128,4,48),(83,129,5,48),(83,130,6,48),(83,131,7,48),(83,133,1,49),(83,134,2,49),(83,135,3,49),(83,136,4,49),(83,137,5,49),(83,138,6,49),(83,139,7,49),(83,140,8,49),(83,141,9,49),(83,142,1,50),(83,143,2,50),(83,144,3,50),(83,145,4,50),(83,146,5,50),(83,147,6,50),(83,148,7,50),(83,149,8,50),(83,150,9,50),(83,151,1,64),(83,152,2,64),(83,153,3,64),(83,154,4,64),(83,155,5,64),(83,156,6,64),(83,157,7,64),(83,158,8,64),(83,159,9,64),(84,1,1,1),(84,16,22,1),(84,48,128,4),(84,125,1,48),(84,126,2,48),(84,127,3,48),(84,128,4,48),(84,129,5,48),(84,130,6,48),(84,131,7,48),(84,133,1,49),(84,134,2,49),(84,135,3,49),(84,136,4,49),(84,137,5,49),(84,138,6,49),(84,139,7,49),(84,140,8,49),(84,141,9,49),(84,142,1,50),(84,143,2,50),(84,144,3,50),(84,145,4,50),(84,146,5,50),(84,147,6,50),(84,148,7,50),(84,149,8,50),(84,150,9,50),(84,151,1,64),(84,152,2,64),(84,153,3,64),(84,154,4,64),(84,155,5,64),(84,156,6,64),(84,157,7,64),(84,158,8,64),(84,159,9,64),(85,125,1,48),(85,126,2,48),(85,127,3,48),(85,128,4,48),(85,129,5,48),(85,130,6,48),(85,131,7,48),(85,133,1,49),(85,134,2,49),(85,135,3,49),(85,136,4,49),(85,137,5,49),(85,138,6,49),(85,139,7,49),(85,140,8,49),(85,141,9,49),(85,142,1,50),(85,143,2,50),(85,144,3,50),(85,145,4,50),(85,146,5,50),(85,147,6,50),(85,148,7,50),(85,149,8,50),(85,150,9,50),(86,1,1,1),(86,16,22,1),(86,48,128,4),(86,125,1,48),(86,126,2,48),(86,127,3,48),(86,128,4,48),(86,129,5,48),(86,130,6,48),(86,131,7,48),(86,133,1,49),(86,134,2,49),(86,135,3,49),(86,136,4,49),(86,137,5,49),(86,138,6,49),(86,139,7,49),(86,140,8,49),(86,141,9,49),(86,142,1,50),(86,143,2,50),(86,144,3,50),(86,145,4,50),(86,146,5,50),(86,147,6,50),(86,148,7,50),(86,149,8,50),(86,150,9,50),(86,151,1,64),(86,152,2,64),(86,153,3,64),(86,154,4,64),(86,155,5,64),(86,156,6,64),(86,157,7,64),(86,158,8,64),(86,159,9,64),(87,1,1,1),(87,16,22,1),(87,48,128,4),(87,125,1,48),(87,126,2,48),(87,127,3,48),(87,128,4,48),(87,129,5,48),(87,130,6,48),(87,131,7,48),(87,133,1,49),(87,134,2,49),(87,135,3,49),(87,136,4,49),(87,137,5,49),(87,138,6,49),(87,139,7,49),(87,140,8,49),(87,141,9,49),(87,142,1,50),(87,143,2,50),(87,144,3,50),(87,145,4,50),(87,146,5,50),(87,147,6,50),(87,148,7,50),(87,149,8,50),(87,150,9,50),(87,151,1,64),(87,152,2,64),(87,153,3,64),(87,154,4,64),(87,155,5,64),(87,156,6,64),(87,157,7,64),(87,158,8,64),(87,159,9,64),(88,1,1,1),(88,16,22,1),(88,48,128,4),(88,125,1,48),(88,126,2,48),(88,127,3,48),(88,128,4,48),(88,129,5,48),(88,130,6,48),(88,131,7,48),(88,133,1,49),(88,134,2,49),(88,135,3,49),(88,136,4,49),(88,137,5,49),(88,138,6,49),(88,139,7,49),(88,140,8,49),(88,141,9,49),(88,142,1,50),(88,143,2,50),(88,144,3,50),(88,145,4,50),(88,146,5,50),(88,147,6,50),(88,148,7,50),(88,149,8,50),(88,150,9,50),(88,151,1,64),(88,152,2,64),(88,153,3,64),(88,154,4,64),(88,155,5,64),(88,156,6,64),(88,157,7,64),(88,158,8,64),(88,159,9,64),(89,1,1,1),(89,16,22,1),(89,48,128,4),(89,125,1,48),(89,126,2,48),(89,127,3,48),(89,128,4,48),(89,129,5,48),(89,130,6,48),(89,131,7,48),(89,133,1,49),(89,134,2,49),(89,135,3,49),(89,136,4,49),(89,137,5,49),(89,138,6,49),(89,139,7,49),(89,140,8,49),(89,141,9,49),(89,142,1,50),(89,143,2,50),(89,144,3,50),(89,145,4,50),(89,146,5,50),(89,147,6,50),(89,148,7,50),(89,149,8,50),(89,150,9,50),(89,151,1,64),(89,152,2,64),(89,153,3,64),(89,154,4,64),(89,155,5,64),(89,156,6,64),(89,157,7,64),(89,158,8,64),(89,159,9,64),(90,125,1,48),(90,126,2,48),(90,127,3,48),(90,128,4,48),(90,129,5,48),(90,130,6,48),(90,131,7,48),(90,133,1,49),(90,134,2,49),(90,135,3,49),(90,136,4,49),(90,137,5,49),(90,138,6,49),(90,139,7,49),(90,140,8,49),(90,141,9,49),(90,142,1,50),(90,143,2,50),(90,144,3,50),(90,145,4,50),(90,146,5,50),(90,147,6,50),(90,148,7,50),(90,149,8,50),(90,150,9,50),(91,1,1,1),(91,16,22,1),(91,48,128,4),(91,125,1,48),(91,126,2,48),(91,127,3,48),(91,128,4,48),(91,129,5,48),(91,130,6,48),(91,131,7,48),(91,133,1,49),(91,134,2,49),(91,135,3,49),(91,136,4,49),(91,137,5,49),(91,138,6,49),(91,139,7,49),(91,140,8,49),(91,141,9,49),(91,142,1,50),(91,143,2,50),(91,144,3,50),(91,145,4,50),(91,146,5,50),(91,147,6,50),(91,148,7,50),(91,149,8,50),(91,150,9,50),(91,151,1,64),(91,152,2,64),(91,153,3,64),(91,154,4,64),(91,155,5,64),(91,156,6,64),(91,157,7,64),(91,158,8,64),(91,159,9,64),(92,125,1,48),(92,126,2,48),(92,127,3,48),(92,128,4,48),(92,129,5,48),(92,130,6,48),(92,131,7,48),(92,133,1,49),(92,134,2,49),(92,135,3,49),(92,136,4,49),(92,137,5,49),(92,138,6,49),(92,139,7,49),(92,140,8,49),(92,141,9,49),(92,142,1,50),(92,143,2,50),(92,144,3,50),(92,145,4,50),(92,146,5,50),(92,147,6,50),(92,148,7,50),(92,149,8,50),(92,150,9,50),(93,125,1,48),(93,126,2,48),(93,127,3,48),(93,128,4,48),(93,129,5,48),(93,130,6,48),(93,131,7,48),(93,133,1,49),(93,134,2,49),(93,135,3,49),(93,136,4,49),(93,137,5,49),(93,138,6,49),(93,139,7,49),(93,140,8,49),(93,141,9,49),(93,142,1,50),(93,143,2,50),(93,144,3,50),(93,145,4,50),(93,146,5,50),(93,147,6,50),(93,148,7,50),(93,149,8,50),(93,150,9,50),(94,1,1,1),(94,16,22,1),(94,48,128,4),(94,125,1,48),(94,126,2,48),(94,127,3,48),(94,128,4,48),(94,129,5,48),(94,130,6,48),(94,131,7,48),(94,133,1,49),(94,134,2,49),(94,135,3,49),(94,136,4,49),(94,137,5,49),(94,138,6,49),(94,139,7,49),(94,140,8,49),(94,141,9,49),(94,142,1,50),(94,143,2,50),(94,144,3,50),(94,145,4,50),(94,146,5,50),(94,147,6,50),(94,148,7,50),(94,149,8,50),(94,150,9,50),(94,151,1,64),(94,152,2,64),(94,153,3,64),(94,154,4,64),(94,155,5,64),(94,156,6,64),(94,157,7,64),(94,158,8,64),(94,159,9,64),(95,1,1,1),(95,16,22,1),(95,48,128,4),(95,125,1,48),(95,126,2,48),(95,127,3,48),(95,128,4,48),(95,129,5,48),(95,130,6,48),(95,131,7,48),(95,133,1,49),(95,134,2,49),(95,135,3,49),(95,136,4,49),(95,137,5,49),(95,138,6,49),(95,139,7,49),(95,140,8,49),(95,141,9,49),(95,142,1,50),(95,143,2,50),(95,144,3,50),(95,145,4,50),(95,146,5,50),(95,147,6,50),(95,148,7,50),(95,149,8,50),(95,150,9,50),(95,151,1,64),(95,152,2,64),(95,153,3,64),(95,154,4,64),(95,155,5,64),(95,156,6,64),(95,157,7,64),(95,158,8,64),(95,159,9,64),(96,48,128,4),(98,73,1,29),(98,74,2,29),(98,75,3,29),(98,76,4,29),(98,77,1,30),(98,78,2,30),(98,79,3,30),(98,80,4,30),(98,81,1,31),(98,82,2,31),(98,83,3,31),(98,84,4,31),(98,85,1,32),(98,86,2,32),(98,87,3,32),(98,88,4,32),(98,89,1,33),(98,90,2,33),(98,91,3,33),(98,92,4,33),(98,93,1,34),(98,94,2,34),(98,95,3,34),(98,96,4,34),(98,97,1,35),(98,98,2,35),(98,99,3,35),(98,100,4,35),(98,101,5,35),(98,102,1,37),(98,103,2,37),(98,104,3,37),(98,105,4,37),(98,106,5,37),(98,107,1,38),(98,108,2,38),(98,109,3,38),(98,110,4,38),(98,111,5,38),(98,112,1,39),(98,113,2,39),(98,114,3,39),(98,115,4,39),(98,116,5,39),(98,117,1,43),(98,118,2,43),(98,119,3,43),(98,120,4,43),(98,122,1,40),(98,123,1,45),(103,1,1,1),(103,16,22,1),(103,48,128,4),(103,125,1,48),(103,126,2,48),(103,127,3,48),(103,128,4,48),(103,129,5,48),(103,130,6,48),(103,131,7,48),(103,133,1,49),(103,134,2,49),(103,135,3,49),(103,136,4,49),(103,137,5,49),(103,138,6,49),(103,139,7,49),(103,140,8,49),(103,141,9,49),(103,142,1,50),(103,143,2,50),(103,144,3,50),(103,145,4,50),(103,146,5,50),(103,147,6,50),(103,148,7,50),(103,149,8,50),(103,150,9,50),(103,151,1,64),(103,152,2,64),(103,153,3,64),(103,154,4,64),(103,155,5,64),(103,156,6,64),(103,157,7,64),(103,158,8,64),(103,159,9,64),(105,1,1,1),(105,16,22,1),(105,48,128,4),(105,125,1,48),(105,126,2,48),(105,127,3,48),(105,128,4,48),(105,129,5,48),(105,130,6,48),(105,131,7,48),(105,133,1,49),(105,134,2,49),(105,135,3,49),(105,136,4,49),(105,137,5,49),(105,138,6,49),(105,139,7,49),(105,140,8,49),(105,141,9,49),(105,142,1,50),(105,143,2,50),(105,144,3,50),(105,145,4,50),(105,146,5,50),(105,147,6,50),(105,148,7,50),(105,149,8,50),(105,150,9,50),(105,151,1,64),(105,152,2,64),(105,153,3,64),(105,154,4,64),(105,155,5,64),(105,156,6,64),(105,157,7,64),(105,158,8,64),(105,159,9,64),(106,1,1,1),(106,16,22,1),(106,48,128,4),(106,125,1,48),(106,126,2,48),(106,127,3,48),(106,128,4,48),(106,129,5,48),(106,130,6,48),(106,131,7,48),(106,133,1,49),(106,134,2,49),(106,135,3,49),(106,136,4,49),(106,137,5,49),(106,138,6,49),(106,139,7,49),(106,140,8,49),(106,141,9,49),(106,142,1,50),(106,143,2,50),(106,144,3,50),(106,145,4,50),(106,146,5,50),(106,147,6,50),(106,148,7,50),(106,149,8,50),(106,150,9,50),(106,151,1,64),(106,152,2,64),(106,153,3,64),(106,154,4,64),(106,155,5,64),(106,156,6,64),(106,157,7,64),(106,158,8,64),(106,159,9,64),(111,125,1,48),(111,126,2,48),(111,127,3,48),(111,128,4,48),(111,129,5,48),(111,130,6,48),(111,131,7,48),(111,133,1,49),(111,134,2,49),(111,135,3,49),(111,136,4,49),(111,137,5,49),(111,138,6,49),(111,139,7,49),(111,140,8,49),(111,141,9,49),(111,142,1,50),(111,143,2,50),(111,144,3,50),(111,145,4,50),(111,146,5,50),(111,147,6,50),(111,148,7,50),(111,149,8,50),(111,150,9,50),(111,162,8,48),(111,163,9,48),(111,164,10,48),(111,165,11,48),(111,166,12,48),(112,125,1,48),(112,126,2,48),(112,127,3,48),(112,128,4,48),(112,129,5,48),(112,130,6,48),(112,131,7,48),(112,133,1,49),(112,134,2,49),(112,135,3,49),(112,136,4,49),(112,137,5,49),(112,138,6,49),(112,139,7,49),(112,140,8,49),(112,141,9,49),(112,142,1,50),(112,143,2,50),(112,144,3,50),(112,145,4,50),(112,146,5,50),(112,147,6,50),(112,148,7,50),(112,149,8,50),(112,150,9,50),(112,162,8,48),(112,163,9,48),(112,164,10,48),(112,165,11,48),(112,166,12,48),(113,125,1,48),(113,126,2,48),(113,127,3,48),(113,128,4,48),(113,129,5,48),(113,130,6,48),(113,131,7,48),(113,133,1,49),(113,134,2,49),(113,135,3,49),(113,136,4,49),(113,137,5,49),(113,138,6,49),(113,139,7,49),(113,140,8,49),(113,141,9,49),(113,142,1,50),(113,143,2,50),(113,144,3,50),(113,145,4,50),(113,146,5,50),(113,147,6,50),(113,148,7,50),(113,149,8,50),(113,150,9,50),(113,162,8,48),(113,163,9,48),(113,164,10,48),(113,165,11,48),(113,166,12,48),(114,125,1,48),(114,126,2,48),(114,127,3,48),(114,128,4,48),(114,129,5,48),(114,130,6,48),(114,131,7,48),(114,133,1,49),(114,134,2,49),(114,135,3,49),(114,136,4,49),(114,137,5,49),(114,138,6,49),(114,139,7,49),(114,140,8,49),(114,141,9,49),(114,142,1,50),(114,143,2,50),(114,144,3,50),(114,145,4,50),(114,146,5,50),(114,147,6,50),(114,148,7,50),(114,149,8,50),(114,150,9,50),(114,162,8,48),(114,163,9,48),(114,164,10,48),(114,165,11,48),(114,166,12,48),(118,1,1,1),(118,16,22,1),(118,48,128,4),(118,125,1,48),(118,126,2,48),(118,127,3,48),(118,128,4,48),(118,129,5,48),(118,130,6,48),(118,131,7,48),(118,133,1,49),(118,134,2,49),(118,135,3,49),(118,136,4,49),(118,137,5,49),(118,138,6,49),(118,139,7,49),(118,140,8,49),(118,141,9,49),(118,142,1,50),(118,143,2,50),(118,144,3,50),(118,145,4,50),(118,146,5,50),(118,147,6,50),(118,148,7,50),(118,149,8,50),(118,150,9,50),(118,151,1,64),(118,152,2,64),(118,153,3,64),(118,154,4,64),(118,155,5,64),(118,156,6,64),(118,157,7,64),(118,158,8,64),(118,159,9,64),(118,162,8,48),(118,163,9,48),(118,164,10,48),(118,165,11,48),(118,166,12,48),(118,167,10,49),(118,168,11,49),(118,169,12,49),(118,170,13,49),(129,125,1,48),(129,126,2,48),(129,127,3,48),(129,128,4,48),(129,129,5,48),(129,130,6,48),(129,131,7,48),(129,162,8,48),(129,163,9,48),(129,164,10,48),(129,165,11,48),(129,166,12,48),(130,125,1,48),(130,126,2,48),(130,127,3,48),(130,128,4,48),(130,129,5,48),(130,130,6,48),(130,131,7,48),(130,162,8,48),(130,163,9,48),(130,164,10,48),(130,165,11,48),(130,166,12,48),(131,125,1,48),(131,126,2,48),(131,127,3,48),(131,128,4,48),(131,129,5,48),(131,130,6,48),(131,131,7,48),(131,133,1,49),(131,134,2,49),(131,135,3,49),(131,136,4,49),(131,137,5,49),(131,138,6,49),(131,139,7,49),(131,140,8,49),(131,141,9,49),(131,142,1,50),(131,143,2,50),(131,144,3,50),(131,145,4,50),(131,146,5,50),(131,147,6,50),(131,148,7,50),(131,149,8,50),(131,150,9,50),(131,162,8,48),(131,163,9,48),(131,164,10,48),(131,165,11,48),(131,166,12,48),(131,167,10,49),(131,168,11,49),(131,169,12,49),(131,170,13,49),(132,1,1,1),(132,16,22,1),(132,48,128,4),(132,125,1,48),(132,126,2,48),(132,127,3,48),(132,128,4,48),(132,129,5,48),(132,130,6,48),(132,131,7,48),(132,133,1,49),(132,134,2,49),(132,135,3,49),(132,136,4,49),(132,137,5,49),(132,138,6,49),(132,139,7,49),(132,140,8,49),(132,141,9,49),(132,142,1,50),(132,143,2,50),(132,144,3,50),(132,145,4,50),(132,146,5,50),(132,147,6,50),(132,148,7,50),(132,149,8,50),(132,150,9,50),(132,151,1,64),(132,152,2,64),(132,153,3,64),(132,154,4,64),(132,155,5,64),(132,156,6,64),(132,157,7,64),(132,158,8,64),(132,159,9,64),(132,162,8,48),(132,163,9,48),(132,164,10,48),(132,165,11,48),(132,166,12,48),(132,167,10,49),(132,168,11,49),(132,169,12,49),(132,170,13,49),(133,1,1,1),(133,16,22,1),(133,48,128,4),(133,125,1,48),(133,126,2,48),(133,127,3,48),(133,128,4,48),(133,129,5,48),(133,130,6,48),(133,131,7,48),(133,133,1,49),(133,134,2,49),(133,135,3,49),(133,136,4,49),(133,137,5,49),(133,138,6,49),(133,139,7,49),(133,140,8,49),(133,141,9,49),(133,142,1,50),(133,143,2,50),(133,144,3,50),(133,145,4,50),(133,146,5,50),(133,147,6,50),(133,148,7,50),(133,149,8,50),(133,150,9,50),(133,151,1,64),(133,152,2,64),(133,153,3,64),(133,154,4,64),(133,155,5,64),(133,156,6,64),(133,157,7,64),(133,158,8,64),(133,159,9,64),(133,162,8,48),(133,163,9,48),(133,164,10,48),(133,165,11,48),(133,166,12,48),(133,167,10,49),(133,168,11,49),(133,169,12,49),(133,170,13,49),(135,125,1,48),(135,126,2,48),(135,127,3,48),(135,128,4,48),(135,129,5,48),(135,130,6,48),(135,131,7,48),(135,162,8,48),(135,163,9,48),(135,164,10,48),(135,165,11,48),(135,166,12,48),(136,125,1,48),(136,126,2,48),(136,127,3,48),(136,128,4,48),(136,129,5,48),(136,130,6,48),(136,131,7,48),(136,162,8,48),(136,163,9,48),(136,164,10,48),(136,165,11,48),(136,166,12,48),(137,125,1,48),(137,126,2,48),(137,127,3,48),(137,128,4,48),(137,129,5,48),(137,130,6,48),(137,131,7,48),(137,162,8,48),(137,163,9,48),(137,164,10,48),(137,165,11,48),(137,166,12,48),(143,125,1,48),(143,126,2,48),(143,127,3,48),(143,128,4,48),(143,129,5,48),(143,130,6,48),(143,131,7,48),(143,133,1,49),(143,134,2,49),(143,135,3,49),(143,136,4,49),(143,137,5,49),(143,138,6,49),(143,139,7,49),(143,140,8,49),(143,141,9,49),(143,142,1,50),(143,143,2,50),(143,144,3,50),(143,145,4,50),(143,146,5,50),(143,147,6,50),(143,148,7,50),(143,149,8,50),(143,150,9,50),(143,162,8,48),(143,163,9,48),(143,164,10,48),(143,165,11,48),(143,166,12,48),(143,167,10,49),(143,168,11,49),(143,169,12,49),(143,170,13,49),(155,125,1,48),(155,126,2,48),(155,127,3,48),(155,128,4,48),(155,129,5,48),(155,130,6,48),(155,131,7,48),(155,162,8,48),(155,163,9,48),(155,164,10,48),(155,165,11,48),(155,166,12,48),(156,133,1,49),(156,134,2,49),(156,135,3,49),(156,136,4,49),(156,137,5,49),(156,138,6,49),(156,139,7,49),(156,140,8,49),(156,141,9,49),(156,167,10,49),(156,168,11,49),(156,169,12,49),(156,170,13,49),(157,125,1,48),(157,126,2,48),(157,127,3,48),(157,128,4,48),(157,129,5,48),(157,130,6,48),(157,131,7,48),(157,133,1,49),(157,134,2,49),(157,135,3,49),(157,136,4,49),(157,137,5,49),(157,138,6,49),(157,139,7,49),(157,140,8,49),(157,141,9,49),(157,142,1,50),(157,143,2,50),(157,144,3,50),(157,145,4,50),(157,146,5,50),(157,147,6,50),(157,148,7,50),(157,149,8,50),(157,150,9,50),(157,162,8,48),(157,163,9,48),(157,164,10,48),(157,165,11,48),(157,166,12,48),(157,167,10,49),(157,168,11,49),(157,169,12,49),(157,170,13,49),(158,133,1,49),(158,134,2,49),(158,135,3,49),(158,136,4,49),(158,137,5,49),(158,138,6,49),(158,139,7,49),(158,140,8,49),(158,141,9,49),(158,167,10,49),(158,168,11,49),(158,169,12,49),(158,170,13,49),(159,133,1,49),(159,134,2,49),(159,135,3,49),(159,136,4,49),(159,137,5,49),(159,138,6,49),(159,139,7,49),(159,140,8,49),(159,141,9,49),(159,167,10,49),(159,168,11,49),(159,169,12,49),(159,170,13,49),(160,133,1,49),(160,134,2,49),(160,135,3,49),(160,136,4,49),(160,137,5,49),(160,138,6,49),(160,139,7,49),(160,140,8,49),(160,141,9,49),(160,167,10,49),(160,168,11,49),(160,169,12,49),(160,170,13,49),(161,133,1,49),(161,134,2,49),(161,135,3,49),(161,136,4,49),(161,137,5,49),(161,138,6,49),(161,139,7,49),(161,140,8,49),(161,141,9,49),(161,167,10,49),(161,168,11,49),(161,169,12,49),(161,170,13,49),(162,133,1,49),(162,134,2,49),(162,135,3,49),(162,136,4,49),(162,137,5,49),(162,138,6,49),(162,139,7,49),(162,140,8,49),(162,141,9,49),(162,167,10,49),(162,168,11,49),(162,169,12,49),(162,170,13,49),(164,125,1,48),(164,126,2,48),(164,127,3,48),(164,128,4,48),(164,129,5,48),(164,130,6,48),(164,131,7,48),(164,162,8,48),(164,163,9,48),(164,164,10,48),(164,165,11,48),(164,166,12,48),(165,125,1,48),(165,126,2,48),(165,127,3,48),(165,128,4,48),(165,129,5,48),(165,130,6,48),(165,131,7,48),(165,162,8,48),(165,163,9,48),(165,164,10,48),(165,165,11,48),(165,166,12,48),(166,125,1,48),(166,126,2,48),(166,127,3,48),(166,128,4,48),(166,129,5,48),(166,130,6,48),(166,131,7,48),(166,162,8,48),(166,163,9,48),(166,164,10,48),(166,165,11,48),(166,166,12,48),(167,125,1,48),(167,126,2,48),(167,127,3,48),(167,128,4,48),(167,129,5,48),(167,130,6,48),(167,131,7,48),(167,162,8,48),(167,163,9,48),(167,164,10,48),(167,165,11,48),(167,166,12,48),(168,125,1,48),(168,126,2,48),(168,127,3,48),(168,128,4,48),(168,129,5,48),(168,130,6,48),(168,131,7,48),(168,162,8,48),(168,163,9,48),(168,164,10,48),(168,165,11,48),(168,166,12,48),(172,125,1,48),(172,126,2,48),(172,127,3,48),(172,128,4,48),(172,129,5,48),(172,130,6,48),(172,131,7,48),(172,162,8,48),(172,163,9,48),(172,164,10,48),(172,165,11,48),(172,166,12,48),(176,2,2,11),(176,3,1,11),(176,4,3,11),(176,5,4,11),(177,125,1,48),(177,126,2,48),(177,127,3,48),(177,128,4,48),(177,129,5,48),(177,130,6,48),(177,131,7,48),(177,162,8,48),(177,163,9,48),(177,164,10,48),(177,165,11,48),(177,166,12,48),(183,125,1,48),(183,126,2,48),(183,127,3,48),(183,128,4,48),(183,129,5,48),(183,130,6,48),(183,131,7,48),(183,162,8,48),(183,163,9,48),(183,164,10,48),(183,165,11,48),(183,166,12,48),(188,133,1,49),(188,134,2,49),(188,135,3,49),(188,136,4,49),(188,137,5,49),(188,138,6,49),(188,139,7,49),(188,140,8,49),(188,141,9,49),(188,167,10,49),(188,168,11,49),(188,169,12,49),(188,170,13,49),(189,133,1,49),(189,134,2,49),(189,135,3,49),(189,136,4,49),(189,137,5,49),(189,138,6,49),(189,139,7,49),(189,140,8,49),(189,141,9,49),(189,167,10,49),(189,168,11,49),(189,169,12,49),(189,170,13,49);
/*!40000 ALTER TABLE `bericht_inventur_ebene` ENABLE KEYS */;
UNLOCK TABLES;

--
-- Table structure for table `bericht_inventur_etage`
--

DROP TABLE IF EXISTS `bericht_inventur_etage`;
/*!40101 SET @saved_cs_client     = @@character_set_client */;
/*!40101 SET character_set_client = utf8 */;
CREATE TABLE `bericht_inventur_etage` (
  `fk_bericht_id` int(10) unsigned NOT NULL,
  `id` int(10) unsigned NOT NULL,
  `name` varchar(35) COLLATE utf8_unicode_ci NOT NULL,
  `fk_halle` int(10) unsigned NOT NULL,
  PRIMARY KEY (`fk_bericht_id`,`id`) USING BTREE
) ENGINE=InnoDB DEFAULT CHARSET=utf8 COLLATE=utf8_unicode_ci;
/*!40101 SET character_set_client = @saved_cs_client */;

--
-- Dumping data for table `bericht_inventur_etage`
--

LOCK TABLES `bericht_inventur_etage` WRITE;
/*!40000 ALTER TABLE `bericht_inventur_etage` DISABLE KEYS */;
INSERT INTO `bericht_inventur_etage` VALUES (83,1,'Lager über dem E.Werkstatt',83),(83,5,'E.Werkstatt',83),(83,13,'Obergeschoss E.Werkstatt',83),(83,14,'Schraubenlager',83),(84,1,'Lager über dem E.Werkstatt',84),(84,5,'E.Werkstatt',84),(84,13,'Obergeschoss E.Werkstatt',84),(84,14,'Schraubenlager',84),(85,1,'Lager über dem E.Werkstatt',85),(85,5,'E.Werkstatt',85),(85,13,'Obergeschoss E.Werkstatt',85),(85,14,'Schraubenlager',85),(86,1,'Lager über dem E.Werkstatt',86),(86,5,'E.Werkstatt',86),(86,13,'Obergeschoss E.Werkstatt',86),(86,14,'Schraubenlager',86),(87,1,'Lager über dem E.Werkstatt',87),(87,5,'E.Werkstatt',87),(87,13,'Obergeschoss E.Werkstatt',87),(87,14,'Schraubenlager',87),(88,1,'Lager über dem E.Werkstatt',88),(88,5,'E.Werkstatt',88),(88,13,'Obergeschoss E.Werkstatt',88),(88,14,'Schraubenlager',88),(89,1,'Lager über dem E.Werkstatt',89),(89,5,'E.Werkstatt',89),(89,13,'Obergeschoss E.Werkstatt',89),(89,14,'Schraubenlager',89),(90,1,'Lager über dem E.Werkstatt',90),(90,5,'E.Werkstatt',90),(90,13,'Obergeschoss E.Werkstatt',90),(90,14,'Schraubenlager',90),(91,1,'Lager über dem E.Werkstatt',91),(91,5,'E.Werkstatt',91),(91,13,'Obergeschoss E.Werkstatt',91),(91,14,'Schraubenlager',91),(92,1,'Lager über dem E.Werkstatt',92),(92,5,'E.Werkstatt',92),(92,13,'Obergeschoss E.Werkstatt',92),(92,14,'Schraubenlager',92),(93,1,'Lager über dem E.Werkstatt',93),(93,5,'E.Werkstatt',93),(93,13,'Obergeschoss E.Werkstatt',93),(93,14,'Schraubenlager',93),(94,1,'Lager über dem E.Werkstatt',94),(94,5,'E.Werkstatt',94),(94,13,'Obergeschoss E.Werkstatt',94),(94,14,'Schraubenlager',94),(95,1,'Lager über dem E.Werkstatt',95),(95,5,'E.Werkstatt',95),(95,13,'Obergeschoss E.Werkstatt',95),(95,14,'Schraubenlager',95),(96,1,'Lager über dem E.Werkstatt',96),(96,5,'E.Werkstatt',96),(96,13,'Obergeschoss E.Werkstatt',96),(96,14,'Schraubenlager',96),(98,3,'Obergeschoss E.Ofen',98),(98,4,'E.OfenKeller',98),(98,15,'Ofenleitstand',98),(102,6,'SchreinereiKeller',102),(103,1,'Lager über dem E.Werkstatt',103),(103,5,'E.Werkstatt',103),(103,13,'Obergeschoss E.Werkstatt',103),(103,14,'Schraubenlager',103),(104,1,'Lager über dem E.Werkstatt',104),(104,5,'E.Werkstatt',104),(104,13,'Obergeschoss E.Werkstatt',104),(104,14,'Schraubenlager',104),(105,1,'Lager über dem E.Werkstatt',105),(105,5,'E.Werkstatt',105),(105,13,'Obergeschoss E.Werkstatt',105),(105,14,'Schraubenlager',105),(106,1,'Lager über dem E.Werkstatt',106),(106,5,'E.Werkstatt',106),(106,13,'Obergeschoss E.Werkstatt',106),(106,14,'Schraubenlager',106),(111,1,'Lager über dem E.Werkstatt',111),(111,5,'E.Werkstatt',111),(111,13,'Obergeschoss E.Werkstatt',111),(111,14,'Schraubenlager',111),(112,1,'Lager über dem E.Werkstatt',112),(112,5,'E.Werkstatt',112),(112,13,'Obergeschoss E.Werkstatt',112),(112,14,'Schraubenlager',112),(113,1,'Lager über dem E.Werkstatt',113),(113,5,'E.Werkstatt',113),(113,13,'Obergeschoss E.Werkstatt',113),(113,14,'Schraubenlager',113),(114,1,'Lager über dem E.Werkstatt',114),(114,5,'E.Werkstatt',114),(114,13,'Obergeschoss E.Werkstatt',114),(114,14,'Schraubenlager',114),(118,1,'Lager über dem E.Werkstatt',118),(118,5,'E.Werkstatt',118),(118,13,'Obergeschoss E.Werkstatt',118),(118,14,'Schraubenlager',118),(129,1,'Lager über dem E.Werkstatt',129),(129,5,'E.Werkstatt',129),(129,13,'Obergeschoss E.Werkstatt',129),(129,14,'Schraubenlager',129),(130,1,'Lager über dem E.Werkstatt',130),(130,5,'E.Werkstatt',130),(130,13,'Obergeschoss E.Werkstatt',130),(130,14,'Schraubenlager',130),(131,1,'Lager über dem E.Werkstatt',131),(131,5,'E.Werkstatt',131),(131,13,'Obergeschoss E.Werkstatt',131),(131,14,'Schraubenlager',131),(132,1,'Lager über dem E.Werkstatt',132),(132,5,'E.Werkstatt',132),(132,13,'Obergeschoss E.Werkstatt',132),(132,14,'Schraubenlager',132),(133,1,'Lager über dem E.Werkstatt',133),(133,5,'E.Werkstatt',133),(133,13,'Obergeschoss E.Werkstatt',133),(133,14,'Schraubenlager',133),(135,1,'Lager über dem E.Werkstatt',135),(135,5,'E.Werkstatt',135),(135,13,'Obergeschoss E.Werkstatt',135),(135,14,'Schraubenlager',135),(136,1,'Lager über dem E.Werkstatt',136),(136,5,'E.Werkstatt',136),(136,13,'Obergeschoss E.Werkstatt',136),(136,14,'Schraubenlager',136),(137,1,'Lager über dem E.Werkstatt',137),(137,5,'E.Werkstatt',137),(137,13,'Obergeschoss E.Werkstatt',137),(137,14,'Schraubenlager',137),(143,1,'Lager über dem E.Werkstatt',143),(143,5,'E.Werkstatt',143),(143,13,'Obergeschoss E.Werkstatt',143),(143,14,'Schraubenlager',143),(155,1,'Lager über dem E.Werkstatt',155),(155,5,'E.Werkstatt',155),(155,13,'Obergeschoss E.Werkstatt',155),(155,14,'Schraubenlager',155),(156,1,'Lager über dem E.Werkstatt',156),(156,5,'E.Werkstatt',156),(156,13,'Obergeschoss E.Werkstatt',156),(156,14,'Schraubenlager',156),(157,1,'Lager über dem E.Werkstatt',157),(157,5,'E.Werkstatt',157),(157,13,'Obergeschoss E.Werkstatt',157),(157,14,'Schraubenlager',157),(158,1,'Lager über dem E.Werkstatt',158),(158,5,'E.Werkstatt',158),(158,13,'Obergeschoss E.Werkstatt',158),(158,14,'Schraubenlager',158),(159,1,'Lager über dem E.Werkstatt',159),(159,5,'E.Werkstatt',159),(159,13,'Obergeschoss E.Werkstatt',159),(159,14,'Schraubenlager',159),(160,1,'Lager über dem E.Werkstatt',160),(160,5,'E.Werkstatt',160),(160,13,'Obergeschoss E.Werkstatt',160),(160,14,'Schraubenlager',160),(161,1,'Lager über dem E.Werkstatt',161),(161,5,'E.Werkstatt',161),(161,13,'Obergeschoss E.Werkstatt',161),(161,14,'Schraubenlager',161),(162,1,'Lager über dem E.Werkstatt',162),(162,5,'E.Werkstatt',162),(162,13,'Obergeschoss E.Werkstatt',162),(162,14,'Schraubenlager',162),(164,1,'Lager über dem E.Werkstatt',164),(164,5,'E.Werkstatt',164),(164,13,'Obergeschoss E.Werkstatt',164),(164,14,'Schraubenlager',164),(165,1,'Lager über dem E.Werkstatt',165),(165,5,'E.Werkstatt',165),(165,13,'Obergeschoss E.Werkstatt',165),(165,14,'Schraubenlager',165),(166,1,'Lager über dem E.Werkstatt',166),(166,5,'E.Werkstatt',166),(166,13,'Obergeschoss E.Werkstatt',166),(166,14,'Schraubenlager',166),(167,1,'Lager über dem E.Werkstatt',167),(167,5,'E.Werkstatt',167),(167,13,'Obergeschoss E.Werkstatt',167),(167,14,'Schraubenlager',167),(168,1,'Lager über dem E.Werkstatt',168),(168,5,'E.Werkstatt',168),(168,13,'Obergeschoss E.Werkstatt',168),(168,14,'Schraubenlager',168),(172,1,'Lager über dem E.Werkstatt',172),(172,5,'E.Werkstatt',172),(172,13,'Obergeschoss E.Werkstatt',172),(172,14,'Schraubenlager',172),(176,11,'Eisenlager',176),(176,12,'KranersatzzeileLager',176),(177,1,'Lager über dem E.Werkstatt',177),(177,5,'E.Werkstatt',177),(177,13,'Obergeschoss E.Werkstatt',177),(177,14,'Schraubenlager',177),(183,1,'Lager über dem E.Werkstatt',183),(183,5,'E.Werkstatt',183),(183,13,'Obergeschoss E.Werkstatt',183),(183,14,'Schraubenlager',183),(188,1,'Lager über dem E.Werkstatt',188),(188,5,'E.Werkstatt',188),(188,13,'Obergeschoss E.Werkstatt',188),(188,14,'Schraubenlager',188),(189,1,'Lager über dem E.Werkstatt',189),(189,5,'E.Werkstatt',189),(189,13,'Obergeschoss E.Werkstatt',189),(189,14,'Schraubenlager',189);
/*!40000 ALTER TABLE `bericht_inventur_etage` ENABLE KEYS */;
UNLOCK TABLES;

--
-- Table structure for table `bericht_inventur_halle`
--

DROP TABLE IF EXISTS `bericht_inventur_halle`;
/*!40101 SET @saved_cs_client     = @@character_set_client */;
/*!40101 SET character_set_client = utf8 */;
CREATE TABLE `bericht_inventur_halle` (
  `fk_bericht_id` int(10) unsigned NOT NULL,
  `id` int(10) unsigned NOT NULL,
  `name` varchar(35) COLLATE utf8_unicode_ci NOT NULL,
  `nummer` int(10) unsigned DEFAULT NULL,
  PRIMARY KEY (`fk_bericht_id`,`id`) USING BTREE
) ENGINE=InnoDB DEFAULT CHARSET=utf8 COLLATE=utf8_unicode_ci;
/*!40101 SET character_set_client = @saved_cs_client */;

--
-- Dumping data for table `bericht_inventur_halle`
--

LOCK TABLES `bericht_inventur_halle` WRITE;
/*!40000 ALTER TABLE `bericht_inventur_halle` DISABLE KEYS */;
INSERT INTO `bericht_inventur_halle` VALUES (83,1,'03 Schlosserei',NULL),(84,1,'03 Schlosserei',NULL),(85,1,'03 Schlosserei',NULL),(86,1,'03 Schlosserei',NULL),(87,1,'03 Schlosserei',NULL),(88,1,'03 Schlosserei',NULL),(89,1,'03 Schlosserei',NULL),(90,1,'03 Schlosserei',NULL),(91,1,'03 Schlosserei',NULL),(92,1,'03 Schlosserei',NULL),(93,1,'03 Schlosserei',NULL),(94,1,'03 Schlosserei',NULL),(95,1,'03 Schlosserei',NULL),(96,1,'03 Schlosserei',NULL),(97,17,'Bergerhalle',NULL),(98,7,'E.OfenHalle',NULL),(99,11,'Gattierungshalle',NULL),(100,2,'Gießhalle 1',NULL),(101,23,'Kupolofenhalle',NULL),(102,13,'Schreinerei',NULL),(103,1,'03 Schlosserei',NULL),(104,1,'03 Schlosserei',NULL),(105,1,'03 Schlosserei',NULL),(106,1,'03 Schlosserei',NULL),(111,1,'03 Schlosserei',NULL),(112,1,'03 Schlosserei',NULL),(113,1,'03 Schlosserei',NULL),(114,1,'03 Schlosserei',NULL),(118,1,'03 Schlosserei',NULL),(129,1,'03 Schlosserei',NULL),(130,1,'03 Schlosserei',NULL),(131,1,'03 Schlosserei',NULL),(132,1,'03 Schlosserei',NULL),(133,1,'03 Schlosserei',NULL),(135,1,'03 Schlosserei',NULL),(136,1,'03 Schlosserei',NULL),(137,1,'03 Schlosserei',NULL),(143,1,'03 Schlosserei',NULL),(155,1,'Schlosserei',NULL),(156,1,'Schlosserei',NULL),(157,1,'Schlosserei',NULL),(158,1,'Schlosserei',NULL),(159,1,'Schlosserei',NULL),(160,1,'Schlosserei',NULL),(161,1,'Schlosserei',NULL),(162,1,'Schlosserei',NULL),(164,1,'Schlosserei',1),(165,1,'Schlosserei',1),(166,1,'Schlosserei',1),(167,1,'Schlosserei',1),(168,1,'Schlosserei',1),(172,1,'Schlosserei',1),(176,15,'Modellager',15),(177,1,'Schlosserei',1),(183,1,'Schlosserei',1),(188,1,'Schlosserei',1),(189,1,'Schlosserei',1);
/*!40000 ALTER TABLE `bericht_inventur_halle` ENABLE KEYS */;
UNLOCK TABLES;

--
-- Table structure for table `bericht_inventur_position`
--

DROP TABLE IF EXISTS `bericht_inventur_position`;
/*!40101 SET @saved_cs_client     = @@character_set_client */;
/*!40101 SET character_set_client = utf8 */;
CREATE TABLE `bericht_inventur_position` (
  `fk_bericht_id` int(10) unsigned NOT NULL,
  `id` int(10) unsigned NOT NULL,
  `nummer` int(10) unsigned NOT NULL,
  `fk_ebene` int(10) unsigned NOT NULL,
  PRIMARY KEY (`fk_bericht_id`,`id`) USING BTREE
) ENGINE=InnoDB DEFAULT CHARSET=utf8 COLLATE=utf8_unicode_ci;
/*!40101 SET character_set_client = @saved_cs_client */;

--
-- Dumping data for table `bericht_inventur_position`
--

LOCK TABLES `bericht_inventur_position` WRITE;
/*!40000 ALTER TABLE `bericht_inventur_position` DISABLE KEYS */;
INSERT INTO `bericht_inventur_position` VALUES (83,1,1,1),(83,2,2,1),(83,5,3,1),(83,6,4,1),(83,206,1,48),(83,207,2,48),(83,208,3,48),(83,209,4,48),(83,336,1,126),(83,337,2,126),(83,338,3,126),(83,339,4,126),(83,340,5,126),(83,341,6,126),(83,354,1,127),(83,355,2,127),(83,356,3,127),(83,357,4,127),(83,358,5,127),(83,359,6,127),(83,360,7,127),(83,361,8,127),(83,362,9,127),(83,363,10,127),(83,364,1,128),(83,365,2,128),(83,366,3,128),(83,367,4,128),(83,368,1,129),(83,369,2,129),(83,370,3,129),(83,371,4,129),(83,372,5,129),(83,373,6,129),(83,374,7,129),(83,378,5,128),(83,382,8,129),(83,383,1,130),(83,384,2,130),(83,385,3,130),(83,386,4,130),(83,387,1,131),(83,388,2,131),(83,389,3,131),(83,390,4,131),(83,391,5,131),(83,392,6,131),(83,393,7,131),(83,396,7,151),(83,397,6,151),(83,398,5,151),(83,399,4,151),(83,400,3,151),(83,401,2,151),(83,402,1,151),(83,403,1,152),(83,404,2,152),(83,405,3,152),(83,406,4,152),(83,407,5,152),(83,408,6,152),(83,409,7,152),(83,410,8,152),(83,411,1,153),(83,412,2,153),(83,413,3,153),(83,414,4,153),(83,415,5,153),(83,416,6,153),(83,417,7,153),(83,418,8,153),(83,419,1,154),(83,420,2,154),(83,421,3,154),(83,422,4,154),(83,423,5,154),(83,424,6,154),(83,425,7,154),(83,426,8,154),(83,427,1,155),(83,428,2,155),(83,429,3,155),(83,430,4,155),(83,431,5,155),(83,432,6,155),(83,433,7,155),(83,434,8,155),(84,1,1,1),(84,2,2,1),(84,5,3,1),(84,6,4,1),(84,206,1,48),(84,207,2,48),(84,208,3,48),(84,209,4,48),(84,336,1,126),(84,337,2,126),(84,338,3,126),(84,339,4,126),(84,340,5,126),(84,341,6,126),(84,354,1,127),(84,355,2,127),(84,356,3,127),(84,357,4,127),(84,358,5,127),(84,359,6,127),(84,360,7,127),(84,361,8,127),(84,362,9,127),(84,363,10,127),(84,364,1,128),(84,365,2,128),(84,366,3,128),(84,367,4,128),(84,368,1,129),(84,369,2,129),(84,370,3,129),(84,371,4,129),(84,372,5,129),(84,373,6,129),(84,374,7,129),(84,378,5,128),(84,382,8,129),(84,383,1,130),(84,384,2,130),(84,385,3,130),(84,386,4,130),(84,387,1,131),(84,388,2,131),(84,389,3,131),(84,390,4,131),(84,391,5,131),(84,392,6,131),(84,393,7,131),(84,396,7,151),(84,397,6,151),(84,398,5,151),(84,399,4,151),(84,400,3,151),(84,401,2,151),(84,402,1,151),(84,403,1,152),(84,404,2,152),(84,405,3,152),(84,406,4,152),(84,407,5,152),(84,408,6,152),(84,409,7,152),(84,410,8,152),(84,411,1,153),(84,412,2,153),(84,413,3,153),(84,414,4,153),(84,415,5,153),(84,416,6,153),(84,417,7,153),(84,418,8,153),(84,419,1,154),(84,420,2,154),(84,421,3,154),(84,422,4,154),(84,423,5,154),(84,424,6,154),(84,425,7,154),(84,426,8,154),(84,427,1,155),(84,428,2,155),(84,429,3,155),(84,430,4,155),(84,431,5,155),(84,432,6,155),(84,433,7,155),(84,434,8,155),(85,336,1,126),(85,337,2,126),(85,338,3,126),(85,339,4,126),(85,340,5,126),(85,341,6,126),(85,354,1,127),(85,355,2,127),(85,356,3,127),(85,357,4,127),(85,358,5,127),(85,359,6,127),(85,360,7,127),(85,361,8,127),(85,362,9,127),(85,363,10,127),(85,364,1,128),(85,365,2,128),(85,366,3,128),(85,367,4,128),(85,368,1,129),(85,369,2,129),(85,370,3,129),(85,371,4,129),(85,372,5,129),(85,373,6,129),(85,374,7,129),(85,378,5,128),(85,382,8,129),(85,383,1,130),(85,384,2,130),(85,385,3,130),(85,386,4,130),(85,387,1,131),(85,388,2,131),(85,389,3,131),(85,390,4,131),(85,391,5,131),(85,392,6,131),(85,393,7,131),(86,1,1,1),(86,2,2,1),(86,5,3,1),(86,6,4,1),(86,206,1,48),(86,207,2,48),(86,208,3,48),(86,209,4,48),(86,336,1,126),(86,337,2,126),(86,338,3,126),(86,339,4,126),(86,340,5,126),(86,341,6,126),(86,354,1,127),(86,355,2,127),(86,356,3,127),(86,357,4,127),(86,358,5,127),(86,359,6,127),(86,360,7,127),(86,361,8,127),(86,362,9,127),(86,363,10,127),(86,364,1,128),(86,365,2,128),(86,366,3,128),(86,367,4,128),(86,368,1,129),(86,369,2,129),(86,370,3,129),(86,371,4,129),(86,372,5,129),(86,373,6,129),(86,374,7,129),(86,378,5,128),(86,382,8,129),(86,383,1,130),(86,384,2,130),(86,385,3,130),(86,386,4,130),(86,387,1,131),(86,388,2,131),(86,389,3,131),(86,390,4,131),(86,391,5,131),(86,392,6,131),(86,393,7,131),(86,396,7,151),(86,397,6,151),(86,398,5,151),(86,399,4,151),(86,400,3,151),(86,401,2,151),(86,402,1,151),(86,403,1,152),(86,404,2,152),(86,405,3,152),(86,406,4,152),(86,407,5,152),(86,408,6,152),(86,409,7,152),(86,410,8,152),(86,411,1,153),(86,412,2,153),(86,413,3,153),(86,414,4,153),(86,415,5,153),(86,416,6,153),(86,417,7,153),(86,418,8,153),(86,419,1,154),(86,420,2,154),(86,421,3,154),(86,422,4,154),(86,423,5,154),(86,424,6,154),(86,425,7,154),(86,426,8,154),(86,427,1,155),(86,428,2,155),(86,429,3,155),(86,430,4,155),(86,431,5,155),(86,432,6,155),(86,433,7,155),(86,434,8,155),(87,1,1,1),(87,2,2,1),(87,5,3,1),(87,6,4,1),(87,206,1,48),(87,207,2,48),(87,208,3,48),(87,209,4,48),(87,336,1,126),(87,337,2,126),(87,338,3,126),(87,339,4,126),(87,340,5,126),(87,341,6,126),(87,354,1,127),(87,355,2,127),(87,356,3,127),(87,357,4,127),(87,358,5,127),(87,359,6,127),(87,360,7,127),(87,361,8,127),(87,362,9,127),(87,363,10,127),(87,364,1,128),(87,365,2,128),(87,366,3,128),(87,367,4,128),(87,368,1,129),(87,369,2,129),(87,370,3,129),(87,371,4,129),(87,372,5,129),(87,373,6,129),(87,374,7,129),(87,378,5,128),(87,382,8,129),(87,383,1,130),(87,384,2,130),(87,385,3,130),(87,386,4,130),(87,387,1,131),(87,388,2,131),(87,389,3,131),(87,390,4,131),(87,391,5,131),(87,392,6,131),(87,393,7,131),(87,396,7,151),(87,397,6,151),(87,398,5,151),(87,399,4,151),(87,400,3,151),(87,401,2,151),(87,402,1,151),(87,403,1,152),(87,404,2,152),(87,405,3,152),(87,406,4,152),(87,407,5,152),(87,408,6,152),(87,409,7,152),(87,410,8,152),(87,411,1,153),(87,412,2,153),(87,413,3,153),(87,414,4,153),(87,415,5,153),(87,416,6,153),(87,417,7,153),(87,418,8,153),(87,419,1,154),(87,420,2,154),(87,421,3,154),(87,422,4,154),(87,423,5,154),(87,424,6,154),(87,425,7,154),(87,426,8,154),(87,427,1,155),(87,428,2,155),(87,429,3,155),(87,430,4,155),(87,431,5,155),(87,432,6,155),(87,433,7,155),(87,434,8,155),(88,1,1,1),(88,2,2,1),(88,5,3,1),(88,6,4,1),(88,206,1,48),(88,207,2,48),(88,208,3,48),(88,209,4,48),(88,336,1,126),(88,337,2,126),(88,338,3,126),(88,339,4,126),(88,340,5,126),(88,341,6,126),(88,354,1,127),(88,355,2,127),(88,356,3,127),(88,357,4,127),(88,358,5,127),(88,359,6,127),(88,360,7,127),(88,361,8,127),(88,362,9,127),(88,363,10,127),(88,364,1,128),(88,365,2,128),(88,366,3,128),(88,367,4,128),(88,368,1,129),(88,369,2,129),(88,370,3,129),(88,371,4,129),(88,372,5,129),(88,373,6,129),(88,374,7,129),(88,378,5,128),(88,382,8,129),(88,383,1,130),(88,384,2,130),(88,385,3,130),(88,386,4,130),(88,387,1,131),(88,388,2,131),(88,389,3,131),(88,390,4,131),(88,391,5,131),(88,392,6,131),(88,393,7,131),(88,396,7,151),(88,397,6,151),(88,398,5,151),(88,399,4,151),(88,400,3,151),(88,401,2,151),(88,402,1,151),(88,403,1,152),(88,404,2,152),(88,405,3,152),(88,406,4,152),(88,407,5,152),(88,408,6,152),(88,409,7,152),(88,410,8,152),(88,411,1,153),(88,412,2,153),(88,413,3,153),(88,414,4,153),(88,415,5,153),(88,416,6,153),(88,417,7,153),(88,418,8,153),(88,419,1,154),(88,420,2,154),(88,421,3,154),(88,422,4,154),(88,423,5,154),(88,424,6,154),(88,425,7,154),(88,426,8,154),(88,427,1,155),(88,428,2,155),(88,429,3,155),(88,430,4,155),(88,431,5,155),(88,432,6,155),(88,433,7,155),(88,434,8,155),(89,1,1,1),(89,2,2,1),(89,5,3,1),(89,6,4,1),(89,206,1,48),(89,207,2,48),(89,208,3,48),(89,209,4,48),(89,336,1,126),(89,337,2,126),(89,338,3,126),(89,339,4,126),(89,340,5,126),(89,341,6,126),(89,354,1,127),(89,355,2,127),(89,356,3,127),(89,357,4,127),(89,358,5,127),(89,359,6,127),(89,360,7,127),(89,361,8,127),(89,362,9,127),(89,363,10,127),(89,364,1,128),(89,365,2,128),(89,366,3,128),(89,367,4,128),(89,368,1,129),(89,369,2,129),(89,370,3,129),(89,371,4,129),(89,372,5,129),(89,373,6,129),(89,374,7,129),(89,378,5,128),(89,382,8,129),(89,383,1,130),(89,384,2,130),(89,385,3,130),(89,386,4,130),(89,387,1,131),(89,388,2,131),(89,389,3,131),(89,390,4,131),(89,391,5,131),(89,392,6,131),(89,393,7,131),(89,396,7,151),(89,397,6,151),(89,398,5,151),(89,399,4,151),(89,400,3,151),(89,401,2,151),(89,402,1,151),(89,403,1,152),(89,404,2,152),(89,405,3,152),(89,406,4,152),(89,407,5,152),(89,408,6,152),(89,409,7,152),(89,410,8,152),(89,411,1,153),(89,412,2,153),(89,413,3,153),(89,414,4,153),(89,415,5,153),(89,416,6,153),(89,417,7,153),(89,418,8,153),(89,419,1,154),(89,420,2,154),(89,421,3,154),(89,422,4,154),(89,423,5,154),(89,424,6,154),(89,425,7,154),(89,426,8,154),(89,427,1,155),(89,428,2,155),(89,429,3,155),(89,430,4,155),(89,431,5,155),(89,432,6,155),(89,433,7,155),(89,434,8,155),(90,336,1,126),(90,337,2,126),(90,338,3,126),(90,339,4,126),(90,340,5,126),(90,341,6,126),(90,354,1,127),(90,355,2,127),(90,356,3,127),(90,357,4,127),(90,358,5,127),(90,359,6,127),(90,360,7,127),(90,361,8,127),(90,362,9,127),(90,363,10,127),(90,364,1,128),(90,365,2,128),(90,366,3,128),(90,367,4,128),(90,368,1,129),(90,369,2,129),(90,370,3,129),(90,371,4,129),(90,372,5,129),(90,373,6,129),(90,374,7,129),(90,378,5,128),(90,382,8,129),(90,383,1,130),(90,384,2,130),(90,385,3,130),(90,386,4,130),(90,387,1,131),(90,388,2,131),(90,389,3,131),(90,390,4,131),(90,391,5,131),(90,392,6,131),(90,393,7,131),(91,1,1,1),(91,2,2,1),(91,5,3,1),(91,6,4,1),(91,206,1,48),(91,207,2,48),(91,208,3,48),(91,209,4,48),(91,336,1,126),(91,337,2,126),(91,338,3,126),(91,339,4,126),(91,340,5,126),(91,341,6,126),(91,354,1,127),(91,355,2,127),(91,356,3,127),(91,357,4,127),(91,358,5,127),(91,359,6,127),(91,360,7,127),(91,361,8,127),(91,362,9,127),(91,363,10,127),(91,364,1,128),(91,365,2,128),(91,366,3,128),(91,367,4,128),(91,368,1,129),(91,369,2,129),(91,370,3,129),(91,371,4,129),(91,372,5,129),(91,373,6,129),(91,374,7,129),(91,378,5,128),(91,382,8,129),(91,383,1,130),(91,384,2,130),(91,385,3,130),(91,386,4,130),(91,387,1,131),(91,388,2,131),(91,389,3,131),(91,390,4,131),(91,391,5,131),(91,392,6,131),(91,393,7,131),(91,396,7,151),(91,397,6,151),(91,398,5,151),(91,399,4,151),(91,400,3,151),(91,401,2,151),(91,402,1,151),(91,403,1,152),(91,404,2,152),(91,405,3,152),(91,406,4,152),(91,407,5,152),(91,408,6,152),(91,409,7,152),(91,410,8,152),(91,411,1,153),(91,412,2,153),(91,413,3,153),(91,414,4,153),(91,415,5,153),(91,416,6,153),(91,417,7,153),(91,418,8,153),(91,419,1,154),(91,420,2,154),(91,421,3,154),(91,422,4,154),(91,423,5,154),(91,424,6,154),(91,425,7,154),(91,426,8,154),(91,427,1,155),(91,428,2,155),(91,429,3,155),(91,430,4,155),(91,431,5,155),(91,432,6,155),(91,433,7,155),(91,434,8,155),(92,336,1,126),(92,337,2,126),(92,338,3,126),(92,339,4,126),(92,340,5,126),(92,341,6,126),(92,354,1,127),(92,355,2,127),(92,356,3,127),(92,357,4,127),(92,358,5,127),(92,359,6,127),(92,360,7,127),(92,361,8,127),(92,362,9,127),(92,363,10,127),(92,364,1,128),(92,365,2,128),(92,366,3,128),(92,367,4,128),(92,368,1,129),(92,369,2,129),(92,370,3,129),(92,371,4,129),(92,372,5,129),(92,373,6,129),(92,374,7,129),(92,378,5,128),(92,382,8,129),(92,383,1,130),(92,384,2,130),(92,385,3,130),(92,386,4,130),(92,387,1,131),(92,388,2,131),(92,389,3,131),(92,390,4,131),(92,391,5,131),(92,392,6,131),(92,393,7,131),(93,336,1,126),(93,337,2,126),(93,338,3,126),(93,339,4,126),(93,340,5,126),(93,341,6,126),(93,354,1,127),(93,355,2,127),(93,356,3,127),(93,357,4,127),(93,358,5,127),(93,359,6,127),(93,360,7,127),(93,361,8,127),(93,362,9,127),(93,363,10,127),(93,364,1,128),(93,365,2,128),(93,366,3,128),(93,367,4,128),(93,368,1,129),(93,369,2,129),(93,370,3,129),(93,371,4,129),(93,372,5,129),(93,373,6,129),(93,374,7,129),(93,378,5,128),(93,382,8,129),(93,383,1,130),(93,384,2,130),(93,385,3,130),(93,386,4,130),(93,387,1,131),(93,388,2,131),(93,389,3,131),(93,390,4,131),(93,391,5,131),(93,392,6,131),(93,393,7,131),(94,1,1,1),(94,2,2,1),(94,5,3,1),(94,6,4,1),(94,206,1,48),(94,207,2,48),(94,208,3,48),(94,209,4,48),(94,336,1,126),(94,337,2,126),(94,338,3,126),(94,339,4,126),(94,340,5,126),(94,341,6,126),(94,354,1,127),(94,355,2,127),(94,356,3,127),(94,357,4,127),(94,358,5,127),(94,359,6,127),(94,360,7,127),(94,361,8,127),(94,362,9,127),(94,363,10,127),(94,364,1,128),(94,365,2,128),(94,366,3,128),(94,367,4,128),(94,368,1,129),(94,369,2,129),(94,370,3,129),(94,371,4,129),(94,372,5,129),(94,373,6,129),(94,374,7,129),(94,378,5,128),(94,382,8,129),(94,383,1,130),(94,384,2,130),(94,385,3,130),(94,386,4,130),(94,387,1,131),(94,388,2,131),(94,389,3,131),(94,390,4,131),(94,391,5,131),(94,392,6,131),(94,393,7,131),(94,396,7,151),(94,397,6,151),(94,398,5,151),(94,399,4,151),(94,400,3,151),(94,401,2,151),(94,402,1,151),(94,403,1,152),(94,404,2,152),(94,405,3,152),(94,406,4,152),(94,407,5,152),(94,408,6,152),(94,409,7,152),(94,410,8,152),(94,411,1,153),(94,412,2,153),(94,413,3,153),(94,414,4,153),(94,415,5,153),(94,416,6,153),(94,417,7,153),(94,418,8,153),(94,419,1,154),(94,420,2,154),(94,421,3,154),(94,422,4,154),(94,423,5,154),(94,424,6,154),(94,425,7,154),(94,426,8,154),(94,427,1,155),(94,428,2,155),(94,429,3,155),(94,430,4,155),(94,431,5,155),(94,432,6,155),(94,433,7,155),(94,434,8,155),(95,1,1,1),(95,2,2,1),(95,5,3,1),(95,6,4,1),(95,206,1,48),(95,207,2,48),(95,208,3,48),(95,209,4,48),(95,336,1,126),(95,337,2,126),(95,338,3,126),(95,339,4,126),(95,340,5,126),(95,341,6,126),(95,354,1,127),(95,355,2,127),(95,356,3,127),(95,357,4,127),(95,358,5,127),(95,359,6,127),(95,360,7,127),(95,361,8,127),(95,362,9,127),(95,363,10,127),(95,364,1,128),(95,365,2,128),(95,366,3,128),(95,367,4,128),(95,368,1,129),(95,369,2,129),(95,370,3,129),(95,371,4,129),(95,372,5,129),(95,373,6,129),(95,374,7,129),(95,378,5,128),(95,382,8,129),(95,383,1,130),(95,384,2,130),(95,385,3,130),(95,386,4,130),(95,387,1,131),(95,388,2,131),(95,389,3,131),(95,390,4,131),(95,391,5,131),(95,392,6,131),(95,393,7,131),(95,396,7,151),(95,397,6,151),(95,398,5,151),(95,399,4,151),(95,400,3,151),(95,401,2,151),(95,402,1,151),(95,403,1,152),(95,404,2,152),(95,405,3,152),(95,406,4,152),(95,407,5,152),(95,408,6,152),(95,409,7,152),(95,410,8,152),(95,411,1,153),(95,412,2,153),(95,413,3,153),(95,414,4,153),(95,415,5,153),(95,416,6,153),(95,417,7,153),(95,418,8,153),(95,419,1,154),(95,420,2,154),(95,421,3,154),(95,422,4,154),(95,423,5,154),(95,424,6,154),(95,425,7,154),(95,426,8,154),(95,427,1,155),(95,428,2,155),(95,429,3,155),(95,430,4,155),(95,431,5,155),(95,432,6,155),(95,433,7,155),(95,434,8,155),(96,206,1,48),(96,207,2,48),(96,208,3,48),(96,209,4,48),(103,1,1,1),(103,2,2,1),(103,5,3,1),(103,6,4,1),(103,206,1,48),(103,207,2,48),(103,208,3,48),(103,209,4,48),(103,336,1,126),(103,337,2,126),(103,338,3,126),(103,339,4,126),(103,340,5,126),(103,341,6,126),(103,354,1,127),(103,355,2,127),(103,356,3,127),(103,357,4,127),(103,358,5,127),(103,359,6,127),(103,360,7,127),(103,361,8,127),(103,362,9,127),(103,363,10,127),(103,364,1,128),(103,365,2,128),(103,366,3,128),(103,367,4,128),(103,368,1,129),(103,369,2,129),(103,370,3,129),(103,371,4,129),(103,372,5,129),(103,373,6,129),(103,374,7,129),(103,378,5,128),(103,382,8,129),(103,383,1,130),(103,384,2,130),(103,385,3,130),(103,386,4,130),(103,387,1,131),(103,388,2,131),(103,389,3,131),(103,390,4,131),(103,391,5,131),(103,392,6,131),(103,393,7,131),(103,396,7,151),(103,397,6,151),(103,398,5,151),(103,399,4,151),(103,400,3,151),(103,401,2,151),(103,402,1,151),(103,403,1,152),(103,404,2,152),(103,405,3,152),(103,406,4,152),(103,407,5,152),(103,408,6,152),(103,409,7,152),(103,410,8,152),(103,411,1,153),(103,412,2,153),(103,413,3,153),(103,414,4,153),(103,415,5,153),(103,416,6,153),(103,417,7,153),(103,418,8,153),(103,419,1,154),(103,420,2,154),(103,421,3,154),(103,422,4,154),(103,423,5,154),(103,424,6,154),(103,425,7,154),(103,426,8,154),(103,427,1,155),(103,428,2,155),(103,429,3,155),(103,430,4,155),(103,431,5,155),(103,432,6,155),(103,433,7,155),(103,434,8,155),(105,1,1,1),(105,2,2,1),(105,5,3,1),(105,6,4,1),(105,206,1,48),(105,207,2,48),(105,208,3,48),(105,209,4,48),(105,336,1,126),(105,337,2,126),(105,338,3,126),(105,339,4,126),(105,340,5,126),(105,341,6,126),(105,354,1,127),(105,355,2,127),(105,356,3,127),(105,357,4,127),(105,358,5,127),(105,359,6,127),(105,360,7,127),(105,361,8,127),(105,362,9,127),(105,363,10,127),(105,364,1,128),(105,365,2,128),(105,366,3,128),(105,367,4,128),(105,368,1,129),(105,369,2,129),(105,370,3,129),(105,371,4,129),(105,372,5,129),(105,373,6,129),(105,374,7,129),(105,378,5,128),(105,382,8,129),(105,383,1,130),(105,384,2,130),(105,385,3,130),(105,386,4,130),(105,387,1,131),(105,388,2,131),(105,389,3,131),(105,390,4,131),(105,391,5,131),(105,392,6,131),(105,393,7,131),(105,396,7,151),(105,397,6,151),(105,398,5,151),(105,399,4,151),(105,400,3,151),(105,401,2,151),(105,402,1,151),(105,403,1,152),(105,404,2,152),(105,405,3,152),(105,406,4,152),(105,407,5,152),(105,408,6,152),(105,409,7,152),(105,410,8,152),(105,411,1,153),(105,412,2,153),(105,413,3,153),(105,414,4,153),(105,415,5,153),(105,416,6,153),(105,417,7,153),(105,418,8,153),(105,419,1,154),(105,420,2,154),(105,421,3,154),(105,422,4,154),(105,423,5,154),(105,424,6,154),(105,425,7,154),(105,426,8,154),(105,427,1,155),(105,428,2,155),(105,429,3,155),(105,430,4,155),(105,431,5,155),(105,432,6,155),(105,433,7,155),(105,434,8,155),(106,1,1,1),(106,2,2,1),(106,5,3,1),(106,6,4,1),(106,206,1,48),(106,207,2,48),(106,208,3,48),(106,209,4,48),(106,336,1,126),(106,337,2,126),(106,338,3,126),(106,339,4,126),(106,340,5,126),(106,341,6,126),(106,354,1,127),(106,355,2,127),(106,356,3,127),(106,357,4,127),(106,358,5,127),(106,359,6,127),(106,360,7,127),(106,361,8,127),(106,362,9,127),(106,363,10,127),(106,364,1,128),(106,365,2,128),(106,366,3,128),(106,367,4,128),(106,368,1,129),(106,369,2,129),(106,370,3,129),(106,371,4,129),(106,372,5,129),(106,373,6,129),(106,374,7,129),(106,378,5,128),(106,382,8,129),(106,383,1,130),(106,384,2,130),(106,385,3,130),(106,386,4,130),(106,387,1,131),(106,388,2,131),(106,389,3,131),(106,390,4,131),(106,391,5,131),(106,392,6,131),(106,393,7,131),(106,396,7,151),(106,397,6,151),(106,398,5,151),(106,399,4,151),(106,400,3,151),(106,401,2,151),(106,402,1,151),(106,403,1,152),(106,404,2,152),(106,405,3,152),(106,406,4,152),(106,407,5,152),(106,408,6,152),(106,409,7,152),(106,410,8,152),(106,411,1,153),(106,412,2,153),(106,413,3,153),(106,414,4,153),(106,415,5,153),(106,416,6,153),(106,417,7,153),(106,418,8,153),(106,419,1,154),(106,420,2,154),(106,421,3,154),(106,422,4,154),(106,423,5,154),(106,424,6,154),(106,425,7,154),(106,426,8,154),(106,427,1,155),(106,428,2,155),(106,429,3,155),(106,430,4,155),(106,431,5,155),(106,432,6,155),(106,433,7,155),(106,434,8,155),(111,336,1,126),(111,337,2,126),(111,338,3,126),(111,339,4,126),(111,340,5,126),(111,341,6,126),(111,354,1,127),(111,355,2,127),(111,356,3,127),(111,357,4,127),(111,358,5,127),(111,359,6,127),(111,360,7,127),(111,361,8,127),(111,362,9,127),(111,363,10,127),(111,364,1,128),(111,365,2,128),(111,366,3,128),(111,367,4,128),(111,368,1,129),(111,369,2,129),(111,370,3,129),(111,371,4,129),(111,372,5,129),(111,373,6,129),(111,374,7,129),(111,378,5,128),(111,382,8,129),(111,383,1,130),(111,384,2,130),(111,385,3,130),(111,386,4,130),(111,387,1,131),(111,388,2,131),(111,389,3,131),(111,390,4,131),(111,391,5,131),(111,392,6,131),(111,393,7,131),(111,439,8,131),(111,440,9,131),(111,441,10,131),(111,442,1,162),(111,443,2,162),(111,444,3,162),(111,445,4,162),(111,446,5,162),(111,447,6,162),(111,448,7,162),(111,449,7,163),(111,450,6,163),(111,451,5,163),(111,452,4,163),(111,453,3,163),(111,454,2,163),(111,455,1,163),(111,456,1,164),(111,457,2,164),(111,458,3,164),(111,459,4,164),(111,460,5,164),(111,461,6,164),(111,462,7,164),(111,463,1,165),(111,464,2,165),(111,465,3,165),(111,466,4,165),(111,467,5,165),(111,468,6,165),(111,469,7,165),(111,470,8,165),(111,471,1,166),(111,472,2,166),(111,473,3,166),(111,474,4,166),(111,475,5,166),(111,476,6,166),(111,477,7,166),(111,478,8,166),(112,336,1,126),(112,337,2,126),(112,338,3,126),(112,339,4,126),(112,340,5,126),(112,341,6,126),(112,354,1,127),(112,355,2,127),(112,356,3,127),(112,357,4,127),(112,358,5,127),(112,359,6,127),(112,360,7,127),(112,361,8,127),(112,362,9,127),(112,363,10,127),(112,364,1,128),(112,365,2,128),(112,366,3,128),(112,367,4,128),(112,368,1,129),(112,369,2,129),(112,370,3,129),(112,371,4,129),(112,372,5,129),(112,373,6,129),(112,374,7,129),(112,378,5,128),(112,382,8,129),(112,383,1,130),(112,384,2,130),(112,385,3,130),(112,386,4,130),(112,387,1,131),(112,388,2,131),(112,389,3,131),(112,390,4,131),(112,391,5,131),(112,392,6,131),(112,393,7,131),(112,439,8,131),(112,440,9,131),(112,441,10,131),(112,442,1,162),(112,443,2,162),(112,444,3,162),(112,445,4,162),(112,446,5,162),(112,447,6,162),(112,448,7,162),(112,449,7,163),(112,450,6,163),(112,451,5,163),(112,452,4,163),(112,453,3,163),(112,454,2,163),(112,455,1,163),(112,456,1,164),(112,457,2,164),(112,458,3,164),(112,459,4,164),(112,460,5,164),(112,461,6,164),(112,462,7,164),(112,463,1,165),(112,464,2,165),(112,465,3,165),(112,466,4,165),(112,467,5,165),(112,468,6,165),(112,469,7,165),(112,470,8,165),(112,471,1,166),(112,472,2,166),(112,473,3,166),(112,474,4,166),(112,475,5,166),(112,476,6,166),(112,477,7,166),(112,478,8,166),(113,336,1,126),(113,337,2,126),(113,338,3,126),(113,339,4,126),(113,340,5,126),(113,341,6,126),(113,354,1,127),(113,355,2,127),(113,356,3,127),(113,357,4,127),(113,358,5,127),(113,359,6,127),(113,360,7,127),(113,361,8,127),(113,362,9,127),(113,363,10,127),(113,364,1,128),(113,365,2,128),(113,366,3,128),(113,367,4,128),(113,368,1,129),(113,369,2,129),(113,370,3,129),(113,371,4,129),(113,372,5,129),(113,373,6,129),(113,374,7,129),(113,378,5,128),(113,382,8,129),(113,383,1,130),(113,384,2,130),(113,385,3,130),(113,386,4,130),(113,387,1,131),(113,388,2,131),(113,389,3,131),(113,390,4,131),(113,391,5,131),(113,392,6,131),(113,393,7,131),(113,439,8,131),(113,440,9,131),(113,441,10,131),(113,442,1,162),(113,443,2,162),(113,444,3,162),(113,445,4,162),(113,446,5,162),(113,447,6,162),(113,448,7,162),(113,449,7,163),(113,450,6,163),(113,451,5,163),(113,452,4,163),(113,453,3,163),(113,454,2,163),(113,455,1,163),(113,456,1,164),(113,457,2,164),(113,458,3,164),(113,459,4,164),(113,460,5,164),(113,461,6,164),(113,462,7,164),(113,463,1,165),(113,464,2,165),(113,465,3,165),(113,466,4,165),(113,467,5,165),(113,468,6,165),(113,469,7,165),(113,470,8,165),(113,471,1,166),(113,472,2,166),(113,473,3,166),(113,474,4,166),(113,475,5,166),(113,476,6,166),(113,477,7,166),(113,478,8,166),(114,336,1,126),(114,337,2,126),(114,338,3,126),(114,339,4,126),(114,340,5,126),(114,341,6,126),(114,354,1,127),(114,355,2,127),(114,356,3,127),(114,357,4,127),(114,358,5,127),(114,359,6,127),(114,360,7,127),(114,361,8,127),(114,362,9,127),(114,363,10,127),(114,364,1,128),(114,365,2,128),(114,366,3,128),(114,367,4,128),(114,368,1,129),(114,369,2,129),(114,370,3,129),(114,371,4,129),(114,372,5,129),(114,373,6,129),(114,374,7,129),(114,378,5,128),(114,382,8,129),(114,383,1,130),(114,384,2,130),(114,385,3,130),(114,386,4,130),(114,387,1,131),(114,388,2,131),(114,389,3,131),(114,390,4,131),(114,391,5,131),(114,392,6,131),(114,393,7,131),(114,442,1,162),(114,443,2,162),(114,444,3,162),(114,445,4,162),(114,446,5,162),(114,447,6,162),(114,448,7,162),(114,452,4,163),(114,453,3,163),(114,454,2,163),(114,455,1,163),(114,456,1,164),(114,457,2,164),(114,458,3,164),(114,459,4,164),(114,460,5,164),(114,461,6,164),(114,462,7,164),(114,463,1,165),(114,464,2,165),(114,465,3,165),(114,466,4,165),(114,467,5,165),(114,468,6,165),(114,471,1,166),(114,472,2,166),(114,473,3,166),(114,474,4,166),(114,475,5,166),(118,1,1,1),(118,2,2,1),(118,5,3,1),(118,6,4,1),(118,206,1,48),(118,207,2,48),(118,208,3,48),(118,209,4,48),(118,336,1,126),(118,337,2,126),(118,338,3,126),(118,339,4,126),(118,340,5,126),(118,341,6,126),(118,354,1,127),(118,355,2,127),(118,356,3,127),(118,357,4,127),(118,358,5,127),(118,359,6,127),(118,360,7,127),(118,361,8,127),(118,362,9,127),(118,363,10,127),(118,364,1,128),(118,365,2,128),(118,366,3,128),(118,367,4,128),(118,368,1,129),(118,369,2,129),(118,370,3,129),(118,371,4,129),(118,372,5,129),(118,373,6,129),(118,374,7,129),(118,378,5,128),(118,382,8,129),(118,383,1,130),(118,384,2,130),(118,385,3,130),(118,386,4,130),(118,387,1,131),(118,388,2,131),(118,389,3,131),(118,390,4,131),(118,391,5,131),(118,392,6,131),(118,393,7,131),(118,396,7,151),(118,397,6,151),(118,398,5,151),(118,399,4,151),(118,400,3,151),(118,401,2,151),(118,402,1,151),(118,403,1,152),(118,404,2,152),(118,405,3,152),(118,406,4,152),(118,407,5,152),(118,408,6,152),(118,409,7,152),(118,410,8,152),(118,411,1,153),(118,412,2,153),(118,413,3,153),(118,414,4,153),(118,415,5,153),(118,416,6,153),(118,417,7,153),(118,418,8,153),(118,419,1,154),(118,420,2,154),(118,421,3,154),(118,422,4,154),(118,423,5,154),(118,424,6,154),(118,425,7,154),(118,426,8,154),(118,427,1,155),(118,428,2,155),(118,429,3,155),(118,430,4,155),(118,431,5,155),(118,432,6,155),(118,433,7,155),(118,434,8,155),(118,442,1,162),(118,443,2,162),(118,444,3,162),(118,445,4,162),(118,446,5,162),(118,447,6,162),(118,448,7,162),(118,452,4,163),(118,453,3,163),(118,454,2,163),(118,455,1,163),(118,456,1,164),(118,457,2,164),(118,458,3,164),(118,459,4,164),(118,460,5,164),(118,461,6,164),(118,462,7,164),(118,463,1,165),(118,464,2,165),(118,465,3,165),(118,466,4,165),(118,467,5,165),(118,468,6,165),(118,471,1,166),(118,472,2,166),(118,473,3,166),(118,474,4,166),(118,475,5,166),(118,495,1,134),(118,496,2,134),(118,497,3,134),(118,498,4,134),(118,499,5,134),(118,500,6,134),(118,501,7,134),(118,502,8,134),(118,503,9,134),(118,504,10,134),(118,505,1,135),(118,506,2,135),(118,507,3,135),(118,508,4,135),(118,509,5,135),(118,510,10,135),(118,511,6,135),(118,512,7,135),(118,513,8,135),(118,514,9,135),(118,515,1,136),(118,516,2,136),(118,517,3,136),(118,518,4,136),(118,519,5,136),(118,520,6,136),(118,521,7,136),(118,522,8,136),(118,523,9,136),(118,524,10,136),(118,525,1,137),(118,526,2,137),(118,527,3,137),(118,528,4,137),(118,529,5,137),(118,530,6,137),(118,531,7,137),(118,532,8,137),(118,533,9,137),(118,534,10,137),(118,535,1,138),(118,536,2,138),(118,537,3,138),(118,538,4,138),(118,539,5,138),(118,540,6,138),(118,541,7,138),(118,542,8,138),(118,543,9,138),(118,544,10,138),(118,545,1,139),(118,546,2,139),(118,547,3,139),(118,548,4,139),(118,549,5,139),(118,550,6,139),(118,551,7,139),(118,552,8,139),(118,553,9,139),(118,554,10,139),(118,555,1,140),(118,556,2,140),(118,557,3,140),(118,558,4,140),(118,559,1,141),(118,560,2,141),(118,561,3,141),(118,562,4,141),(118,563,1,167),(118,564,2,167),(118,565,3,167),(118,566,4,167),(118,567,1,168),(118,568,2,168),(118,569,3,168),(118,570,4,168),(118,571,1,169),(118,572,2,169),(118,573,3,169),(118,574,4,169),(118,575,1,170),(118,576,2,170),(118,577,3,170),(118,578,4,170),(129,336,1,126),(129,337,2,126),(129,338,3,126),(129,339,4,126),(129,340,5,126),(129,341,6,126),(129,354,1,127),(129,355,2,127),(129,356,3,127),(129,357,4,127),(129,358,5,127),(129,359,6,127),(129,360,7,127),(129,361,8,127),(129,362,9,127),(129,363,10,127),(129,364,1,128),(129,365,2,128),(129,366,3,128),(129,367,4,128),(129,368,1,129),(129,369,2,129),(129,370,3,129),(129,371,4,129),(129,372,5,129),(129,373,6,129),(129,374,7,129),(129,378,5,128),(129,382,8,129),(129,383,1,130),(129,384,2,130),(129,385,3,130),(129,386,4,130),(129,387,1,131),(129,388,2,131),(129,389,3,131),(129,390,4,131),(129,391,5,131),(129,392,6,131),(129,393,7,131),(129,442,1,162),(129,443,2,162),(129,444,3,162),(129,445,4,162),(129,446,5,162),(129,447,6,162),(129,448,7,162),(129,452,4,163),(129,453,3,163),(129,454,2,163),(129,455,1,163),(129,456,1,164),(129,457,2,164),(129,458,3,164),(129,459,4,164),(129,460,5,164),(129,461,6,164),(129,462,7,164),(129,463,1,165),(129,464,2,165),(129,465,3,165),(129,466,4,165),(129,467,5,165),(129,468,6,165),(129,471,1,166),(129,472,2,166),(129,473,3,166),(129,474,4,166),(129,475,5,166),(130,336,1,126),(130,337,2,126),(130,338,3,126),(130,339,4,126),(130,340,5,126),(130,341,6,126),(130,354,1,127),(130,355,2,127),(130,356,3,127),(130,357,4,127),(130,358,5,127),(130,359,6,127),(130,360,7,127),(130,361,8,127),(130,362,9,127),(130,363,10,127),(130,364,1,128),(130,365,2,128),(130,366,3,128),(130,367,4,128),(130,368,1,129),(130,369,2,129),(130,370,3,129),(130,371,4,129),(130,372,5,129),(130,373,6,129),(130,374,7,129),(130,378,5,128),(130,382,8,129),(130,383,1,130),(130,384,2,130),(130,385,3,130),(130,386,4,130),(130,387,1,131),(130,388,2,131),(130,389,3,131),(130,390,4,131),(130,391,5,131),(130,392,6,131),(130,393,7,131),(130,442,1,162),(130,443,2,162),(130,444,3,162),(130,445,4,162),(130,446,5,162),(130,447,6,162),(130,448,7,162),(130,452,4,163),(130,453,3,163),(130,454,2,163),(130,455,1,163),(130,456,1,164),(130,457,2,164),(130,458,3,164),(130,459,4,164),(130,460,5,164),(130,461,6,164),(130,462,7,164),(130,463,1,165),(130,464,2,165),(130,465,3,165),(130,466,4,165),(130,467,5,165),(130,468,6,165),(130,471,1,166),(130,472,2,166),(130,473,3,166),(130,474,4,166),(130,475,5,166),(131,336,1,126),(131,337,2,126),(131,338,3,126),(131,339,4,126),(131,340,5,126),(131,341,6,126),(131,354,1,127),(131,355,2,127),(131,356,3,127),(131,357,4,127),(131,358,5,127),(131,359,6,127),(131,360,7,127),(131,361,8,127),(131,362,9,127),(131,363,10,127),(131,364,1,128),(131,365,2,128),(131,366,3,128),(131,367,4,128),(131,368,1,129),(131,369,2,129),(131,370,3,129),(131,371,4,129),(131,372,5,129),(131,373,6,129),(131,374,7,129),(131,378,5,128),(131,382,8,129),(131,383,1,130),(131,384,2,130),(131,385,3,130),(131,386,4,130),(131,387,1,131),(131,388,2,131),(131,389,3,131),(131,390,4,131),(131,391,5,131),(131,392,6,131),(131,393,7,131),(131,442,1,162),(131,443,2,162),(131,444,3,162),(131,445,4,162),(131,446,5,162),(131,447,6,162),(131,448,7,162),(131,452,4,163),(131,453,3,163),(131,454,2,163),(131,455,1,163),(131,456,1,164),(131,457,2,164),(131,458,3,164),(131,459,4,164),(131,460,5,164),(131,461,6,164),(131,462,7,164),(131,463,1,165),(131,464,2,165),(131,465,3,165),(131,466,4,165),(131,467,5,165),(131,468,6,165),(131,471,1,166),(131,472,2,166),(131,473,3,166),(131,474,4,166),(131,475,5,166),(131,495,1,134),(131,496,2,134),(131,497,3,134),(131,498,4,134),(131,499,5,134),(131,500,6,134),(131,501,7,134),(131,502,8,134),(131,503,9,134),(131,504,10,134),(131,505,1,135),(131,506,2,135),(131,507,3,135),(131,508,4,135),(131,509,5,135),(131,510,10,135),(131,511,6,135),(131,512,7,135),(131,513,8,135),(131,514,9,135),(131,515,1,136),(131,516,2,136),(131,517,3,136),(131,518,4,136),(131,519,5,136),(131,520,6,136),(131,521,7,136),(131,522,8,136),(131,523,9,136),(131,524,10,136),(131,525,1,137),(131,526,2,137),(131,527,3,137),(131,528,4,137),(131,529,5,137),(131,530,6,137),(131,531,7,137),(131,532,8,137),(131,533,9,137),(131,534,10,137),(131,535,1,138),(131,536,2,138),(131,537,3,138),(131,538,4,138),(131,539,5,138),(131,540,6,138),(131,541,7,138),(131,542,8,138),(131,543,9,138),(131,544,10,138),(131,545,1,139),(131,546,2,139),(131,547,3,139),(131,548,4,139),(131,549,5,139),(131,550,6,139),(131,551,7,139),(131,552,8,139),(131,553,9,139),(131,554,10,139),(131,555,1,140),(131,556,2,140),(131,557,3,140),(131,558,4,140),(131,559,1,141),(131,560,2,141),(131,561,3,141),(131,562,4,141),(131,563,1,167),(131,564,2,167),(131,565,3,167),(131,566,4,167),(131,567,1,168),(131,568,2,168),(131,569,3,168),(131,570,4,168),(131,571,1,169),(131,572,2,169),(131,573,3,169),(131,574,4,169),(131,575,1,170),(131,576,2,170),(131,577,3,170),(131,578,4,170),(132,1,1,1),(132,2,2,1),(132,5,3,1),(132,6,4,1),(132,206,1,48),(132,207,2,48),(132,208,3,48),(132,209,4,48),(132,336,1,126),(132,337,2,126),(132,338,3,126),(132,339,4,126),(132,340,5,126),(132,341,6,126),(132,354,1,127),(132,355,2,127),(132,356,3,127),(132,357,4,127),(132,358,5,127),(132,359,6,127),(132,360,7,127),(132,361,8,127),(132,362,9,127),(132,363,10,127),(132,364,1,128),(132,365,2,128),(132,366,3,128),(132,367,4,128),(132,368,1,129),(132,369,2,129),(132,370,3,129),(132,371,4,129),(132,372,5,129),(132,373,6,129),(132,374,7,129),(132,378,5,128),(132,382,8,129),(132,383,1,130),(132,384,2,130),(132,385,3,130),(132,386,4,130),(132,387,1,131),(132,388,2,131),(132,389,3,131),(132,390,4,131),(132,391,5,131),(132,392,6,131),(132,393,7,131),(132,396,7,151),(132,397,6,151),(132,398,5,151),(132,399,4,151),(132,400,3,151),(132,401,2,151),(132,402,1,151),(132,403,1,152),(132,404,2,152),(132,405,3,152),(132,406,4,152),(132,407,5,152),(132,408,6,152),(132,409,7,152),(132,410,8,152),(132,411,1,153),(132,412,2,153),(132,413,3,153),(132,414,4,153),(132,415,5,153),(132,416,6,153),(132,417,7,153),(132,418,8,153),(132,419,1,154),(132,420,2,154),(132,421,3,154),(132,422,4,154),(132,423,5,154),(132,424,6,154),(132,425,7,154),(132,426,8,154),(132,427,1,155),(132,428,2,155),(132,429,3,155),(132,430,4,155),(132,431,5,155),(132,432,6,155),(132,433,7,155),(132,434,8,155),(132,442,1,162),(132,443,2,162),(132,444,3,162),(132,445,4,162),(132,446,5,162),(132,447,6,162),(132,448,7,162),(132,452,4,163),(132,453,3,163),(132,454,2,163),(132,455,1,163),(132,456,1,164),(132,457,2,164),(132,458,3,164),(132,459,4,164),(132,460,5,164),(132,461,6,164),(132,462,7,164),(132,463,1,165),(132,464,2,165),(132,465,3,165),(132,466,4,165),(132,467,5,165),(132,468,6,165),(132,471,1,166),(132,472,2,166),(132,473,3,166),(132,474,4,166),(132,475,5,166),(132,495,1,134),(132,496,2,134),(132,497,3,134),(132,498,4,134),(132,499,5,134),(132,500,6,134),(132,501,7,134),(132,502,8,134),(132,503,9,134),(132,504,10,134),(132,505,1,135),(132,506,2,135),(132,507,3,135),(132,508,4,135),(132,509,5,135),(132,510,10,135),(132,511,6,135),(132,512,7,135),(132,513,8,135),(132,514,9,135),(132,515,1,136),(132,516,2,136),(132,517,3,136),(132,518,4,136),(132,519,5,136),(132,520,6,136),(132,521,7,136),(132,522,8,136),(132,523,9,136),(132,524,10,136),(132,525,1,137),(132,526,2,137),(132,527,3,137),(132,528,4,137),(132,529,5,137),(132,530,6,137),(132,531,7,137),(132,532,8,137),(132,533,9,137),(132,534,10,137),(132,535,1,138),(132,536,2,138),(132,537,3,138),(132,538,4,138),(132,539,5,138),(132,540,6,138),(132,541,7,138),(132,542,8,138),(132,543,9,138),(132,544,10,138),(132,545,1,139),(132,546,2,139),(132,547,3,139),(132,548,4,139),(132,549,5,139),(132,550,6,139),(132,551,7,139),(132,552,8,139),(132,553,9,139),(132,554,10,139),(132,555,1,140),(132,556,2,140),(132,557,3,140),(132,558,4,140),(132,559,1,141),(132,560,2,141),(132,561,3,141),(132,562,4,141),(132,563,1,167),(132,564,2,167),(132,565,3,167),(132,566,4,167),(132,567,1,168),(132,568,2,168),(132,569,3,168),(132,570,4,168),(132,571,1,169),(132,572,2,169),(132,573,3,169),(132,574,4,169),(132,575,1,170),(132,576,2,170),(132,577,3,170),(132,578,4,170),(133,1,1,1),(133,2,2,1),(133,5,3,1),(133,6,4,1),(133,206,1,48),(133,207,2,48),(133,208,3,48),(133,209,4,48),(133,336,1,126),(133,337,2,126),(133,338,3,126),(133,339,4,126),(133,340,5,126),(133,341,6,126),(133,354,1,127),(133,355,2,127),(133,356,3,127),(133,357,4,127),(133,358,5,127),(133,359,6,127),(133,360,7,127),(133,361,8,127),(133,362,9,127),(133,363,10,127),(133,364,1,128),(133,365,2,128),(133,366,3,128),(133,367,4,128),(133,368,1,129),(133,369,2,129),(133,370,3,129),(133,371,4,129),(133,372,5,129),(133,373,6,129),(133,374,7,129),(133,378,5,128),(133,382,8,129),(133,383,1,130),(133,384,2,130),(133,385,3,130),(133,386,4,130),(133,387,1,131),(133,388,2,131),(133,389,3,131),(133,390,4,131),(133,391,5,131),(133,392,6,131),(133,393,7,131),(133,396,7,151),(133,397,6,151),(133,398,5,151),(133,399,4,151),(133,400,3,151),(133,401,2,151),(133,402,1,151),(133,403,1,152),(133,404,2,152),(133,405,3,152),(133,406,4,152),(133,407,5,152),(133,408,6,152),(133,409,7,152),(133,410,8,152),(133,411,1,153),(133,412,2,153),(133,413,3,153),(133,414,4,153),(133,415,5,153),(133,416,6,153),(133,417,7,153),(133,418,8,153),(133,419,1,154),(133,420,2,154),(133,421,3,154),(133,422,4,154),(133,423,5,154),(133,424,6,154),(133,425,7,154),(133,426,8,154),(133,427,1,155),(133,428,2,155),(133,429,3,155),(133,430,4,155),(133,431,5,155),(133,432,6,155),(133,433,7,155),(133,434,8,155),(133,442,1,162),(133,443,2,162),(133,444,3,162),(133,445,4,162),(133,446,5,162),(133,447,6,162),(133,448,7,162),(133,452,4,163),(133,453,3,163),(133,454,2,163),(133,455,1,163),(133,456,1,164),(133,457,2,164),(133,458,3,164),(133,459,4,164),(133,460,5,164),(133,461,6,164),(133,462,7,164),(133,463,1,165),(133,464,2,165),(133,465,3,165),(133,466,4,165),(133,467,5,165),(133,468,6,165),(133,471,1,166),(133,472,2,166),(133,473,3,166),(133,474,4,166),(133,475,5,166),(133,495,1,134),(133,496,2,134),(133,497,3,134),(133,498,4,134),(133,499,5,134),(133,500,6,134),(133,501,7,134),(133,502,8,134),(133,503,9,134),(133,504,10,134),(133,505,1,135),(133,506,2,135),(133,507,3,135),(133,508,4,135),(133,509,5,135),(133,510,10,135),(133,511,6,135),(133,512,7,135),(133,513,8,135),(133,514,9,135),(133,515,1,136),(133,516,2,136),(133,517,3,136),(133,518,4,136),(133,519,5,136),(133,520,6,136),(133,521,7,136),(133,522,8,136),(133,523,9,136),(133,524,10,136),(133,525,1,137),(133,526,2,137),(133,527,3,137),(133,528,4,137),(133,529,5,137),(133,530,6,137),(133,531,7,137),(133,532,8,137),(133,533,9,137),(133,534,10,137),(133,535,1,138),(133,536,2,138),(133,537,3,138),(133,538,4,138),(133,539,5,138),(133,540,6,138),(133,541,7,138),(133,542,8,138),(133,543,9,138),(133,544,10,138),(133,545,1,139),(133,546,2,139),(133,547,3,139),(133,548,4,139),(133,549,5,139),(133,550,6,139),(133,551,7,139),(133,552,8,139),(133,553,9,139),(133,554,10,139),(133,555,1,140),(133,556,2,140),(133,557,3,140),(133,558,4,140),(133,559,1,141),(133,560,2,141),(133,561,3,141),(133,562,4,141),(133,563,1,167),(133,564,2,167),(133,565,3,167),(133,566,4,167),(133,567,1,168),(133,568,2,168),(133,569,3,168),(133,570,4,168),(133,571,1,169),(133,572,2,169),(133,573,3,169),(133,574,4,169),(133,575,1,170),(133,576,2,170),(133,577,3,170),(133,578,4,170),(135,336,1,126),(135,337,2,126),(135,338,3,126),(135,339,4,126),(135,340,5,126),(135,341,6,126),(135,354,1,127),(135,355,2,127),(135,356,3,127),(135,357,4,127),(135,358,5,127),(135,359,6,127),(135,360,7,127),(135,361,8,127),(135,362,9,127),(135,363,10,127),(135,364,1,128),(135,365,2,128),(135,366,3,128),(135,367,4,128),(135,368,1,129),(135,369,2,129),(135,370,3,129),(135,371,4,129),(135,372,5,129),(135,373,6,129),(135,374,7,129),(135,378,5,128),(135,382,8,129),(135,383,1,130),(135,384,2,130),(135,385,3,130),(135,386,4,130),(135,387,1,131),(135,388,2,131),(135,389,3,131),(135,390,4,131),(135,391,5,131),(135,392,6,131),(135,393,7,131),(135,442,1,162),(135,443,2,162),(135,444,3,162),(135,445,4,162),(135,446,5,162),(135,447,6,162),(135,448,7,162),(135,452,4,163),(135,453,3,163),(135,454,2,163),(135,455,1,163),(135,456,1,164),(135,457,2,164),(135,458,3,164),(135,459,4,164),(135,460,5,164),(135,461,6,164),(135,462,7,164),(135,463,1,165),(135,464,2,165),(135,465,3,165),(135,466,4,165),(135,467,5,165),(135,468,6,165),(135,471,1,166),(135,472,2,166),(135,473,3,166),(135,474,4,166),(135,475,5,166),(136,336,1,126),(136,337,2,126),(136,338,3,126),(136,339,4,126),(136,340,5,126),(136,341,6,126),(136,354,1,127),(136,355,2,127),(136,356,3,127),(136,357,4,127),(136,358,5,127),(136,359,6,127),(136,360,7,127),(136,361,8,127),(136,362,9,127),(136,363,10,127),(136,364,1,128),(136,365,2,128),(136,366,3,128),(136,367,4,128),(136,368,1,129),(136,369,2,129),(136,370,3,129),(136,371,4,129),(136,372,5,129),(136,373,6,129),(136,374,7,129),(136,378,5,128),(136,382,8,129),(136,383,1,130),(136,384,2,130),(136,385,3,130),(136,386,4,130),(136,387,1,131),(136,388,2,131),(136,389,3,131),(136,390,4,131),(136,391,5,131),(136,392,6,131),(136,393,7,131),(136,442,1,162),(136,443,2,162),(136,444,3,162),(136,445,4,162),(136,446,5,162),(136,447,6,162),(136,448,7,162),(136,452,4,163),(136,453,3,163),(136,454,2,163),(136,455,1,163),(136,456,1,164),(136,457,2,164),(136,458,3,164),(136,459,4,164),(136,460,5,164),(136,461,6,164),(136,462,7,164),(136,463,1,165),(136,464,2,165),(136,465,3,165),(136,466,4,165),(136,467,5,165),(136,468,6,165),(136,471,1,166),(136,472,2,166),(136,473,3,166),(136,474,4,166),(136,475,5,166),(137,336,1,126),(137,337,2,126),(137,338,3,126),(137,339,4,126),(137,340,5,126),(137,341,6,126),(137,354,1,127),(137,355,2,127),(137,356,3,127),(137,357,4,127),(137,358,5,127),(137,359,6,127),(137,360,7,127),(137,361,8,127),(137,362,9,127),(137,363,10,127),(137,364,1,128),(137,365,2,128),(137,366,3,128),(137,367,4,128),(137,368,1,129),(137,369,2,129),(137,370,3,129),(137,371,4,129),(137,372,5,129),(137,373,6,129),(137,374,7,129),(137,378,5,128),(137,382,8,129),(137,383,1,130),(137,384,2,130),(137,385,3,130),(137,386,4,130),(137,387,1,131),(137,388,2,131),(137,389,3,131),(137,390,4,131),(137,391,5,131),(137,392,6,131),(137,393,7,131),(137,442,1,162),(137,443,2,162),(137,444,3,162),(137,445,4,162),(137,446,5,162),(137,447,6,162),(137,448,7,162),(137,452,4,163),(137,453,3,163),(137,454,2,163),(137,455,1,163),(137,456,1,164),(137,457,2,164),(137,458,3,164),(137,459,4,164),(137,460,5,164),(137,461,6,164),(137,462,7,164),(137,463,1,165),(137,464,2,165),(137,465,3,165),(137,466,4,165),(137,467,5,165),(137,468,6,165),(137,471,1,166),(137,472,2,166),(137,473,3,166),(137,474,4,166),(137,475,5,166),(143,336,1,126),(143,337,2,126),(143,338,3,126),(143,339,4,126),(143,340,5,126),(143,341,6,126),(143,354,1,127),(143,355,2,127),(143,356,3,127),(143,357,4,127),(143,358,5,127),(143,359,6,127),(143,360,7,127),(143,361,8,127),(143,362,9,127),(143,363,10,127),(143,364,1,128),(143,365,2,128),(143,366,3,128),(143,367,4,128),(143,368,1,129),(143,369,2,129),(143,370,3,129),(143,371,4,129),(143,372,5,129),(143,373,6,129),(143,374,7,129),(143,378,5,128),(143,382,8,129),(143,383,1,130),(143,384,2,130),(143,385,3,130),(143,386,4,130),(143,387,1,131),(143,388,2,131),(143,389,3,131),(143,390,4,131),(143,391,5,131),(143,392,6,131),(143,393,7,131),(143,442,1,162),(143,443,2,162),(143,444,3,162),(143,445,4,162),(143,446,5,162),(143,447,6,162),(143,448,7,162),(143,452,4,163),(143,453,3,163),(143,454,2,163),(143,455,1,163),(143,456,1,164),(143,457,2,164),(143,458,3,164),(143,459,4,164),(143,460,5,164),(143,461,6,164),(143,462,7,164),(143,463,1,165),(143,464,2,165),(143,465,3,165),(143,466,4,165),(143,467,5,165),(143,468,6,165),(143,471,1,166),(143,472,2,166),(143,473,3,166),(143,474,4,166),(143,475,5,166),(143,495,1,134),(143,496,2,134),(143,497,3,134),(143,498,4,134),(143,499,5,134),(143,500,6,134),(143,501,7,134),(143,502,8,134),(143,503,9,134),(143,504,10,134),(143,505,1,135),(143,506,2,135),(143,507,3,135),(143,508,4,135),(143,509,5,135),(143,510,10,135),(143,511,6,135),(143,512,7,135),(143,513,8,135),(143,514,9,135),(143,515,1,136),(143,516,2,136),(143,517,3,136),(143,518,4,136),(143,519,5,136),(143,520,6,136),(143,521,7,136),(143,522,8,136),(143,523,9,136),(143,524,10,136),(143,525,1,137),(143,526,2,137),(143,527,3,137),(143,528,4,137),(143,529,5,137),(143,530,6,137),(143,531,7,137),(143,532,8,137),(143,533,9,137),(143,534,10,137),(143,535,1,138),(143,536,2,138),(143,537,3,138),(143,538,4,138),(143,539,5,138),(143,540,6,138),(143,541,7,138),(143,542,8,138),(143,543,9,138),(143,544,10,138),(143,545,1,139),(143,546,2,139),(143,547,3,139),(143,548,4,139),(143,549,5,139),(143,550,6,139),(143,551,7,139),(143,552,8,139),(143,553,9,139),(143,554,10,139),(143,555,1,140),(143,556,2,140),(143,557,3,140),(143,558,4,140),(143,559,1,141),(143,560,2,141),(143,561,3,141),(143,562,4,141),(143,563,1,167),(143,564,2,167),(143,565,3,167),(143,566,4,167),(143,567,1,168),(143,568,2,168),(143,569,3,168),(143,570,4,168),(143,571,1,169),(143,572,2,169),(143,573,3,169),(143,574,4,169),(143,575,1,170),(143,576,2,170),(143,577,3,170),(143,578,4,170),(155,336,1,126),(155,337,2,126),(155,338,3,126),(155,339,4,126),(155,340,5,126),(155,341,6,126),(155,354,1,127),(155,355,2,127),(155,356,3,127),(155,357,4,127),(155,358,5,127),(155,359,6,127),(155,360,7,127),(155,361,8,127),(155,362,9,127),(155,363,10,127),(155,364,1,128),(155,365,2,128),(155,366,3,128),(155,367,4,128),(155,368,1,129),(155,369,2,129),(155,370,3,129),(155,371,4,129),(155,372,5,129),(155,373,6,129),(155,374,7,129),(155,378,5,128),(155,382,8,129),(155,383,1,130),(155,384,2,130),(155,385,3,130),(155,386,4,130),(155,387,1,131),(155,388,2,131),(155,389,3,131),(155,390,4,131),(155,391,5,131),(155,392,6,131),(155,393,7,131),(155,442,1,162),(155,443,2,162),(155,444,3,162),(155,445,4,162),(155,446,5,162),(155,447,6,162),(155,448,7,162),(155,452,4,163),(155,453,3,163),(155,454,2,163),(155,455,1,163),(155,456,1,164),(155,457,2,164),(155,458,3,164),(155,459,4,164),(155,460,5,164),(155,461,6,164),(155,462,7,164),(155,463,1,165),(155,464,2,165),(155,465,3,165),(155,466,4,165),(155,467,5,165),(155,468,6,165),(155,471,1,166),(155,472,2,166),(155,473,3,166),(155,474,4,166),(155,475,5,166),(156,495,1,134),(156,496,2,134),(156,497,3,134),(156,498,4,134),(156,499,5,134),(156,500,6,134),(156,501,7,134),(156,502,8,134),(156,503,9,134),(156,504,10,134),(156,505,1,135),(156,506,2,135),(156,507,3,135),(156,508,4,135),(156,509,5,135),(156,510,10,135),(156,511,6,135),(156,512,7,135),(156,513,8,135),(156,514,9,135),(156,515,1,136),(156,516,2,136),(156,517,3,136),(156,518,4,136),(156,519,5,136),(156,520,6,136),(156,521,7,136),(156,522,8,136),(156,523,9,136),(156,524,10,136),(156,525,1,137),(156,526,2,137),(156,527,3,137),(156,528,4,137),(156,529,5,137),(156,530,6,137),(156,531,7,137),(156,532,8,137),(156,533,9,137),(156,534,10,137),(156,535,1,138),(156,536,2,138),(156,537,3,138),(156,538,4,138),(156,539,5,138),(156,540,6,138),(156,541,7,138),(156,542,8,138),(156,543,9,138),(156,544,10,138),(156,545,1,139),(156,546,2,139),(156,547,3,139),(156,548,4,139),(156,549,5,139),(156,550,6,139),(156,551,7,139),(156,552,8,139),(156,553,9,139),(156,554,10,139),(156,555,1,140),(156,556,2,140),(156,557,3,140),(156,558,4,140),(156,559,1,141),(156,560,2,141),(156,561,3,141),(156,562,4,141),(156,563,1,167),(156,564,2,167),(156,565,3,167),(156,566,4,167),(156,567,1,168),(156,568,2,168),(156,569,3,168),(156,570,4,168),(156,571,1,169),(156,572,2,169),(156,573,3,169),(156,574,4,169),(156,575,1,170),(156,576,2,170),(156,577,3,170),(156,578,4,170),(157,336,1,126),(157,337,2,126),(157,338,3,126),(157,339,4,126),(157,340,5,126),(157,341,6,126),(157,354,1,127),(157,355,2,127),(157,356,3,127),(157,357,4,127),(157,358,5,127),(157,359,6,127),(157,360,7,127),(157,361,8,127),(157,362,9,127),(157,363,10,127),(157,364,1,128),(157,365,2,128),(157,366,3,128),(157,367,4,128),(157,368,1,129),(157,369,2,129),(157,370,3,129),(157,371,4,129),(157,372,5,129),(157,373,6,129),(157,374,7,129),(157,378,5,128),(157,382,8,129),(157,383,1,130),(157,384,2,130),(157,385,3,130),(157,386,4,130),(157,387,1,131),(157,388,2,131),(157,389,3,131),(157,390,4,131),(157,391,5,131),(157,392,6,131),(157,393,7,131),(157,442,1,162),(157,443,2,162),(157,444,3,162),(157,445,4,162),(157,446,5,162),(157,447,6,162),(157,448,7,162),(157,452,4,163),(157,453,3,163),(157,454,2,163),(157,455,1,163),(157,456,1,164),(157,457,2,164),(157,458,3,164),(157,459,4,164),(157,460,5,164),(157,461,6,164),(157,462,7,164),(157,463,1,165),(157,464,2,165),(157,465,3,165),(157,466,4,165),(157,467,5,165),(157,468,6,165),(157,471,1,166),(157,472,2,166),(157,473,3,166),(157,474,4,166),(157,475,5,166),(157,495,1,134),(157,496,2,134),(157,497,3,134),(157,498,4,134),(157,499,5,134),(157,500,6,134),(157,501,7,134),(157,502,8,134),(157,503,9,134),(157,504,10,134),(157,505,1,135),(157,506,2,135),(157,507,3,135),(157,508,4,135),(157,509,5,135),(157,510,10,135),(157,511,6,135),(157,512,7,135),(157,513,8,135),(157,514,9,135),(157,515,1,136),(157,516,2,136),(157,517,3,136),(157,518,4,136),(157,519,5,136),(157,520,6,136),(157,521,7,136),(157,522,8,136),(157,523,9,136),(157,524,10,136),(157,525,1,137),(157,526,2,137),(157,527,3,137),(157,528,4,137),(157,529,5,137),(157,530,6,137),(157,531,7,137),(157,532,8,137),(157,533,9,137),(157,534,10,137),(157,535,1,138),(157,536,2,138),(157,537,3,138),(157,538,4,138),(157,539,5,138),(157,540,6,138),(157,541,7,138),(157,542,8,138),(157,543,9,138),(157,544,10,138),(157,545,1,139),(157,546,2,139),(157,547,3,139),(157,548,4,139),(157,549,5,139),(157,550,6,139),(157,551,7,139),(157,552,8,139),(157,553,9,139),(157,554,10,139),(157,555,1,140),(157,556,2,140),(157,557,3,140),(157,558,4,140),(157,559,1,141),(157,560,2,141),(157,561,3,141),(157,562,4,141),(157,563,1,167),(157,564,2,167),(157,565,3,167),(157,566,4,167),(157,567,1,168),(157,568,2,168),(157,569,3,168),(157,570,4,168),(157,571,1,169),(157,572,2,169),(157,573,3,169),(157,574,4,169),(157,575,1,170),(157,576,2,170),(157,577,3,170),(157,578,4,170),(158,495,1,134),(158,496,2,134),(158,497,3,134),(158,498,4,134),(158,499,5,134),(158,500,6,134),(158,501,7,134),(158,502,8,134),(158,503,9,134),(158,504,10,134),(158,505,1,135),(158,506,2,135),(158,507,3,135),(158,508,4,135),(158,509,5,135),(158,510,10,135),(158,511,6,135),(158,512,7,135),(158,513,8,135),(158,514,9,135),(158,515,1,136),(158,516,2,136),(158,517,3,136),(158,518,4,136),(158,519,5,136),(158,520,6,136),(158,521,7,136),(158,522,8,136),(158,523,9,136),(158,524,10,136),(158,525,1,137),(158,526,2,137),(158,527,3,137),(158,528,4,137),(158,529,5,137),(158,530,6,137),(158,531,7,137),(158,532,8,137),(158,533,9,137),(158,534,10,137),(158,535,1,138),(158,536,2,138),(158,537,3,138),(158,538,4,138),(158,539,5,138),(158,540,6,138),(158,541,7,138),(158,542,8,138),(158,543,9,138),(158,544,10,138),(158,545,1,139),(158,546,2,139),(158,547,3,139),(158,548,4,139),(158,549,5,139),(158,550,6,139),(158,551,7,139),(158,552,8,139),(158,553,9,139),(158,554,10,139),(158,555,1,140),(158,556,2,140),(158,557,3,140),(158,558,4,140),(158,559,1,141),(158,560,2,141),(158,561,3,141),(158,562,4,141),(158,563,1,167),(158,564,2,167),(158,565,3,167),(158,566,4,167),(158,567,1,168),(158,568,2,168),(158,569,3,168),(158,570,4,168),(158,571,1,169),(158,572,2,169),(158,573,3,169),(158,574,4,169),(158,575,1,170),(158,576,2,170),(158,577,3,170),(158,578,4,170),(159,495,1,134),(159,496,2,134),(159,497,3,134),(159,498,4,134),(159,499,5,134),(159,500,6,134),(159,501,7,134),(159,502,8,134),(159,503,9,134),(159,504,10,134),(159,505,1,135),(159,506,2,135),(159,507,3,135),(159,508,4,135),(159,509,5,135),(159,510,10,135),(159,511,6,135),(159,512,7,135),(159,513,8,135),(159,514,9,135),(159,515,1,136),(159,516,2,136),(159,517,3,136),(159,518,4,136),(159,519,5,136),(159,520,6,136),(159,521,7,136),(159,522,8,136),(159,523,9,136),(159,524,10,136),(159,525,1,137),(159,526,2,137),(159,527,3,137),(159,528,4,137),(159,529,5,137),(159,530,6,137),(159,531,7,137),(159,532,8,137),(159,533,9,137),(159,534,10,137),(159,535,1,138),(159,536,2,138),(159,537,3,138),(159,538,4,138),(159,539,5,138),(159,540,6,138),(159,541,7,138),(159,542,8,138),(159,543,9,138),(159,544,10,138),(159,545,1,139),(159,546,2,139),(159,547,3,139),(159,548,4,139),(159,549,5,139),(159,550,6,139),(159,551,7,139),(159,552,8,139),(159,553,9,139),(159,554,10,139),(159,555,1,140),(159,556,2,140),(159,557,3,140),(159,558,4,140),(159,559,1,141),(159,560,2,141),(159,561,3,141),(159,562,4,141),(159,563,1,167),(159,564,2,167),(159,565,3,167),(159,566,4,167),(159,567,1,168),(159,568,2,168),(159,569,3,168),(159,570,4,168),(159,571,1,169),(159,572,2,169),(159,573,3,169),(159,574,4,169),(159,575,1,170),(159,576,2,170),(159,577,3,170),(159,578,4,170),(160,495,1,134),(160,496,2,134),(160,497,3,134),(160,498,4,134),(160,499,5,134),(160,500,6,134),(160,501,7,134),(160,502,8,134),(160,503,9,134),(160,504,10,134),(160,505,1,135),(160,506,2,135),(160,507,3,135),(160,508,4,135),(160,509,5,135),(160,510,10,135),(160,511,6,135),(160,512,7,135),(160,513,8,135),(160,514,9,135),(160,515,1,136),(160,516,2,136),(160,517,3,136),(160,518,4,136),(160,519,5,136),(160,520,6,136),(160,521,7,136),(160,522,8,136),(160,523,9,136),(160,524,10,136),(160,525,1,137),(160,526,2,137),(160,527,3,137),(160,528,4,137),(160,529,5,137),(160,530,6,137),(160,531,7,137),(160,532,8,137),(160,533,9,137),(160,534,10,137),(160,535,1,138),(160,536,2,138),(160,537,3,138),(160,538,4,138),(160,539,5,138),(160,540,6,138),(160,541,7,138),(160,542,8,138),(160,543,9,138),(160,544,10,138),(160,545,1,139),(160,546,2,139),(160,547,3,139),(160,548,4,139),(160,549,5,139),(160,550,6,139),(160,551,7,139),(160,552,8,139),(160,553,9,139),(160,554,10,139),(160,555,1,140),(160,556,2,140),(160,557,3,140),(160,558,4,140),(160,559,1,141),(160,560,2,141),(160,561,3,141),(160,562,4,141),(160,563,1,167),(160,564,2,167),(160,565,3,167),(160,566,4,167),(160,567,1,168),(160,568,2,168),(160,569,3,168),(160,570,4,168),(160,571,1,169),(160,572,2,169),(160,573,3,169),(160,574,4,169),(160,575,1,170),(160,576,2,170),(160,577,3,170),(160,578,4,170),(161,495,1,134),(161,496,2,134),(161,497,3,134),(161,498,4,134),(161,499,5,134),(161,500,6,134),(161,501,7,134),(161,502,8,134),(161,503,9,134),(161,504,10,134),(161,505,1,135),(161,506,2,135),(161,507,3,135),(161,508,4,135),(161,509,5,135),(161,510,10,135),(161,511,6,135),(161,512,7,135),(161,513,8,135),(161,514,9,135),(161,515,1,136),(161,516,2,136),(161,517,3,136),(161,518,4,136),(161,519,5,136),(161,520,6,136),(161,521,7,136),(161,522,8,136),(161,523,9,136),(161,524,10,136),(161,525,1,137),(161,526,2,137),(161,527,3,137),(161,528,4,137),(161,529,5,137),(161,530,6,137),(161,531,7,137),(161,532,8,137),(161,533,9,137),(161,534,10,137),(161,535,1,138),(161,536,2,138),(161,537,3,138),(161,538,4,138),(161,539,5,138),(161,540,6,138),(161,541,7,138),(161,542,8,138),(161,543,9,138),(161,544,10,138),(161,545,1,139),(161,546,2,139),(161,547,3,139),(161,548,4,139),(161,549,5,139),(161,550,6,139),(161,551,7,139),(161,552,8,139),(161,553,9,139),(161,554,10,139),(161,555,1,140),(161,556,2,140),(161,557,3,140),(161,558,4,140),(161,559,1,141),(161,560,2,141),(161,561,3,141),(161,562,4,141),(161,563,1,167),(161,564,2,167),(161,565,3,167),(161,566,4,167),(161,567,1,168),(161,568,2,168),(161,569,3,168),(161,570,4,168),(161,571,1,169),(161,572,2,169),(161,573,3,169),(161,574,4,169),(161,575,1,170),(161,576,2,170),(161,577,3,170),(161,578,4,170),(162,495,1,134),(162,496,2,134),(162,497,3,134),(162,498,4,134),(162,499,5,134),(162,500,6,134),(162,501,7,134),(162,502,8,134),(162,503,9,134),(162,504,10,134),(162,505,1,135),(162,506,2,135),(162,507,3,135),(162,508,4,135),(162,509,5,135),(162,510,10,135),(162,511,6,135),(162,512,7,135),(162,513,8,135),(162,514,9,135),(162,515,1,136),(162,516,2,136),(162,517,3,136),(162,518,4,136),(162,519,5,136),(162,520,6,136),(162,521,7,136),(162,522,8,136),(162,523,9,136),(162,524,10,136),(162,525,1,137),(162,526,2,137),(162,527,3,137),(162,528,4,137),(162,529,5,137),(162,530,6,137),(162,531,7,137),(162,532,8,137),(162,533,9,137),(162,534,10,137),(162,535,1,138),(162,536,2,138),(162,537,3,138),(162,538,4,138),(162,539,5,138),(162,540,6,138),(162,541,7,138),(162,542,8,138),(162,543,9,138),(162,544,10,138),(162,545,1,139),(162,546,2,139),(162,547,3,139),(162,548,4,139),(162,549,5,139),(162,550,6,139),(162,551,7,139),(162,552,8,139),(162,553,9,139),(162,554,10,139),(162,555,1,140),(162,556,2,140),(162,557,3,140),(162,558,4,140),(162,559,1,141),(162,560,2,141),(162,561,3,141),(162,562,4,141),(162,563,1,167),(162,564,2,167),(162,565,3,167),(162,566,4,167),(162,567,1,168),(162,568,2,168),(162,569,3,168),(162,570,4,168),(162,571,1,169),(162,572,2,169),(162,573,3,169),(162,574,4,169),(162,575,1,170),(162,576,2,170),(162,577,3,170),(162,578,4,170),(164,336,1,126),(164,337,2,126),(164,338,3,126),(164,339,4,126),(164,340,5,126),(164,341,6,126),(164,354,1,127),(164,355,2,127),(164,356,3,127),(164,357,4,127),(164,358,5,127),(164,359,6,127),(164,360,7,127),(164,361,8,127),(164,362,9,127),(164,363,10,127),(164,364,1,128),(164,365,2,128),(164,366,3,128),(164,367,4,128),(164,368,1,129),(164,369,2,129),(164,370,3,129),(164,371,4,129),(164,372,5,129),(164,373,6,129),(164,374,7,129),(164,378,5,128),(164,382,8,129),(164,383,1,130),(164,384,2,130),(164,385,3,130),(164,386,4,130),(164,387,1,131),(164,388,2,131),(164,389,3,131),(164,390,4,131),(164,391,5,131),(164,392,6,131),(164,393,7,131),(164,442,1,162),(164,443,2,162),(164,444,3,162),(164,445,4,162),(164,446,5,162),(164,447,6,162),(164,448,7,162),(164,452,4,163),(164,453,3,163),(164,454,2,163),(164,455,1,163),(164,456,1,164),(164,457,2,164),(164,458,3,164),(164,459,4,164),(164,460,5,164),(164,461,6,164),(164,462,7,164),(164,463,1,165),(164,464,2,165),(164,465,3,165),(164,466,4,165),(164,467,5,165),(164,468,6,165),(164,471,1,166),(164,472,2,166),(164,473,3,166),(164,474,4,166),(164,475,5,166),(165,336,1,126),(165,337,2,126),(165,338,3,126),(165,339,4,126),(165,340,5,126),(165,341,6,126),(165,354,1,127),(165,355,2,127),(165,356,3,127),(165,357,4,127),(165,358,5,127),(165,359,6,127),(165,360,7,127),(165,361,8,127),(165,362,9,127),(165,363,10,127),(165,364,1,128),(165,365,2,128),(165,366,3,128),(165,367,4,128),(165,368,1,129),(165,369,2,129),(165,370,3,129),(165,371,4,129),(165,372,5,129),(165,373,6,129),(165,374,7,129),(165,378,5,128),(165,382,8,129),(165,383,1,130),(165,384,2,130),(165,385,3,130),(165,386,4,130),(165,387,1,131),(165,388,2,131),(165,389,3,131),(165,390,4,131),(165,391,5,131),(165,392,6,131),(165,393,7,131),(165,442,1,162),(165,443,2,162),(165,444,3,162),(165,445,4,162),(165,446,5,162),(165,447,6,162),(165,448,7,162),(165,452,4,163),(165,453,3,163),(165,454,2,163),(165,455,1,163),(165,456,1,164),(165,457,2,164),(165,458,3,164),(165,459,4,164),(165,460,5,164),(165,461,6,164),(165,462,7,164),(165,463,1,165),(165,464,2,165),(165,465,3,165),(165,466,4,165),(165,467,5,165),(165,468,6,165),(165,471,1,166),(165,472,2,166),(165,473,3,166),(165,474,4,166),(165,475,5,166),(166,336,1,126),(166,337,2,126),(166,338,3,126),(166,339,4,126),(166,340,5,126),(166,341,6,126),(166,354,1,127),(166,355,2,127),(166,356,3,127),(166,357,4,127),(166,358,5,127),(166,359,6,127),(166,360,7,127),(166,361,8,127),(166,362,9,127),(166,363,10,127),(166,364,1,128),(166,365,2,128),(166,366,3,128),(166,367,4,128),(166,368,1,129),(166,369,2,129),(166,370,3,129),(166,371,4,129),(166,372,5,129),(166,373,6,129),(166,374,7,129),(166,378,5,128),(166,382,8,129),(166,383,1,130),(166,384,2,130),(166,385,3,130),(166,386,4,130),(166,387,1,131),(166,388,2,131),(166,389,3,131),(166,390,4,131),(166,391,5,131),(166,392,6,131),(166,393,7,131),(166,442,1,162),(166,443,2,162),(166,444,3,162),(166,445,4,162),(166,446,5,162),(166,447,6,162),(166,448,7,162),(166,452,4,163),(166,453,3,163),(166,454,2,163),(166,455,1,163),(166,456,1,164),(166,457,2,164),(166,458,3,164),(166,459,4,164),(166,460,5,164),(166,461,6,164),(166,462,7,164),(166,463,1,165),(166,464,2,165),(166,465,3,165),(166,466,4,165),(166,467,5,165),(166,468,6,165),(166,471,1,166),(166,472,2,166),(166,473,3,166),(166,474,4,166),(166,475,5,166),(167,336,1,126),(167,337,2,126),(167,338,3,126),(167,339,4,126),(167,340,5,126),(167,341,6,126),(167,354,1,127),(167,355,2,127),(167,356,3,127),(167,357,4,127),(167,358,5,127),(167,359,6,127),(167,360,7,127),(167,361,8,127),(167,362,9,127),(167,363,10,127),(167,364,1,128),(167,365,2,128),(167,366,3,128),(167,367,4,128),(167,368,1,129),(167,369,2,129),(167,370,3,129),(167,371,4,129),(167,372,5,129),(167,373,6,129),(167,374,7,129),(167,378,5,128),(167,382,8,129),(167,383,1,130),(167,384,2,130),(167,385,3,130),(167,386,4,130),(167,387,1,131),(167,388,2,131),(167,389,3,131),(167,390,4,131),(167,391,5,131),(167,392,6,131),(167,393,7,131),(167,442,1,162),(167,443,2,162),(167,444,3,162),(167,445,4,162),(167,446,5,162),(167,447,6,162),(167,448,7,162),(167,452,4,163),(167,453,3,163),(167,454,2,163),(167,455,1,163),(167,456,1,164),(167,457,2,164),(167,458,3,164),(167,459,4,164),(167,460,5,164),(167,461,6,164),(167,462,7,164),(167,463,1,165),(167,464,2,165),(167,465,3,165),(167,466,4,165),(167,467,5,165),(167,468,6,165),(167,471,1,166),(167,472,2,166),(167,473,3,166),(167,474,4,166),(167,475,5,166),(168,336,1,126),(168,337,2,126),(168,338,3,126),(168,339,4,126),(168,340,5,126),(168,341,6,126),(168,354,1,127),(168,355,2,127),(168,356,3,127),(168,357,4,127),(168,358,5,127),(168,359,6,127),(168,360,7,127),(168,361,8,127),(168,362,9,127),(168,363,10,127),(168,364,1,128),(168,365,2,128),(168,366,3,128),(168,367,4,128),(168,368,1,129),(168,369,2,129),(168,370,3,129),(168,371,4,129),(168,372,5,129),(168,373,6,129),(168,374,7,129),(168,378,5,128),(168,382,8,129),(168,383,1,130),(168,384,2,130),(168,385,3,130),(168,386,4,130),(168,387,1,131),(168,388,2,131),(168,389,3,131),(168,390,4,131),(168,391,5,131),(168,392,6,131),(168,393,7,131),(168,442,1,162),(168,443,2,162),(168,444,3,162),(168,445,4,162),(168,446,5,162),(168,447,6,162),(168,448,7,162),(168,452,4,163),(168,453,3,163),(168,454,2,163),(168,455,1,163),(168,456,1,164),(168,457,2,164),(168,458,3,164),(168,459,4,164),(168,460,5,164),(168,461,6,164),(168,462,7,164),(168,463,1,165),(168,464,2,165),(168,465,3,165),(168,466,4,165),(168,467,5,165),(168,468,6,165),(168,471,1,166),(168,472,2,166),(168,473,3,166),(168,474,4,166),(168,475,5,166),(172,336,1,126),(172,337,2,126),(172,338,3,126),(172,339,4,126),(172,340,5,126),(172,341,6,126),(172,354,1,127),(172,355,2,127),(172,356,3,127),(172,357,4,127),(172,358,5,127),(172,359,6,127),(172,360,7,127),(172,361,8,127),(172,362,9,127),(172,363,10,127),(172,364,1,128),(172,365,2,128),(172,366,3,128),(172,367,4,128),(172,368,1,129),(172,369,2,129),(172,370,3,129),(172,371,4,129),(172,372,5,129),(172,373,6,129),(172,374,7,129),(172,378,5,128),(172,382,8,129),(172,383,1,130),(172,384,2,130),(172,385,3,130),(172,386,4,130),(172,387,1,131),(172,388,2,131),(172,389,3,131),(172,390,4,131),(172,391,5,131),(172,392,6,131),(172,393,7,131),(172,442,1,162),(172,443,2,162),(172,444,3,162),(172,445,4,162),(172,446,5,162),(172,447,6,162),(172,448,7,162),(172,452,4,163),(172,453,3,163),(172,454,2,163),(172,455,1,163),(172,456,1,164),(172,457,2,164),(172,458,3,164),(172,459,4,164),(172,460,5,164),(172,461,6,164),(172,462,7,164),(172,463,1,165),(172,464,2,165),(172,465,3,165),(172,466,4,165),(172,467,5,165),(172,468,6,165),(172,471,1,166),(172,472,2,166),(172,473,3,166),(172,474,4,166),(172,475,5,166),(176,18,1,3),(176,19,2,3),(176,20,3,3),(176,21,4,3),(176,22,5,3),(176,23,6,3),(176,24,7,3),(176,26,1,2),(176,27,2,2),(176,28,3,2),(176,29,4,2),(176,30,1,4),(176,31,2,4),(176,32,3,4),(176,33,4,4),(176,34,1,5),(176,35,2,5),(176,36,3,5),(176,37,4,5),(177,336,1,126),(177,337,2,126),(177,338,3,126),(177,339,4,126),(177,340,5,126),(177,341,6,126),(177,354,1,127),(177,355,2,127),(177,356,3,127),(177,357,4,127),(177,358,5,127),(177,359,6,127),(177,360,7,127),(177,361,8,127),(177,362,9,127),(177,363,10,127),(177,364,1,128),(177,365,2,128),(177,366,3,128),(177,367,4,128),(177,368,1,129),(177,369,2,129),(177,370,3,129),(177,371,4,129),(177,372,5,129),(177,373,6,129),(177,374,7,129),(177,378,5,128),(177,382,8,129),(177,383,1,130),(177,384,2,130),(177,385,3,130),(177,386,4,130),(177,387,1,131),(177,388,2,131),(177,389,3,131),(177,390,4,131),(177,391,5,131),(177,392,6,131),(177,393,7,131),(177,442,1,162),(177,443,2,162),(177,444,3,162),(177,445,4,162),(177,446,5,162),(177,447,6,162),(177,448,7,162),(177,452,4,163),(177,453,3,163),(177,454,2,163),(177,455,1,163),(177,456,1,164),(177,457,2,164),(177,458,3,164),(177,459,4,164),(177,460,5,164),(177,461,6,164),(177,462,7,164),(177,463,1,165),(177,464,2,165),(177,465,3,165),(177,466,4,165),(177,467,5,165),(177,468,6,165),(177,471,1,166),(177,472,2,166),(177,473,3,166),(177,474,4,166),(177,475,5,166),(183,336,1,126),(183,337,2,126),(183,338,3,126),(183,339,4,126),(183,340,5,126),(183,341,6,126),(183,354,1,127),(183,355,2,127),(183,356,3,127),(183,357,4,127),(183,358,5,127),(183,359,6,127),(183,360,7,127),(183,361,8,127),(183,362,9,127),(183,363,10,127),(183,364,1,128),(183,365,2,128),(183,366,3,128),(183,367,4,128),(183,368,1,129),(183,369,2,129),(183,370,3,129),(183,371,4,129),(183,372,5,129),(183,373,6,129),(183,374,7,129),(183,378,5,128),(183,382,8,129),(183,383,1,130),(183,384,2,130),(183,385,3,130),(183,386,4,130),(183,387,1,131),(183,388,2,131),(183,389,3,131),(183,390,4,131),(183,391,5,131),(183,392,6,131),(183,393,7,131),(183,442,1,162),(183,443,2,162),(183,444,3,162),(183,445,4,162),(183,446,5,162),(183,447,6,162),(183,448,7,162),(183,452,4,163),(183,453,3,163),(183,454,2,163),(183,455,1,163),(183,456,1,164),(183,457,2,164),(183,458,3,164),(183,459,4,164),(183,460,5,164),(183,461,6,164),(183,462,7,164),(183,463,1,165),(183,464,2,165),(183,465,3,165),(183,466,4,165),(183,467,5,165),(183,468,6,165),(183,471,1,166),(183,472,2,166),(183,473,3,166),(183,474,4,166),(183,475,5,166),(188,495,1,134),(188,496,2,134),(188,497,3,134),(188,498,4,134),(188,499,5,134),(188,500,6,134),(188,501,7,134),(188,502,8,134),(188,503,9,134),(188,504,10,134),(188,505,1,135),(188,506,2,135),(188,507,3,135),(188,508,4,135),(188,509,5,135),(188,510,10,135),(188,511,6,135),(188,512,7,135),(188,513,8,135),(188,514,9,135),(188,515,1,136),(188,516,2,136),(188,517,3,136),(188,518,4,136),(188,519,5,136),(188,520,6,136),(188,521,7,136),(188,522,8,136),(188,523,9,136),(188,524,10,136),(188,525,1,137),(188,526,2,137),(188,527,3,137),(188,528,4,137),(188,529,5,137),(188,530,6,137),(188,531,7,137),(188,532,8,137),(188,533,9,137),(188,534,10,137),(188,535,1,138),(188,536,2,138),(188,537,3,138),(188,538,4,138),(188,539,5,138),(188,540,6,138),(188,541,7,138),(188,542,8,138),(188,543,9,138),(188,544,10,138),(188,545,1,139),(188,546,2,139),(188,547,3,139),(188,548,4,139),(188,549,5,139),(188,550,6,139),(188,551,7,139),(188,552,8,139),(188,553,9,139),(188,554,10,139),(188,555,1,140),(188,556,2,140),(188,557,3,140),(188,558,4,140),(188,559,1,141),(188,560,2,141),(188,561,3,141),(188,562,4,141),(188,563,1,167),(188,564,2,167),(188,565,3,167),(188,566,4,167),(188,567,1,168),(188,568,2,168),(188,569,3,168),(188,570,4,168),(188,571,1,169),(188,572,2,169),(188,573,3,169),(188,574,4,169),(188,575,1,170),(188,576,2,170),(188,577,3,170),(188,578,4,170),(189,495,1,134),(189,496,2,134),(189,497,3,134),(189,498,4,134),(189,499,5,134),(189,500,6,134),(189,501,7,134),(189,502,8,134),(189,503,9,134),(189,504,10,134),(189,505,1,135),(189,506,2,135),(189,507,3,135),(189,508,4,135),(189,509,5,135),(189,510,10,135),(189,511,6,135),(189,512,7,135),(189,513,8,135),(189,514,9,135),(189,515,1,136),(189,516,2,136),(189,517,3,136),(189,518,4,136),(189,519,5,136),(189,520,6,136),(189,521,7,136),(189,522,8,136),(189,523,9,136),(189,524,10,136),(189,525,1,137),(189,526,2,137),(189,527,3,137),(189,528,4,137),(189,529,5,137),(189,530,6,137),(189,531,7,137),(189,532,8,137),(189,533,9,137),(189,534,10,137),(189,535,1,138),(189,536,2,138),(189,537,3,138),(189,538,4,138),(189,539,5,138),(189,540,6,138),(189,541,7,138),(189,542,8,138),(189,543,9,138),(189,544,10,138),(189,545,1,139),(189,546,2,139),(189,547,3,139),(189,548,4,139),(189,549,5,139),(189,550,6,139),(189,551,7,139),(189,552,8,139),(189,553,9,139),(189,554,10,139),(189,555,1,140),(189,556,2,140),(189,557,3,140),(189,558,4,140),(189,559,1,141),(189,560,2,141),(189,561,3,141),(189,562,4,141),(189,563,1,167),(189,564,2,167),(189,565,3,167),(189,566,4,167),(189,567,1,168),(189,568,2,168),(189,569,3,168),(189,570,4,168),(189,571,1,169),(189,572,2,169),(189,573,3,169),(189,574,4,169),(189,575,1,170),(189,576,2,170),(189,577,3,170),(189,578,4,170);
/*!40000 ALTER TABLE `bericht_inventur_position` ENABLE KEYS */;
UNLOCK TABLES;

--
-- Table structure for table `bericht_inventur_saeule`
--

DROP TABLE IF EXISTS `bericht_inventur_saeule`;
/*!40101 SET @saved_cs_client     = @@character_set_client */;
/*!40101 SET character_set_client = utf8 */;
CREATE TABLE `bericht_inventur_saeule` (
  `fk_bericht_id` int(10) unsigned NOT NULL,
  `id` int(10) unsigned NOT NULL,
  `nummer` int(10) unsigned NOT NULL,
  `fk_zeile` int(10) unsigned NOT NULL,
  PRIMARY KEY (`fk_bericht_id`,`id`) USING BTREE
) ENGINE=InnoDB DEFAULT CHARSET=utf8 COLLATE=utf8_unicode_ci;
/*!40101 SET character_set_client = @saved_cs_client */;

--
-- Dumping data for table `bericht_inventur_saeule`
--

LOCK TABLES `bericht_inventur_saeule` WRITE;
/*!40000 ALTER TABLE `bericht_inventur_saeule` DISABLE KEYS */;
INSERT INTO `bericht_inventur_saeule` VALUES (83,1,1,1),(83,2,2,1),(83,3,3,1),(83,4,1,2),(83,5,2,2),(83,48,1,3),(83,49,2,3),(83,50,3,3),(83,51,1,30),(83,52,2,30),(83,53,3,30),(83,54,4,30),(83,55,5,30),(83,56,6,30),(83,57,7,30),(83,58,8,30),(83,59,9,30),(83,60,10,30),(83,61,11,30),(83,62,12,30),(83,63,13,30),(83,64,14,30),(83,65,15,30),(83,66,16,30),(83,67,17,30),(84,1,1,1),(84,2,2,1),(84,3,3,1),(84,4,1,2),(84,5,2,2),(84,48,1,3),(84,49,2,3),(84,50,3,3),(84,51,1,30),(84,52,2,30),(84,53,3,30),(84,54,4,30),(84,55,5,30),(84,56,6,30),(84,57,7,30),(84,58,8,30),(84,59,9,30),(84,60,10,30),(84,61,11,30),(84,62,12,30),(84,63,13,30),(84,64,14,30),(84,65,15,30),(84,66,16,30),(84,67,17,30),(85,48,1,3),(85,49,2,3),(85,50,3,3),(86,1,1,1),(86,2,2,1),(86,3,3,1),(86,4,1,2),(86,5,2,2),(86,48,1,3),(86,49,2,3),(86,50,3,3),(86,51,1,30),(86,52,2,30),(86,53,3,30),(86,54,4,30),(86,55,5,30),(86,56,6,30),(86,57,7,30),(86,58,8,30),(86,59,9,30),(86,60,10,30),(86,61,11,30),(86,62,12,30),(86,63,13,30),(86,64,14,30),(86,65,15,30),(86,66,16,30),(86,67,17,30),(87,1,1,1),(87,2,2,1),(87,3,3,1),(87,4,1,2),(87,5,2,2),(87,48,1,3),(87,49,2,3),(87,50,3,3),(87,51,1,30),(87,52,2,30),(87,53,3,30),(87,54,4,30),(87,55,5,30),(87,56,6,30),(87,57,7,30),(87,58,8,30),(87,59,9,30),(87,60,10,30),(87,61,11,30),(87,62,12,30),(87,63,13,30),(87,64,14,30),(87,65,15,30),(87,66,16,30),(87,67,17,30),(88,1,1,1),(88,2,2,1),(88,3,3,1),(88,4,1,2),(88,5,2,2),(88,48,1,3),(88,49,2,3),(88,50,3,3),(88,51,1,30),(88,52,2,30),(88,53,3,30),(88,54,4,30),(88,55,5,30),(88,56,6,30),(88,57,7,30),(88,58,8,30),(88,59,9,30),(88,60,10,30),(88,61,11,30),(88,62,12,30),(88,63,13,30),(88,64,14,30),(88,65,15,30),(88,66,16,30),(88,67,17,30),(89,1,1,1),(89,2,2,1),(89,3,3,1),(89,4,1,2),(89,5,2,2),(89,48,1,3),(89,49,2,3),(89,50,3,3),(89,51,1,30),(89,52,2,30),(89,53,3,30),(89,54,4,30),(89,55,5,30),(89,56,6,30),(89,57,7,30),(89,58,8,30),(89,59,9,30),(89,60,10,30),(89,61,11,30),(89,62,12,30),(89,63,13,30),(89,64,14,30),(89,65,15,30),(89,66,16,30),(89,67,17,30),(90,48,1,3),(90,49,2,3),(90,50,3,3),(91,1,1,1),(91,2,2,1),(91,3,3,1),(91,4,1,2),(91,5,2,2),(91,48,1,3),(91,49,2,3),(91,50,3,3),(91,51,1,30),(91,52,2,30),(91,53,3,30),(91,54,4,30),(91,55,5,30),(91,56,6,30),(91,57,7,30),(91,58,8,30),(91,59,9,30),(91,60,10,30),(91,61,11,30),(91,62,12,30),(91,63,13,30),(91,64,14,30),(91,65,15,30),(91,66,16,30),(91,67,17,30),(92,48,1,3),(92,49,2,3),(92,50,3,3),(93,48,1,3),(93,49,2,3),(93,50,3,3),(94,1,1,1),(94,2,2,1),(94,3,3,1),(94,4,1,2),(94,5,2,2),(94,48,1,3),(94,49,2,3),(94,50,3,3),(94,51,1,30),(94,52,2,30),(94,53,3,30),(94,54,4,30),(94,55,5,30),(94,56,6,30),(94,57,7,30),(94,58,8,30),(94,59,9,30),(94,60,10,30),(94,61,11,30),(94,62,12,30),(94,63,13,30),(94,64,14,30),(94,65,15,30),(94,66,16,30),(94,67,17,30),(95,1,1,1),(95,2,2,1),(95,3,3,1),(95,4,1,2),(95,5,2,2),(95,48,1,3),(95,49,2,3),(95,50,3,3),(95,51,1,30),(95,52,2,30),(95,53,3,30),(95,54,4,30),(95,55,5,30),(95,56,6,30),(95,57,7,30),(95,58,8,30),(95,59,9,30),(95,60,10,30),(95,61,11,30),(95,62,12,30),(95,63,13,30),(95,64,14,30),(95,65,15,30),(95,66,16,30),(95,67,17,30),(96,4,1,2),(96,5,2,2),(98,29,1,23),(98,30,2,23),(98,31,3,23),(98,32,4,23),(98,33,5,23),(98,34,6,23),(98,35,1,24),(98,36,2,24),(98,37,1,20),(98,38,2,20),(98,39,3,20),(98,40,1,22),(98,43,1,26),(98,45,1,21),(103,1,1,1),(103,2,2,1),(103,3,3,1),(103,4,1,2),(103,5,2,2),(103,48,1,3),(103,49,2,3),(103,50,3,3),(103,51,1,30),(103,52,2,30),(103,53,3,30),(103,54,4,30),(103,55,5,30),(103,56,6,30),(103,57,7,30),(103,58,8,30),(103,59,9,30),(103,60,10,30),(103,61,11,30),(103,62,12,30),(103,63,13,30),(103,64,14,30),(103,65,15,30),(103,66,16,30),(103,67,17,30),(105,1,1,1),(105,2,2,1),(105,3,3,1),(105,4,1,2),(105,5,2,2),(105,48,1,3),(105,49,2,3),(105,50,3,3),(105,51,1,30),(105,52,2,30),(105,53,3,30),(105,54,4,30),(105,55,5,30),(105,56,6,30),(105,57,7,30),(105,58,8,30),(105,59,9,30),(105,60,10,30),(105,61,11,30),(105,62,12,30),(105,63,13,30),(105,64,14,30),(105,65,15,30),(105,66,16,30),(105,67,17,30),(106,1,1,1),(106,2,2,1),(106,3,3,1),(106,4,1,2),(106,5,2,2),(106,48,1,3),(106,49,2,3),(106,50,3,3),(106,51,1,30),(106,52,2,30),(106,53,3,30),(106,54,4,30),(106,55,5,30),(106,56,6,30),(106,57,7,30),(106,58,8,30),(106,59,9,30),(106,60,10,30),(106,61,11,30),(106,62,12,30),(106,63,13,30),(106,64,14,30),(106,65,15,30),(106,66,16,30),(106,67,17,30),(111,48,1,3),(111,49,2,3),(111,50,3,3),(112,48,1,3),(112,49,2,3),(112,50,3,3),(113,48,1,3),(113,49,2,3),(113,50,3,3),(114,48,1,3),(114,49,2,3),(114,50,3,3),(118,1,1,1),(118,2,2,1),(118,3,3,1),(118,4,1,2),(118,5,2,2),(118,48,1,3),(118,49,2,3),(118,50,3,3),(118,51,1,30),(118,52,2,30),(118,53,3,30),(118,54,4,30),(118,55,5,30),(118,56,6,30),(118,57,7,30),(118,58,8,30),(118,59,9,30),(118,60,10,30),(118,61,11,30),(118,62,12,30),(118,63,13,30),(118,64,14,30),(118,65,15,30),(118,66,16,30),(118,67,17,30),(129,48,1,3),(130,48,1,3),(131,48,1,3),(131,49,2,3),(131,50,3,3),(132,1,1,1),(132,2,2,1),(132,3,3,1),(132,4,1,2),(132,5,2,2),(132,48,1,3),(132,49,2,3),(132,50,3,3),(132,51,1,30),(132,52,2,30),(132,53,3,30),(132,54,4,30),(132,55,5,30),(132,56,6,30),(132,57,7,30),(132,58,8,30),(132,59,9,30),(132,60,10,30),(132,61,11,30),(132,62,12,30),(132,63,13,30),(132,64,14,30),(132,65,15,30),(132,66,16,30),(132,67,17,30),(133,1,1,1),(133,2,2,1),(133,3,3,1),(133,4,1,2),(133,5,2,2),(133,48,1,3),(133,49,2,3),(133,50,3,3),(133,51,1,30),(133,52,2,30),(133,53,3,30),(133,54,4,30),(133,55,5,30),(133,56,6,30),(133,57,7,30),(133,58,8,30),(133,59,9,30),(133,60,10,30),(133,61,11,30),(133,62,12,30),(133,63,13,30),(133,64,14,30),(133,65,15,30),(133,66,16,30),(133,67,17,30),(135,48,1,3),(136,48,1,3),(137,48,1,3),(143,48,1,3),(143,49,2,3),(143,50,3,3),(155,48,1,3),(156,49,2,3),(157,48,1,3),(157,49,2,3),(157,50,3,3),(158,49,2,3),(159,49,2,3),(160,49,2,3),(161,49,2,3),(162,49,2,3),(164,48,1,3),(165,48,1,3),(166,48,1,3),(167,48,1,3),(168,48,1,3),(172,48,1,3),(176,11,1,5),(177,48,1,3),(183,48,1,3),(188,49,2,3),(189,49,2,3);
/*!40000 ALTER TABLE `bericht_inventur_saeule` ENABLE KEYS */;
UNLOCK TABLES;

--
-- Table structure for table `bericht_inventur_zeile`
--

DROP TABLE IF EXISTS `bericht_inventur_zeile`;
/*!40101 SET @saved_cs_client     = @@character_set_client */;
/*!40101 SET character_set_client = utf8 */;
CREATE TABLE `bericht_inventur_zeile` (
  `fk_bericht_id` int(10) unsigned NOT NULL,
  `id` int(10) unsigned NOT NULL,
  `nummer` int(10) unsigned NOT NULL,
  `fk_halle` int(10) unsigned NOT NULL,
  `fk_etage` int(10) unsigned DEFAULT NULL,
  `fk_abteilung` int(10) unsigned NOT NULL,
  PRIMARY KEY (`fk_bericht_id`,`id`) USING BTREE
) ENGINE=InnoDB DEFAULT CHARSET=utf8 COLLATE=utf8_unicode_ci;
/*!40101 SET character_set_client = @saved_cs_client */;

--
-- Dumping data for table `bericht_inventur_zeile`
--

LOCK TABLES `bericht_inventur_zeile` WRITE;
/*!40000 ALTER TABLE `bericht_inventur_zeile` DISABLE KEYS */;
INSERT INTO `bericht_inventur_zeile` VALUES (83,1,7,1,1,3),(83,2,6,1,1,3),(83,3,1,1,5,3),(83,7,5,1,14,1),(83,30,2,1,5,3),(84,1,7,1,1,3),(84,2,6,1,1,3),(84,3,1,1,5,3),(84,7,5,1,14,1),(84,30,2,1,5,3),(85,3,1,1,5,3),(86,1,7,1,1,3),(86,2,6,1,1,3),(86,3,1,1,5,3),(86,7,5,1,14,1),(86,30,2,1,5,3),(87,1,7,1,1,3),(87,2,6,1,1,3),(87,3,1,1,5,3),(87,7,5,1,14,1),(87,30,2,1,5,3),(88,1,7,1,1,3),(88,2,6,1,1,3),(88,3,1,1,5,3),(88,7,5,1,14,1),(88,30,2,1,5,3),(89,1,7,1,1,3),(89,2,6,1,1,3),(89,3,1,1,5,3),(89,7,5,1,14,1),(89,30,2,1,5,3),(90,3,1,1,5,3),(91,1,7,1,1,3),(91,2,6,1,1,3),(91,3,1,1,5,3),(91,7,5,1,14,1),(91,30,2,1,5,3),(92,3,1,1,5,3),(93,3,1,1,5,3),(94,1,7,1,1,3),(94,2,6,1,1,3),(94,3,1,1,5,3),(94,7,5,1,14,1),(94,30,2,1,5,3),(95,1,7,1,1,3),(95,2,6,1,1,3),(95,3,1,1,5,3),(95,7,5,1,14,1),(95,30,2,1,5,3),(96,2,6,1,1,3),(98,20,2,7,4,4),(98,21,4,7,4,4),(98,22,3,7,4,4),(98,23,5,7,4,3),(98,24,1,7,4,4),(98,26,6,7,15,4),(103,1,7,1,1,3),(103,2,6,1,1,3),(103,3,1,1,5,3),(103,7,5,1,14,1),(103,30,2,1,5,3),(104,7,5,1,14,1),(105,1,7,1,1,3),(105,2,6,1,1,3),(105,3,1,1,5,3),(105,7,5,1,14,1),(105,30,2,1,5,3),(106,1,7,1,1,3),(106,2,6,1,1,3),(106,3,1,1,5,3),(106,7,5,1,14,1),(106,30,2,1,5,3),(111,3,1,1,5,3),(112,3,1,1,5,3),(113,3,1,1,5,3),(114,3,1,1,5,3),(118,1,7,1,1,3),(118,2,6,1,1,3),(118,3,1,1,5,3),(118,7,5,1,14,1),(118,30,2,1,5,3),(129,3,1,1,5,3),(130,3,1,1,5,3),(131,3,1,1,5,3),(132,1,7,1,1,3),(132,2,6,1,1,3),(132,3,1,1,5,3),(132,7,5,1,14,1),(132,30,2,1,5,3),(132,38,8,1,1,3),(133,1,7,1,1,3),(133,2,6,1,1,3),(133,3,1,1,5,3),(133,7,5,1,14,1),(133,30,2,1,5,3),(133,38,8,1,1,3),(135,3,1,1,5,3),(136,3,1,1,5,3),(137,3,1,1,5,3),(143,3,1,1,5,3),(155,3,1,1,5,3),(156,3,1,1,5,3),(157,3,1,1,5,3),(158,3,1,1,5,3),(159,3,1,1,5,3),(160,3,1,1,5,3),(161,3,1,1,5,3),(162,3,1,1,5,3),(164,3,1,1,5,3),(165,3,1,1,5,3),(166,3,1,1,5,3),(167,3,1,1,5,3),(168,3,1,1,5,3),(172,3,1,1,5,3),(176,5,1,15,12,1),(177,3,1,1,5,3),(183,3,1,1,5,3),(188,3,1,1,5,3),(189,3,1,1,5,3);
/*!40000 ALTER TABLE `bericht_inventur_zeile` ENABLE KEYS */;
UNLOCK TABLES;

--
-- Table structure for table `bericht_mindestbestand`
--

DROP TABLE IF EXISTS `bericht_mindestbestand`;
/*!40101 SET @saved_cs_client     = @@character_set_client */;
/*!40101 SET character_set_client = utf8 */;
CREATE TABLE `bericht_mindestbestand` (
  `fk_bericht_id` int(10) unsigned NOT NULL,
  `id` int(10) unsigned NOT NULL,
  `fk_artikel` int(10) unsigned NOT NULL,
  `artikel_bezeichnung` varchar(70) COLLATE utf8_unicode_ci DEFAULT NULL,
  `artikel_typ` varchar(70) COLLATE utf8_unicode_ci DEFAULT NULL,
  `artikel_keg_nr` int(10) unsigned DEFAULT NULL,
  `artikel_mindestbestand` int(10) unsigned DEFAULT NULL,
  `artikel_fk_mengeneinheit` int(10) unsigned DEFAULT NULL,
  `mengeneinheit_name` varchar(15) COLLATE utf8_unicode_ci DEFAULT NULL,
  `artikel_fk_hersteller` int(10) unsigned DEFAULT NULL,
  `hersteller_name` varchar(50) COLLATE utf8_unicode_ci DEFAULT NULL,
  `packstueck_menge` int(10) unsigned DEFAULT NULL,
  `packstueck_id` int(10) unsigned DEFAULT NULL,
  `position_id` int(10) unsigned NOT NULL,
  `position_nummer` int(10) unsigned NOT NULL,
  `ebene_id` int(10) unsigned NOT NULL,
  `ebene_nummer` int(10) unsigned NOT NULL,
  `saeule_id` int(10) unsigned NOT NULL,
  `saeule_nummer` int(10) unsigned NOT NULL,
  `zeile_id` int(10) unsigned NOT NULL,
  `zeile_nummer` int(10) unsigned NOT NULL,
  `halle_id` int(10) unsigned NOT NULL,
  `halle_name` varchar(35) COLLATE utf8_unicode_ci DEFAULT NULL,
  `abteilung_id` int(10) unsigned DEFAULT NULL,
  `abteilung_name` varchar(45) COLLATE utf8_unicode_ci DEFAULT NULL,
  PRIMARY KEY (`fk_bericht_id`,`id`) USING BTREE
) ENGINE=InnoDB DEFAULT CHARSET=utf8 COLLATE=utf8_unicode_ci;
/*!40101 SET character_set_client = @saved_cs_client */;

--
-- Dumping data for table `bericht_mindestbestand`
--

LOCK TABLES `bericht_mindestbestand` WRITE;
/*!40000 ALTER TABLE `bericht_mindestbestand` DISABLE KEYS */;
INSERT INTO `bericht_mindestbestand` VALUES (145,7,72,'3~Motor; 0,55kW; 705U/min','AR 90L-8',72,1,1,'Stück',34,'Unitec AG',1,7,18,1,3,1,11,1,5,1,15,'Modellager',NULL,NULL),(145,13,10,'Drahtseil','8x36+SES zS/20 mm/42 m',10,1,1,'Stück',65,'Pfeifer',1,13,19,2,3,1,11,1,5,1,15,'Modellager',NULL,NULL),(145,33,141,'Rohr-Abstandschellen,30-38 mm','733',141,0,1,'Stück',60,'OBO (Bettermann)',100,33,339,4,126,2,48,1,3,1,1,'03 Schlosserei',NULL,NULL),(145,34,139,'Rohr-Abstandschellen,24-29 mm','733/M25 PG 21',139,0,1,'Stück',60,'OBO (Bettermann)',100,34,338,3,126,2,48,1,3,1,1,'03 Schlosserei',NULL,NULL),(145,35,138,'Rohr-Abstandschellen,21-23 mm','733 PG 16',138,0,1,'Stück',60,'OBO (Bettermann)',100,35,337,2,126,2,48,1,3,1,1,'03 Schlosserei',NULL,NULL),(145,36,1,'Schütz','3RT1036-1A / 22,0kW',1,2,1,'Stück',1,'Siemens',124,36,336,1,126,2,48,1,3,1,1,'03 Schlosserei',NULL,NULL),(145,48,143,'111111','11111',1111,1,3,'Eimer',9,'Bauer',1,48,26,1,2,2,11,1,5,1,15,'Modellager',NULL,NULL),(145,49,143,'111111','11111',1111,1,3,'Eimer',9,'Bauer',2,49,26,1,2,2,11,1,5,1,15,'Modellager',NULL,NULL),(145,51,143,'111111','11111',1111,1,3,'Eimer',9,'Bauer',1,51,18,1,3,1,11,1,5,1,15,'Modellager',NULL,NULL),(145,56,147,'Rohr-Abstandschellen,39-48 mm','733/M40 PG36',147,0,1,'Stück',60,'OBO (Bettermann)',50,56,340,5,126,2,48,1,3,1,1,'03 Schlosserei',NULL,NULL),(145,61,148,'Rohr-Abstandschellen,47-55 mm','5VC4895',148,0,1,'Stück',61,'Kleinhuis',2,61,341,6,126,2,48,1,3,1,1,'03 Schlosserei',NULL,NULL),(145,63,150,'NH-Sicherung Gr.000 16A','3NA3805',150,0,1,'Stück',1,'Siemens',6,63,354,1,127,3,48,1,3,1,1,'03 Schlosserei',NULL,NULL),(145,64,151,'NH-Sicherung Gr.000 20A','3NA3807',151,3,1,'Stück',1,'Siemens',6,64,355,2,127,3,48,1,3,1,1,'03 Schlosserei',NULL,NULL),(145,65,152,'NH-Sicherung Gr.000 25A','3NA3810',152,0,1,'Stück',1,'Siemens',6,65,356,3,127,3,48,1,3,1,1,'03 Schlosserei',NULL,NULL),(145,66,153,'NH-Sicherung Gr.000 35A','3NA3814',153,3,1,'Stück',1,'Siemens',6,66,357,4,127,3,48,1,3,1,1,'03 Schlosserei',NULL,NULL),(145,67,154,'NH-Sicherung Gr.000 50A','3NA3820',154,0,1,'Stück',1,'Siemens',6,67,358,5,127,3,48,1,3,1,1,'03 Schlosserei',NULL,NULL),(145,68,149,'NH-Sicherung Gr.000 63A','3NA3 822',149,3,1,'Stück',1,'Siemens',0,68,359,6,127,3,48,1,3,1,1,'03 Schlosserei',NULL,NULL),(145,69,155,'NH-Sicherung Gr.000 80A','3NA3824',155,0,1,'Stück',1,'Siemens',6,69,360,7,127,3,48,1,3,1,1,'03 Schlosserei',NULL,NULL),(145,70,156,'NH-Sicherung Gr.000 100A','3NA3830',156,0,1,'Stück',1,'Siemens',6,70,361,8,127,3,48,1,3,1,1,'03 Schlosserei',NULL,NULL),(145,71,157,'NH-Sicherung Gr.00 125A','3NA3832',157,0,1,'Stück',1,'Siemens',0,71,362,9,127,3,48,1,3,1,1,'03 Schlosserei',NULL,NULL),(145,72,158,'NH-Sicherung Gr.00 160A','3NA3836',158,0,1,'Stück',1,'Siemens',6,72,363,10,127,3,48,1,3,1,1,'03 Schlosserei',NULL,NULL),(145,74,160,'NH-Sicherung Gr.1 63A','3NA3122',160,3,1,'Stück',1,'Siemens',15,74,364,1,128,4,48,1,3,1,1,'03 Schlosserei',NULL,NULL),(145,75,161,'NH-Sicherung Gr.1 100A','3NA3130',161,0,1,'Stück',1,'Siemens',4,75,365,2,128,4,48,1,3,1,1,'03 Schlosserei',NULL,NULL),(145,76,162,'NH-Sicherung Gr.1 125A','3NA3132',162,3,1,'Stück',1,'Siemens',6,76,366,3,128,4,48,1,3,1,1,'03 Schlosserei',NULL,NULL),(145,77,163,'NH-Sicherung Gr.1 160A','3NA3136',163,3,1,'Stück',1,'Siemens',11,77,367,4,128,4,48,1,3,1,1,'03 Schlosserei',NULL,NULL),(145,78,178,'NH-Sicherung Gr.1 250A','3NA3144',178,3,1,'Stück',1,'Siemens',4,78,368,1,129,5,48,1,3,1,1,'03 Schlosserei',NULL,NULL),(145,79,165,'NH-Sicherung Gr.2 80A','3NA3224',165,3,1,'Stück',1,'Siemens',1,79,369,2,129,5,48,1,3,1,1,'03 Schlosserei',NULL,NULL),(145,81,176,'NH-Sicherung Gr.1 200A','3NA3140',176,3,1,'Stück',1,'Siemens',6,81,378,5,128,4,48,1,3,1,1,'03 Schlosserei',NULL,NULL),(145,82,166,'NH-Sicherung Gr.2 100A','3NA3230',166,3,1,'Stück',1,'Siemens',4,82,370,3,129,5,48,1,3,1,1,'03 Schlosserei',NULL,NULL),(145,83,167,'NH-Sicherung Gr.2 125A','3NA3232',167,3,1,'Stück',1,'Siemens',9,83,371,4,129,5,48,1,3,1,1,'03 Schlosserei',NULL,NULL),(145,84,168,'NH-Sicherung Gr.2 160A','3NA3236',168,3,1,'Stück',1,'Siemens',3,84,372,5,129,5,48,1,3,1,1,'03 Schlosserei',NULL,NULL),(145,85,169,'NH-Sicherung Gr.2 200A','3NA3240',169,3,1,'Stück',1,'Siemens',3,85,373,6,129,5,48,1,3,1,1,'03 Schlosserei',NULL,NULL),(145,86,170,'NH-Sicherung Gr.2 250A','3NA3244',170,3,1,'Stück',1,'Siemens',9,86,374,7,129,5,48,1,3,1,1,'03 Schlosserei',NULL,NULL),(145,87,175,'NH-Sicherung Gr.2 315A','2466151',175,3,1,'Stück',1,'Siemens',12,87,382,8,129,5,48,1,3,1,1,'03 Schlosserei',NULL,NULL),(145,88,171,'NH-Sicherung Gr.2 300A','3NA3250',171,3,1,'Stück',1,'Siemens',4,88,383,1,130,6,48,1,3,1,1,'03 Schlosserei',NULL,NULL),(145,89,172,'NH-Sicherung Gr.2 355A','3NA3254',172,3,1,'Stück',1,'Siemens',4,89,384,2,130,6,48,1,3,1,1,'03 Schlosserei',NULL,NULL),(145,90,173,'NH-Sicherung Gr.3 315A','3NA3352',173,3,1,'Stück',1,'Siemens',3,90,385,3,130,6,48,1,3,1,1,'03 Schlosserei',NULL,NULL),(145,91,174,'NH-Sicherung Gr.3 400A','3NA3360',174,3,1,'Stück',1,'Siemens',4,91,386,4,130,6,48,1,3,1,1,'03 Schlosserei',NULL,NULL),(145,92,179,'Aluminium-Klemmschelle 20','AKS-E 20',179,10,1,'Stück',62,'Fränkische Rohrwerke',50,92,387,1,131,7,48,1,3,1,1,'03 Schlosserei',NULL,NULL),(145,93,180,'Aluminium-Klemmschelle 32','AKS-E 32',180,10,1,'Stück',62,'Fränkische Rohrwerke',50,93,388,2,131,7,48,1,3,1,1,'03 Schlosserei',NULL,NULL),(145,94,181,'Aluminium-Klemmschelle 40','AKS-E 40',181,5,1,'Stück',62,'Fränkische Rohrwerke',25,94,389,3,131,7,48,1,3,1,1,'03 Schlosserei',NULL,NULL),(145,95,182,'Aluminium-Klemmschelle 50','AKS-E 50',182,5,1,'Stück',62,'Fränkische Rohrwerke',25,95,390,4,131,7,48,1,3,1,1,'03 Schlosserei',NULL,NULL),(145,96,183,'Aluminium-Abstandschelle 50','ASG-E 50',183,0,1,'Stück',62,'Fränkische Rohrwerke',25,96,391,5,131,7,48,1,3,1,1,'03 Schlosserei',NULL,NULL),(145,97,184,'Edelstahl-Abstandschelle V4 32','VSG-E 32',184,5,1,'Stück',62,'Fränkische Rohrwerke',25,97,392,6,131,7,48,1,3,1,1,'03 Schlosserei',NULL,NULL),(145,98,185,'Edelstahl-Abstandschelle V4 50','VSG-E 50',185,5,1,'Stück',62,'Fränkische Rohrwerke',10,98,393,7,131,7,48,1,3,1,1,'03 Schlosserei',NULL,NULL),(145,125,235,'Lagerplatte','324 19 055 003',235,1,1,'Stück',16,'Fein',2,125,404,2,152,2,64,14,30,2,1,'03 Schlosserei',NULL,NULL),(145,126,233,'Schutzhaube 180mm','318 10 070 121',233,1,1,'Stück',16,'Fein',5,126,402,1,151,1,64,14,30,2,1,'03 Schlosserei',NULL,NULL),(145,127,236,'Antriebswelle M14','Pos.42',236,1,1,'Stück',16,'Fein',7,127,405,3,152,2,64,14,30,2,1,'03 Schlosserei',NULL,NULL),(145,128,237,'Flantsch','324 36 025 004',237,1,1,'Stück',16,'Fein',3,128,406,4,152,2,64,14,30,2,1,'03 Schlosserei',NULL,NULL),(145,129,238,'Hülse','Pos.62',238,1,1,'Stück',16,'Fein',5,129,400,3,151,1,64,14,30,2,1,'03 Schlosserei',NULL,NULL),(145,130,239,'Lagergehäuse','312 07 061 002',239,1,1,'Stück',16,'Fein',4,130,409,7,152,2,64,14,30,2,1,'03 Schlosserei',NULL,NULL),(145,131,240,'Läufer','335 08 030 011',240,1,1,'Stück',16,'Fein',3,131,410,8,152,2,64,14,30,2,1,'03 Schlosserei',NULL,NULL),(145,132,241,'Ventilationsflügel','Pos.66',241,1,1,'Stück',16,'Fein',4,132,408,6,152,2,64,14,30,2,1,'03 Schlosserei',NULL,NULL),(145,133,242,'Flügelgehäuse,43-265V','Pos.69',242,1,1,'Stück',16,'Fein',5,133,407,5,152,2,64,14,30,2,1,'03 Schlosserei',NULL,NULL),(145,134,243,'Motorgehäuse','Pos.1; 200 Hz; 265 V',243,1,1,'Stück',16,'Fein',6,134,432,6,155,5,64,14,30,2,1,'03 Schlosserei',NULL,NULL),(145,135,244,'Motorgehäuse','Pos.1; 300 Hz; 200 V',244,1,1,'Stück',16,'Fein',3,135,427,1,155,5,64,14,30,2,1,'03 Schlosserei',NULL,NULL),(145,136,247,'Kegelradgetriebe','43/31 Zähne; 200 Hz',247,1,1,'Stück',16,'Fein',1,136,430,4,155,5,64,14,30,2,1,'03 Schlosserei',NULL,NULL),(145,137,248,'Kegelradgetriebe','52/25 Zähne; 300 Hz',248,1,1,'Stück',16,'Fein',1,137,430,4,155,5,64,14,30,2,1,'03 Schlosserei',NULL,NULL),(145,138,249,'Kegelradgetriebe','49/18 Zähne; 300 Hz',249,1,1,'Stück',16,'Fein',1,138,430,4,155,5,64,14,30,2,1,'03 Schlosserei',NULL,NULL),(145,139,250,'Handgriff','Pos.92',250,1,1,'Stück',16,'Fein',4,139,424,6,154,4,64,14,30,2,1,'03 Schlosserei',NULL,NULL),(145,140,256,'Antriebswelle','Pos.320',256,1,1,'Stück',16,'Fein',8,140,415,5,153,3,64,14,30,2,1,'03 Schlosserei',NULL,NULL),(145,141,257,'Halslager','Pos.300',257,1,1,'Stück',16,'Fein',9,141,413,3,153,3,64,14,30,2,1,'03 Schlosserei',NULL,NULL),(145,142,259,'Anker','Pos.520',259,1,1,'Stück',16,'Fein',6,142,414,4,153,3,64,14,30,2,1,'03 Schlosserei',NULL,NULL),(145,143,260,'Motorgehäuse,43-265 V','Pos.10',260,1,1,'Stück',16,'Fein',4,143,401,2,151,1,64,14,30,2,1,'03 Schlosserei',NULL,NULL),(145,144,261,'Ständer mit Wicklung','Pos.20;200Hz; 265V',261,1,1,'Stück',16,'Fein',4,144,431,5,155,5,64,14,30,2,1,'03 Schlosserei',NULL,NULL),(145,145,262,'Ständer mit Wicklung','Pos.20;300Hz;200V',262,1,1,'Stück',16,'Fein',4,145,428,2,155,5,64,14,30,2,1,'03 Schlosserei',NULL,NULL),(145,146,264,'Zwischenlager','Pos.170',264,1,1,'Stück',16,'Fein',5,146,411,1,153,3,64,14,30,2,1,'03 Schlosserei',NULL,NULL),(145,147,265,'Hülse','Pos.510',265,1,1,'Stück',16,'Fein',6,147,416,6,153,3,64,14,30,2,1,'03 Schlosserei',NULL,NULL),(145,148,266,'Hülse','Pos.40',266,1,1,'Stück',16,'Fein',4,148,416,6,153,3,64,14,30,2,1,'03 Schlosserei',NULL,NULL),(145,156,67,'Ring mit Ansatz','Pos.500',67,1,1,'Stück',16,'Fein',5,156,412,2,153,3,64,14,30,2,1,'03 Schlosserei',NULL,NULL),(145,160,273,'Schnapp-Schellen NW11 ( für Rohr 13 mm)','799/11 5VC4 540-5 AL',273,0,1,'Stück',61,'Kleinhuis',50,160,442,1,162,8,48,1,3,1,1,'03 Schlosserei',NULL,NULL),(145,161,274,'Kunstoff-Klemmschelle 16','5VB4542 Type 16',274,10,1,'Stück',62,'Fränkische Rohrwerke',50,161,443,2,162,8,48,1,3,1,1,'03 Schlosserei',NULL,NULL),(145,162,275,'RO-CLIP-Rohrschelle,16mm','HCRS 16',275,0,1,'Stück',58,'Newlec',80,162,444,3,162,8,48,1,3,1,1,'03 Schlosserei',NULL,NULL),(145,163,276,'RO-CLIP-Rohrschelle,20mm','HCRS 20',276,10,1,'Stück',58,'Newlec',70,163,445,4,162,8,48,1,3,1,1,'03 Schlosserei',NULL,NULL),(145,164,278,'RO-CLIP-Rohrschelle,25mm','HCRS 25',278,10,1,'Stück',58,'Newlec',20,164,446,5,162,8,48,1,3,1,1,'03 Schlosserei',NULL,NULL),(145,165,280,'Befestigungsschellen , 28-30 mm','5VC4460',280,0,1,'Stück',61,'Kleinhuis',30,165,457,2,164,10,48,1,3,1,1,'03 Schlosserei',NULL,NULL),(145,166,279,'Befestigungsschellen , 20,5-21,5 mm','5VC4456',279,0,1,'Stück',61,'Kleinhuis',80,166,456,1,164,10,48,1,3,1,1,'03 Schlosserei',NULL,NULL),(145,167,281,'Befestigungsschellen , 20 mm','605/M20',281,0,1,'Stück',60,'OBO (Bettermann)',100,167,458,3,164,10,48,1,3,1,1,'03 Schlosserei',NULL,NULL),(145,168,282,'Befestigungsschellen , 28 mm','605/PG21',282,0,1,'Stück',60,'OBO (Bettermann)',70,168,459,4,164,10,48,1,3,1,1,'03 Schlosserei',NULL,NULL),(145,169,283,'Befestigungsschellen , 37 mm','605/PG29',283,0,1,'Stück',60,'OBO (Bettermann)',80,169,460,5,164,10,48,1,3,1,1,'03 Schlosserei',NULL,NULL),(145,170,284,'Aluminium-Steckmuffe 50','AMS-E 50',284,0,1,'Stück',62,'Fränkische Rohrwerke',6,170,459,4,164,10,48,1,3,1,1,'03 Schlosserei',NULL,NULL),(145,171,288,'Aluminium-Steckmuffe 40','AMS-E 40',288,0,1,'Stück',62,'Fränkische Rohrwerke',1,171,465,3,165,11,48,1,3,1,1,'03 Schlosserei',NULL,NULL),(145,172,287,'Aluminium-Steckmuffe 32','AMS-E 32',287,0,1,'Stück',62,'Fränkische Rohrwerke',15,172,464,2,165,11,48,1,3,1,1,'03 Schlosserei',NULL,NULL),(145,173,286,'Aluminium-Steckmuffe 20','AMS-E 20',286,0,1,'Stück',62,'Fränkische Rohrwerke',40,173,463,1,165,11,48,1,3,1,1,'03 Schlosserei',NULL,NULL),(145,175,289,'Endtüllen,PG16','5VB4173',289,0,1,'Stück',60,'OBO (Bettermann)',80,175,467,5,165,11,48,1,3,1,1,'03 Schlosserei',NULL,NULL),(145,176,290,'Endtüllen,PG42','5VB4177 207378',291,0,1,'Stück',61,'Kleinhuis',20,176,475,5,166,12,48,1,3,1,1,'03 Schlosserei',NULL,NULL),(145,178,292,'Endtülle , M20','129 M M20',292,0,1,'Stück',60,'OBO (Bettermann)',100,178,471,1,166,12,48,1,3,1,1,'03 Schlosserei',NULL,NULL),(145,179,293,'Endtülle , M32','129 M32',293,0,1,'Stück',60,'OBO (Bettermann)',20,179,472,2,166,12,48,1,3,1,1,'03 Schlosserei',NULL,NULL),(145,181,295,'Endtülle , M20','E-Ku-E 20',295,0,1,'Stück',62,'Fränkische Rohrwerke',40,181,471,1,166,12,48,1,3,1,1,'03 Schlosserei',NULL,NULL),(145,182,296,'Endtülle , M40','E-Ku-E 40',296,0,1,'Stück',62,'Fränkische Rohrwerke',140,182,473,3,166,12,48,1,3,1,1,'03 Schlosserei',NULL,NULL),(145,183,297,'Endtülle , M50','E-Ku-E 50',297,0,1,'Stück',62,'Fränkische Rohrwerke',6,183,474,4,166,12,48,1,3,1,1,'03 Schlosserei',NULL,NULL),(145,184,298,'Endtülle , PG29','?-',298,0,1,'Stück',61,'Kleinhuis',30,184,468,6,165,11,48,1,3,1,1,'03 Schlosserei',NULL,NULL),(145,185,299,'Leistungsschütz 11kW , 230VAC','LC1 D25004M5',299,1,1,'Stück',72,'Telemecanique',6,185,495,1,134,2,49,2,3,1,1,'03 Schlosserei',NULL,NULL),(145,186,300,'Sperrschütz','CA2-DK122',300,0,1,'Stück',72,'Telemecanique',2,186,496,2,134,2,49,2,3,1,1,'03 Schlosserei',NULL,NULL),(145,187,302,'Hilfsschütz 230VAC','CAD32P7',302,3,1,'Stück',72,'Telemecanique',9,187,497,3,134,2,49,2,3,1,1,'03 Schlosserei',NULL,NULL),(145,188,301,'Verklinkungsblock , 230V AC/DC','LAD6K10M',301,3,1,'Stück',72,'Telemecanique',4,188,498,4,134,2,49,2,3,1,1,'03 Schlosserei',NULL,NULL),(145,189,303,'Leistungsschütz 30kW , 230VAC','LC1 D6511P7',303,0,1,'Stück',72,'Telemecanique',3,189,499,5,134,2,49,2,3,1,1,'03 Schlosserei',NULL,NULL),(145,190,304,'Motorschützschalter 24-40 A','GV7 RS40',304,0,1,'Stück',72,'Telemecanique',2,190,500,6,134,2,49,2,3,1,1,'03 Schlosserei',NULL,NULL),(145,191,305,'Hilfskontaktblock','LA8 DN11',305,0,1,'Stück',72,'Telemecanique',6,191,501,7,134,2,49,2,3,1,1,'03 Schlosserei',NULL,NULL),(145,192,306,'Hilfskontaktblock ','LA1DN22',306,0,1,'Stück',72,'Telemecanique',19,192,502,8,134,2,49,2,3,1,1,'03 Schlosserei',NULL,NULL),(145,193,308,'Leistungsschütz 11kW , 230VAC','DILOAM',308,0,1,'Stück',2,'Moeller',9,193,506,2,135,3,49,2,3,1,1,'03 Schlosserei',NULL,NULL),(145,195,309,'Leistungsschütz 15kW , 230VAC','DIL1M',309,0,1,'Stück',2,'Moeller',5,195,509,5,135,3,49,2,3,1,1,'03 Schlosserei',NULL,NULL),(145,196,310,'Leistungsschütz 7,5kW , 24VDC','DILOM-G',310,0,1,'Stück',2,'Moeller',4,196,505,1,135,3,49,2,3,1,1,'03 Schlosserei',NULL,NULL),(145,198,311,'Leistungsschütz 11kW , 230VAC','DILM25-21',311,0,1,'Stück',2,'Moeller',4,198,507,3,135,3,49,2,3,1,1,'03 Schlosserei',NULL,NULL),(145,199,312,'Leistungsschütz 11kW , 230VAC','DILM25-10',312,0,1,'Stück',2,'Moeller',1,199,508,4,135,3,49,2,3,1,1,'03 Schlosserei',NULL,NULL),(145,200,313,'Hilfsschütz 230VAC','DIL04L-22',313,0,1,'Stück',2,'Moeller',4,200,511,6,135,3,49,2,3,1,1,'03 Schlosserei',NULL,NULL),(145,201,314,'Hilfsschütz 230VAC','DIL04L-31',314,0,1,'Stück',2,'Moeller',1,201,512,7,135,3,49,2,3,1,1,'03 Schlosserei',NULL,NULL),(145,202,315,'Hilfsschütz 230VAC','DIL04-40',315,0,1,'Stück',2,'Moeller',4,202,513,8,135,3,49,2,3,1,1,'03 Schlosserei',NULL,NULL),(145,203,316,'Hilfsschaltbaustein','22DILM',316,0,1,'Stück',2,'Moeller',1,203,514,9,135,3,49,2,3,1,1,'03 Schlosserei',NULL,NULL),(145,204,317,'Hilfsschaltbaustein','DILM32-XHI22',317,0,1,'Stück',2,'Moeller',5,204,514,9,135,3,49,2,3,1,1,'03 Schlosserei',NULL,NULL),(145,205,318,'Hilfsschaltbaustein','DILM32-XHI11',318,0,1,'Stück',2,'Moeller',5,205,514,9,135,3,49,2,3,1,1,'03 Schlosserei',NULL,NULL),(145,206,319,'Normalhilfsschalter','NHI11-PKZ0',319,0,1,'Stück',2,'Moeller',10,206,515,1,136,4,49,2,3,1,1,'03 Schlosserei',NULL,NULL),(145,207,320,'Normalhilfsschalter','NHI-E-11-PKZ0',320,0,1,'Stück',2,'Moeller',7,207,505,1,135,3,49,2,3,1,1,'03 Schlosserei',NULL,NULL),(145,208,321,'Motorschützschalter 0,16-0,25 A','PKZM0-0,25',321,0,1,'Stück',2,'Moeller',1,208,516,2,136,4,49,2,3,1,1,'03 Schlosserei',NULL,NULL),(145,209,322,'Motorschützschalter 0,63-1,0 A','PKZM0-1',322,0,1,'Stück',2,'Moeller',1,209,516,2,136,4,49,2,3,1,1,'03 Schlosserei',NULL,NULL),(145,210,323,'Motorschützschalter 1,0-1,6 A','PKZM0-1,6',323,0,1,'Stück',2,'Moeller',1,210,516,2,136,4,49,2,3,1,1,'03 Schlosserei',NULL,NULL),(145,211,324,'Motorschützschalter 1,6-2,5 A','PKZM0-2,5',324,0,1,'Stück',2,'Moeller',1,211,516,2,136,4,49,2,3,1,1,'03 Schlosserei',NULL,NULL),(145,212,325,'Motorschützschalter 6,3-10 A','PKZM0-10',325,0,1,'Stück',2,'Moeller',1,212,517,3,136,4,49,2,3,1,1,'03 Schlosserei',NULL,NULL),(145,213,326,'Motorschützschalter 4,0-6,3 A','PKZM0-6,3',326,0,1,'Stück',2,'Moeller',2,213,517,3,136,4,49,2,3,1,1,'03 Schlosserei',NULL,NULL),(145,216,328,'Motorschützschalter 20-25 A','PKZM0-25',328,0,1,'Stück',2,'Moeller',2,216,518,4,136,4,49,2,3,1,1,'03 Schlosserei',NULL,NULL),(145,217,329,'Motorschützschalter 4,0 A','GV2 LE08 4A',329,0,1,'Stück',72,'Telemecanique',2,217,519,5,136,4,49,2,3,1,1,'03 Schlosserei',NULL,NULL),(145,218,330,'Motorschützschalter 10 A','GV2 LE14 10A',330,0,1,'Stück',72,'Telemecanique',2,218,520,6,136,4,49,2,3,1,1,'03 Schlosserei',NULL,NULL),(145,219,331,'Instalationsschütz 63A','ESB 63-40',11000331,0,1,'Stück',73,'ABB',1,219,510,10,135,3,49,2,3,1,1,'03 Schlosserei',NULL,NULL),(145,220,332,'Instalationsschütz 24A','ESB24-31',100332,0,1,'Stück',73,'ABB',1,220,510,10,135,3,49,2,3,1,1,'03 Schlosserei',NULL,NULL),(145,221,333,'Instalationsschütz 24A','ESB24-40',1100333,0,1,'Stück',73,'ABB',2,221,510,10,135,3,49,2,3,1,1,'03 Schlosserei',NULL,NULL),(145,223,335,'Instalationsschütz 40A (Last-Fernschalter)','5TT3 806',11000335,0,1,'Stück',1,'Siemens',1,223,510,10,135,3,49,2,3,1,1,'03 Schlosserei',NULL,NULL),(145,225,337,'Koppelrelais','IK8802.12AC/DC24V',1000337,0,1,'Stück',74,'E.Dold & Söhne KG',2,225,516,2,136,4,49,2,3,1,1,'03 Schlosserei',NULL,NULL),(145,226,338,'Koppelrelais','IK8802.12/023AC/DC230V',1000338,0,1,'Stück',74,'E.Dold & Söhne KG',15,226,515,1,136,4,49,2,3,1,1,'03 Schlosserei',NULL,NULL),(145,227,339,'Koppelrelais','IK8701.12AC 50HZ 230V',100339,0,1,'Stück',74,'E.Dold & Söhne KG',7,227,517,3,136,4,49,2,3,1,1,'03 Schlosserei',NULL,NULL),(146,7,72,'3~Motor; 0,55kW; 705U/min','AR 90L-8',72,1,1,'Stück',34,'Unitec AG',1,7,18,1,3,1,11,1,5,1,15,'Modellager',NULL,NULL),(146,13,10,'Drahtseil','8x36+SES zS/20 mm/42 m',10,1,1,'Stück',65,'Pfeifer',1,13,19,2,3,1,11,1,5,1,15,'Modellager',NULL,NULL),(146,33,141,'Rohr-Abstandschellen,30-38 mm','733',141,0,1,'Stück',60,'OBO (Bettermann)',100,33,339,4,126,2,48,1,3,1,1,'03 Schlosserei',NULL,NULL),(146,34,139,'Rohr-Abstandschellen,24-29 mm','733/M25 PG 21',139,0,1,'Stück',60,'OBO (Bettermann)',100,34,338,3,126,2,48,1,3,1,1,'03 Schlosserei',NULL,NULL),(146,35,138,'Rohr-Abstandschellen,21-23 mm','733 PG 16',138,0,1,'Stück',60,'OBO (Bettermann)',100,35,337,2,126,2,48,1,3,1,1,'03 Schlosserei',NULL,NULL),(146,36,1,'Schütz','3RT1036-1A / 22,0kW',1,2,1,'Stück',1,'Siemens',124,36,336,1,126,2,48,1,3,1,1,'03 Schlosserei',NULL,NULL),(146,48,143,'111111','11111',1111,1,3,'Eimer',9,'Bauer',1,48,26,1,2,2,11,1,5,1,15,'Modellager',NULL,NULL),(146,49,143,'111111','11111',1111,1,3,'Eimer',9,'Bauer',2,49,26,1,2,2,11,1,5,1,15,'Modellager',NULL,NULL),(146,51,143,'111111','11111',1111,1,3,'Eimer',9,'Bauer',1,51,18,1,3,1,11,1,5,1,15,'Modellager',NULL,NULL),(146,56,147,'Rohr-Abstandschellen,39-48 mm','733/M40 PG36',147,0,1,'Stück',60,'OBO (Bettermann)',50,56,340,5,126,2,48,1,3,1,1,'03 Schlosserei',NULL,NULL),(146,61,148,'Rohr-Abstandschellen,47-55 mm','5VC4895',148,0,1,'Stück',61,'Kleinhuis',2,61,341,6,126,2,48,1,3,1,1,'03 Schlosserei',NULL,NULL),(146,63,150,'NH-Sicherung Gr.000 16A','3NA3805',150,0,1,'Stück',1,'Siemens',6,63,354,1,127,3,48,1,3,1,1,'03 Schlosserei',NULL,NULL),(146,64,151,'NH-Sicherung Gr.000 20A','3NA3807',151,3,1,'Stück',1,'Siemens',6,64,355,2,127,3,48,1,3,1,1,'03 Schlosserei',NULL,NULL),(146,65,152,'NH-Sicherung Gr.000 25A','3NA3810',152,0,1,'Stück',1,'Siemens',6,65,356,3,127,3,48,1,3,1,1,'03 Schlosserei',NULL,NULL),(146,66,153,'NH-Sicherung Gr.000 35A','3NA3814',153,3,1,'Stück',1,'Siemens',6,66,357,4,127,3,48,1,3,1,1,'03 Schlosserei',NULL,NULL),(146,67,154,'NH-Sicherung Gr.000 50A','3NA3820',154,0,1,'Stück',1,'Siemens',6,67,358,5,127,3,48,1,3,1,1,'03 Schlosserei',NULL,NULL),(146,68,149,'NH-Sicherung Gr.000 63A','3NA3 822',149,3,1,'Stück',1,'Siemens',0,68,359,6,127,3,48,1,3,1,1,'03 Schlosserei',NULL,NULL),(146,69,155,'NH-Sicherung Gr.000 80A','3NA3824',155,0,1,'Stück',1,'Siemens',6,69,360,7,127,3,48,1,3,1,1,'03 Schlosserei',NULL,NULL),(146,70,156,'NH-Sicherung Gr.000 100A','3NA3830',156,0,1,'Stück',1,'Siemens',6,70,361,8,127,3,48,1,3,1,1,'03 Schlosserei',NULL,NULL),(146,71,157,'NH-Sicherung Gr.00 125A','3NA3832',157,0,1,'Stück',1,'Siemens',0,71,362,9,127,3,48,1,3,1,1,'03 Schlosserei',NULL,NULL),(146,72,158,'NH-Sicherung Gr.00 160A','3NA3836',158,0,1,'Stück',1,'Siemens',6,72,363,10,127,3,48,1,3,1,1,'03 Schlosserei',NULL,NULL),(146,74,160,'NH-Sicherung Gr.1 63A','3NA3122',160,3,1,'Stück',1,'Siemens',15,74,364,1,128,4,48,1,3,1,1,'03 Schlosserei',NULL,NULL),(146,75,161,'NH-Sicherung Gr.1 100A','3NA3130',161,0,1,'Stück',1,'Siemens',4,75,365,2,128,4,48,1,3,1,1,'03 Schlosserei',NULL,NULL),(146,76,162,'NH-Sicherung Gr.1 125A','3NA3132',162,3,1,'Stück',1,'Siemens',6,76,366,3,128,4,48,1,3,1,1,'03 Schlosserei',NULL,NULL),(146,77,163,'NH-Sicherung Gr.1 160A','3NA3136',163,3,1,'Stück',1,'Siemens',11,77,367,4,128,4,48,1,3,1,1,'03 Schlosserei',NULL,NULL),(146,78,178,'NH-Sicherung Gr.1 250A','3NA3144',178,3,1,'Stück',1,'Siemens',4,78,368,1,129,5,48,1,3,1,1,'03 Schlosserei',NULL,NULL),(146,79,165,'NH-Sicherung Gr.2 80A','3NA3224',165,3,1,'Stück',1,'Siemens',1,79,369,2,129,5,48,1,3,1,1,'03 Schlosserei',NULL,NULL),(146,81,176,'NH-Sicherung Gr.1 200A','3NA3140',176,3,1,'Stück',1,'Siemens',6,81,378,5,128,4,48,1,3,1,1,'03 Schlosserei',NULL,NULL),(146,82,166,'NH-Sicherung Gr.2 100A','3NA3230',166,3,1,'Stück',1,'Siemens',4,82,370,3,129,5,48,1,3,1,1,'03 Schlosserei',NULL,NULL),(146,83,167,'NH-Sicherung Gr.2 125A','3NA3232',167,3,1,'Stück',1,'Siemens',9,83,371,4,129,5,48,1,3,1,1,'03 Schlosserei',NULL,NULL),(146,84,168,'NH-Sicherung Gr.2 160A','3NA3236',168,3,1,'Stück',1,'Siemens',3,84,372,5,129,5,48,1,3,1,1,'03 Schlosserei',NULL,NULL),(146,85,169,'NH-Sicherung Gr.2 200A','3NA3240',169,3,1,'Stück',1,'Siemens',3,85,373,6,129,5,48,1,3,1,1,'03 Schlosserei',NULL,NULL),(146,86,170,'NH-Sicherung Gr.2 250A','3NA3244',170,3,1,'Stück',1,'Siemens',9,86,374,7,129,5,48,1,3,1,1,'03 Schlosserei',NULL,NULL),(146,87,175,'NH-Sicherung Gr.2 315A','2466151',175,3,1,'Stück',1,'Siemens',12,87,382,8,129,5,48,1,3,1,1,'03 Schlosserei',NULL,NULL),(146,88,171,'NH-Sicherung Gr.2 300A','3NA3250',171,3,1,'Stück',1,'Siemens',4,88,383,1,130,6,48,1,3,1,1,'03 Schlosserei',NULL,NULL),(146,89,172,'NH-Sicherung Gr.2 355A','3NA3254',172,3,1,'Stück',1,'Siemens',4,89,384,2,130,6,48,1,3,1,1,'03 Schlosserei',NULL,NULL),(146,90,173,'NH-Sicherung Gr.3 315A','3NA3352',173,3,1,'Stück',1,'Siemens',3,90,385,3,130,6,48,1,3,1,1,'03 Schlosserei',NULL,NULL),(146,91,174,'NH-Sicherung Gr.3 400A','3NA3360',174,3,1,'Stück',1,'Siemens',4,91,386,4,130,6,48,1,3,1,1,'03 Schlosserei',NULL,NULL),(146,92,179,'Aluminium-Klemmschelle 20','AKS-E 20',179,10,1,'Stück',62,'Fränkische Rohrwerke',50,92,387,1,131,7,48,1,3,1,1,'03 Schlosserei',NULL,NULL),(146,93,180,'Aluminium-Klemmschelle 32','AKS-E 32',180,10,1,'Stück',62,'Fränkische Rohrwerke',50,93,388,2,131,7,48,1,3,1,1,'03 Schlosserei',NULL,NULL),(146,94,181,'Aluminium-Klemmschelle 40','AKS-E 40',181,5,1,'Stück',62,'Fränkische Rohrwerke',25,94,389,3,131,7,48,1,3,1,1,'03 Schlosserei',NULL,NULL),(146,95,182,'Aluminium-Klemmschelle 50','AKS-E 50',182,5,1,'Stück',62,'Fränkische Rohrwerke',25,95,390,4,131,7,48,1,3,1,1,'03 Schlosserei',NULL,NULL),(146,96,183,'Aluminium-Abstandschelle 50','ASG-E 50',183,0,1,'Stück',62,'Fränkische Rohrwerke',25,96,391,5,131,7,48,1,3,1,1,'03 Schlosserei',NULL,NULL),(146,97,184,'Edelstahl-Abstandschelle V4 32','VSG-E 32',184,5,1,'Stück',62,'Fränkische Rohrwerke',25,97,392,6,131,7,48,1,3,1,1,'03 Schlosserei',NULL,NULL),(146,98,185,'Edelstahl-Abstandschelle V4 50','VSG-E 50',185,5,1,'Stück',62,'Fränkische Rohrwerke',10,98,393,7,131,7,48,1,3,1,1,'03 Schlosserei',NULL,NULL),(146,125,235,'Lagerplatte','324 19 055 003',235,1,1,'Stück',16,'Fein',2,125,404,2,152,2,64,14,30,2,1,'03 Schlosserei',NULL,NULL),(146,126,233,'Schutzhaube 180mm','318 10 070 121',233,1,1,'Stück',16,'Fein',5,126,402,1,151,1,64,14,30,2,1,'03 Schlosserei',NULL,NULL),(146,127,236,'Antriebswelle M14','Pos.42',236,1,1,'Stück',16,'Fein',7,127,405,3,152,2,64,14,30,2,1,'03 Schlosserei',NULL,NULL),(146,128,237,'Flantsch','324 36 025 004',237,1,1,'Stück',16,'Fein',3,128,406,4,152,2,64,14,30,2,1,'03 Schlosserei',NULL,NULL),(146,129,238,'Hülse','Pos.62',238,1,1,'Stück',16,'Fein',5,129,400,3,151,1,64,14,30,2,1,'03 Schlosserei',NULL,NULL),(146,130,239,'Lagergehäuse','312 07 061 002',239,1,1,'Stück',16,'Fein',4,130,409,7,152,2,64,14,30,2,1,'03 Schlosserei',NULL,NULL),(146,131,240,'Läufer','335 08 030 011',240,1,1,'Stück',16,'Fein',3,131,410,8,152,2,64,14,30,2,1,'03 Schlosserei',NULL,NULL),(146,132,241,'Ventilationsflügel','Pos.66',241,1,1,'Stück',16,'Fein',4,132,408,6,152,2,64,14,30,2,1,'03 Schlosserei',NULL,NULL),(146,133,242,'Flügelgehäuse,43-265V','Pos.69',242,1,1,'Stück',16,'Fein',5,133,407,5,152,2,64,14,30,2,1,'03 Schlosserei',NULL,NULL),(146,134,243,'Motorgehäuse','Pos.1; 200 Hz; 265 V',243,1,1,'Stück',16,'Fein',6,134,432,6,155,5,64,14,30,2,1,'03 Schlosserei',NULL,NULL),(146,135,244,'Motorgehäuse','Pos.1; 300 Hz; 200 V',244,1,1,'Stück',16,'Fein',3,135,427,1,155,5,64,14,30,2,1,'03 Schlosserei',NULL,NULL),(146,136,247,'Kegelradgetriebe','43/31 Zähne; 200 Hz',247,1,1,'Stück',16,'Fein',1,136,430,4,155,5,64,14,30,2,1,'03 Schlosserei',NULL,NULL),(146,137,248,'Kegelradgetriebe','52/25 Zähne; 300 Hz',248,1,1,'Stück',16,'Fein',1,137,430,4,155,5,64,14,30,2,1,'03 Schlosserei',NULL,NULL),(146,138,249,'Kegelradgetriebe','49/18 Zähne; 300 Hz',249,1,1,'Stück',16,'Fein',1,138,430,4,155,5,64,14,30,2,1,'03 Schlosserei',NULL,NULL),(146,139,250,'Handgriff','Pos.92',250,1,1,'Stück',16,'Fein',4,139,424,6,154,4,64,14,30,2,1,'03 Schlosserei',NULL,NULL),(146,140,256,'Antriebswelle','Pos.320',256,1,1,'Stück',16,'Fein',8,140,415,5,153,3,64,14,30,2,1,'03 Schlosserei',NULL,NULL),(146,141,257,'Halslager','Pos.300',257,1,1,'Stück',16,'Fein',9,141,413,3,153,3,64,14,30,2,1,'03 Schlosserei',NULL,NULL),(146,142,259,'Anker','Pos.520',259,1,1,'Stück',16,'Fein',6,142,414,4,153,3,64,14,30,2,1,'03 Schlosserei',NULL,NULL),(146,143,260,'Motorgehäuse,43-265 V','Pos.10',260,1,1,'Stück',16,'Fein',4,143,401,2,151,1,64,14,30,2,1,'03 Schlosserei',NULL,NULL),(146,144,261,'Ständer mit Wicklung','Pos.20;200Hz; 265V',261,1,1,'Stück',16,'Fein',4,144,431,5,155,5,64,14,30,2,1,'03 Schlosserei',NULL,NULL),(146,145,262,'Ständer mit Wicklung','Pos.20;300Hz;200V',262,1,1,'Stück',16,'Fein',4,145,428,2,155,5,64,14,30,2,1,'03 Schlosserei',NULL,NULL),(146,146,264,'Zwischenlager','Pos.170',264,1,1,'Stück',16,'Fein',5,146,411,1,153,3,64,14,30,2,1,'03 Schlosserei',NULL,NULL),(146,147,265,'Hülse','Pos.510',265,1,1,'Stück',16,'Fein',6,147,416,6,153,3,64,14,30,2,1,'03 Schlosserei',NULL,NULL),(146,148,266,'Hülse','Pos.40',266,1,1,'Stück',16,'Fein',4,148,416,6,153,3,64,14,30,2,1,'03 Schlosserei',NULL,NULL),(146,156,67,'Ring mit Ansatz','Pos.500',67,1,1,'Stück',16,'Fein',5,156,412,2,153,3,64,14,30,2,1,'03 Schlosserei',NULL,NULL),(146,160,273,'Schnapp-Schellen NW11 ( für Rohr 13 mm)','799/11 5VC4 540-5 AL',273,0,1,'Stück',61,'Kleinhuis',50,160,442,1,162,8,48,1,3,1,1,'03 Schlosserei',NULL,NULL),(146,161,274,'Kunstoff-Klemmschelle 16','5VB4542 Type 16',274,10,1,'Stück',62,'Fränkische Rohrwerke',50,161,443,2,162,8,48,1,3,1,1,'03 Schlosserei',NULL,NULL),(146,162,275,'RO-CLIP-Rohrschelle,16mm','HCRS 16',275,0,1,'Stück',58,'Newlec',80,162,444,3,162,8,48,1,3,1,1,'03 Schlosserei',NULL,NULL),(146,163,276,'RO-CLIP-Rohrschelle,20mm','HCRS 20',276,10,1,'Stück',58,'Newlec',70,163,445,4,162,8,48,1,3,1,1,'03 Schlosserei',NULL,NULL),(146,164,278,'RO-CLIP-Rohrschelle,25mm','HCRS 25',278,10,1,'Stück',58,'Newlec',20,164,446,5,162,8,48,1,3,1,1,'03 Schlosserei',NULL,NULL),(146,165,280,'Befestigungsschellen , 28-30 mm','5VC4460',280,0,1,'Stück',61,'Kleinhuis',30,165,457,2,164,10,48,1,3,1,1,'03 Schlosserei',NULL,NULL),(146,166,279,'Befestigungsschellen , 20,5-21,5 mm','5VC4456',279,0,1,'Stück',61,'Kleinhuis',80,166,456,1,164,10,48,1,3,1,1,'03 Schlosserei',NULL,NULL),(146,167,281,'Befestigungsschellen , 20 mm','605/M20',281,0,1,'Stück',60,'OBO (Bettermann)',100,167,458,3,164,10,48,1,3,1,1,'03 Schlosserei',NULL,NULL),(146,168,282,'Befestigungsschellen , 28 mm','605/PG21',282,0,1,'Stück',60,'OBO (Bettermann)',70,168,459,4,164,10,48,1,3,1,1,'03 Schlosserei',NULL,NULL),(146,169,283,'Befestigungsschellen , 37 mm','605/PG29',283,0,1,'Stück',60,'OBO (Bettermann)',80,169,460,5,164,10,48,1,3,1,1,'03 Schlosserei',NULL,NULL),(146,170,284,'Aluminium-Steckmuffe 50','AMS-E 50',284,0,1,'Stück',62,'Fränkische Rohrwerke',6,170,459,4,164,10,48,1,3,1,1,'03 Schlosserei',NULL,NULL),(146,171,288,'Aluminium-Steckmuffe 40','AMS-E 40',288,0,1,'Stück',62,'Fränkische Rohrwerke',1,171,465,3,165,11,48,1,3,1,1,'03 Schlosserei',NULL,NULL),(146,172,287,'Aluminium-Steckmuffe 32','AMS-E 32',287,0,1,'Stück',62,'Fränkische Rohrwerke',15,172,464,2,165,11,48,1,3,1,1,'03 Schlosserei',NULL,NULL),(146,173,286,'Aluminium-Steckmuffe 20','AMS-E 20',286,0,1,'Stück',62,'Fränkische Rohrwerke',40,173,463,1,165,11,48,1,3,1,1,'03 Schlosserei',NULL,NULL),(146,175,289,'Endtüllen,PG16','5VB4173',289,0,1,'Stück',60,'OBO (Bettermann)',80,175,467,5,165,11,48,1,3,1,1,'03 Schlosserei',NULL,NULL),(146,176,290,'Endtüllen,PG42','5VB4177 207378',291,0,1,'Stück',61,'Kleinhuis',20,176,475,5,166,12,48,1,3,1,1,'03 Schlosserei',NULL,NULL),(146,178,292,'Endtülle , M20','129 M M20',292,0,1,'Stück',60,'OBO (Bettermann)',100,178,471,1,166,12,48,1,3,1,1,'03 Schlosserei',NULL,NULL),(146,179,293,'Endtülle , M32','129 M32',293,0,1,'Stück',60,'OBO (Bettermann)',20,179,472,2,166,12,48,1,3,1,1,'03 Schlosserei',NULL,NULL),(146,181,295,'Endtülle , M20','E-Ku-E 20',295,0,1,'Stück',62,'Fränkische Rohrwerke',40,181,471,1,166,12,48,1,3,1,1,'03 Schlosserei',NULL,NULL),(146,182,296,'Endtülle , M40','E-Ku-E 40',296,0,1,'Stück',62,'Fränkische Rohrwerke',140,182,473,3,166,12,48,1,3,1,1,'03 Schlosserei',NULL,NULL),(146,183,297,'Endtülle , M50','E-Ku-E 50',297,0,1,'Stück',62,'Fränkische Rohrwerke',6,183,474,4,166,12,48,1,3,1,1,'03 Schlosserei',NULL,NULL),(146,184,298,'Endtülle , PG29','?-',298,0,1,'Stück',61,'Kleinhuis',30,184,468,6,165,11,48,1,3,1,1,'03 Schlosserei',NULL,NULL),(146,185,299,'Leistungsschütz 11kW , 230VAC','LC1 D25004M5',299,1,1,'Stück',72,'Telemecanique',6,185,495,1,134,2,49,2,3,1,1,'03 Schlosserei',NULL,NULL),(146,186,300,'Sperrschütz','CA2-DK122',300,0,1,'Stück',72,'Telemecanique',2,186,496,2,134,2,49,2,3,1,1,'03 Schlosserei',NULL,NULL),(146,187,302,'Hilfsschütz 230VAC','CAD32P7',302,3,1,'Stück',72,'Telemecanique',9,187,497,3,134,2,49,2,3,1,1,'03 Schlosserei',NULL,NULL),(146,188,301,'Verklinkungsblock , 230V AC/DC','LAD6K10M',301,3,1,'Stück',72,'Telemecanique',4,188,498,4,134,2,49,2,3,1,1,'03 Schlosserei',NULL,NULL),(146,189,303,'Leistungsschütz 30kW , 230VAC','LC1 D6511P7',303,0,1,'Stück',72,'Telemecanique',3,189,499,5,134,2,49,2,3,1,1,'03 Schlosserei',NULL,NULL),(146,190,304,'Motorschützschalter 24-40 A','GV7 RS40',304,0,1,'Stück',72,'Telemecanique',2,190,500,6,134,2,49,2,3,1,1,'03 Schlosserei',NULL,NULL),(146,191,305,'Hilfskontaktblock','LA8 DN11',305,0,1,'Stück',72,'Telemecanique',6,191,501,7,134,2,49,2,3,1,1,'03 Schlosserei',NULL,NULL),(146,192,306,'Hilfskontaktblock ','LA1DN22',306,0,1,'Stück',72,'Telemecanique',19,192,502,8,134,2,49,2,3,1,1,'03 Schlosserei',NULL,NULL),(146,193,308,'Leistungsschütz 11kW , 230VAC','DILOAM',308,0,1,'Stück',2,'Moeller',9,193,506,2,135,3,49,2,3,1,1,'03 Schlosserei',NULL,NULL),(146,195,309,'Leistungsschütz 15kW , 230VAC','DIL1M',309,0,1,'Stück',2,'Moeller',5,195,509,5,135,3,49,2,3,1,1,'03 Schlosserei',NULL,NULL),(146,196,310,'Leistungsschütz 7,5kW , 24VDC','DILOM-G',310,0,1,'Stück',2,'Moeller',4,196,505,1,135,3,49,2,3,1,1,'03 Schlosserei',NULL,NULL),(146,198,311,'Leistungsschütz 11kW , 230VAC','DILM25-21',311,0,1,'Stück',2,'Moeller',4,198,507,3,135,3,49,2,3,1,1,'03 Schlosserei',NULL,NULL),(146,199,312,'Leistungsschütz 11kW , 230VAC','DILM25-10',312,0,1,'Stück',2,'Moeller',1,199,508,4,135,3,49,2,3,1,1,'03 Schlosserei',NULL,NULL),(146,200,313,'Hilfsschütz 230VAC','DIL04L-22',313,0,1,'Stück',2,'Moeller',4,200,511,6,135,3,49,2,3,1,1,'03 Schlosserei',NULL,NULL),(146,201,314,'Hilfsschütz 230VAC','DIL04L-31',314,0,1,'Stück',2,'Moeller',1,201,512,7,135,3,49,2,3,1,1,'03 Schlosserei',NULL,NULL),(146,202,315,'Hilfsschütz 230VAC','DIL04-40',315,0,1,'Stück',2,'Moeller',4,202,513,8,135,3,49,2,3,1,1,'03 Schlosserei',NULL,NULL),(146,203,316,'Hilfsschaltbaustein','22DILM',316,0,1,'Stück',2,'Moeller',1,203,514,9,135,3,49,2,3,1,1,'03 Schlosserei',NULL,NULL),(146,204,317,'Hilfsschaltbaustein','DILM32-XHI22',317,0,1,'Stück',2,'Moeller',5,204,514,9,135,3,49,2,3,1,1,'03 Schlosserei',NULL,NULL),(146,205,318,'Hilfsschaltbaustein','DILM32-XHI11',318,0,1,'Stück',2,'Moeller',5,205,514,9,135,3,49,2,3,1,1,'03 Schlosserei',NULL,NULL),(146,206,319,'Normalhilfsschalter','NHI11-PKZ0',319,0,1,'Stück',2,'Moeller',10,206,515,1,136,4,49,2,3,1,1,'03 Schlosserei',NULL,NULL),(146,207,320,'Normalhilfsschalter','NHI-E-11-PKZ0',320,0,1,'Stück',2,'Moeller',7,207,505,1,135,3,49,2,3,1,1,'03 Schlosserei',NULL,NULL),(146,208,321,'Motorschützschalter 0,16-0,25 A','PKZM0-0,25',321,0,1,'Stück',2,'Moeller',1,208,516,2,136,4,49,2,3,1,1,'03 Schlosserei',NULL,NULL),(146,209,322,'Motorschützschalter 0,63-1,0 A','PKZM0-1',322,0,1,'Stück',2,'Moeller',1,209,516,2,136,4,49,2,3,1,1,'03 Schlosserei',NULL,NULL),(146,210,323,'Motorschützschalter 1,0-1,6 A','PKZM0-1,6',323,0,1,'Stück',2,'Moeller',1,210,516,2,136,4,49,2,3,1,1,'03 Schlosserei',NULL,NULL),(146,211,324,'Motorschützschalter 1,6-2,5 A','PKZM0-2,5',324,0,1,'Stück',2,'Moeller',1,211,516,2,136,4,49,2,3,1,1,'03 Schlosserei',NULL,NULL),(146,212,325,'Motorschützschalter 6,3-10 A','PKZM0-10',325,0,1,'Stück',2,'Moeller',1,212,517,3,136,4,49,2,3,1,1,'03 Schlosserei',NULL,NULL),(146,213,326,'Motorschützschalter 4,0-6,3 A','PKZM0-6,3',326,0,1,'Stück',2,'Moeller',2,213,517,3,136,4,49,2,3,1,1,'03 Schlosserei',NULL,NULL),(146,216,328,'Motorschützschalter 20-25 A','PKZM0-25',328,0,1,'Stück',2,'Moeller',2,216,518,4,136,4,49,2,3,1,1,'03 Schlosserei',NULL,NULL),(146,217,329,'Motorschützschalter 4,0 A','GV2 LE08 4A',329,0,1,'Stück',72,'Telemecanique',2,217,519,5,136,4,49,2,3,1,1,'03 Schlosserei',NULL,NULL),(146,218,330,'Motorschützschalter 10 A','GV2 LE14 10A',330,0,1,'Stück',72,'Telemecanique',2,218,520,6,136,4,49,2,3,1,1,'03 Schlosserei',NULL,NULL),(146,219,331,'Instalationsschütz 63A','ESB 63-40',11000331,0,1,'Stück',73,'ABB',1,219,510,10,135,3,49,2,3,1,1,'03 Schlosserei',NULL,NULL),(146,220,332,'Instalationsschütz 24A','ESB24-31',100332,0,1,'Stück',73,'ABB',1,220,510,10,135,3,49,2,3,1,1,'03 Schlosserei',NULL,NULL),(146,221,333,'Instalationsschütz 24A','ESB24-40',1100333,0,1,'Stück',73,'ABB',2,221,510,10,135,3,49,2,3,1,1,'03 Schlosserei',NULL,NULL),(146,223,335,'Instalationsschütz 40A (Last-Fernschalter)','5TT3 806',11000335,0,1,'Stück',1,'Siemens',1,223,510,10,135,3,49,2,3,1,1,'03 Schlosserei',NULL,NULL),(146,225,337,'Koppelrelais','IK8802.12AC/DC24V',1000337,0,1,'Stück',74,'E.Dold & Söhne KG',2,225,516,2,136,4,49,2,3,1,1,'03 Schlosserei',NULL,NULL),(146,226,338,'Koppelrelais','IK8802.12/023AC/DC230V',1000338,0,1,'Stück',74,'E.Dold & Söhne KG',15,226,515,1,136,4,49,2,3,1,1,'03 Schlosserei',NULL,NULL),(146,227,339,'Koppelrelais','IK8701.12AC 50HZ 230V',100339,0,1,'Stück',74,'E.Dold & Söhne KG',7,227,517,3,136,4,49,2,3,1,1,'03 Schlosserei',NULL,NULL),(147,7,72,'3~Motor; 0,55kW; 705U/min','AR 90L-8',72,1,1,'Stück',34,'Unitec AG',1,7,18,1,3,1,11,1,5,1,15,'Modellager',NULL,NULL),(147,13,10,'Drahtseil','8x36+SES zS/20 mm/42 m',10,1,1,'Stück',65,'Pfeifer',1,13,19,2,3,1,11,1,5,1,15,'Modellager',NULL,NULL),(147,33,141,'Rohr-Abstandschellen,30-38 mm','733',141,0,1,'Stück',60,'OBO (Bettermann)',100,33,339,4,126,2,48,1,3,1,1,'03 Schlosserei',NULL,NULL),(147,34,139,'Rohr-Abstandschellen,24-29 mm','733/M25 PG 21',139,0,1,'Stück',60,'OBO (Bettermann)',100,34,338,3,126,2,48,1,3,1,1,'03 Schlosserei',NULL,NULL),(147,35,138,'Rohr-Abstandschellen,21-23 mm','733 PG 16',138,0,1,'Stück',60,'OBO (Bettermann)',100,35,337,2,126,2,48,1,3,1,1,'03 Schlosserei',NULL,NULL),(147,36,1,'Schütz','3RT1036-1A / 22,0kW',1,2,1,'Stück',1,'Siemens',124,36,336,1,126,2,48,1,3,1,1,'03 Schlosserei',NULL,NULL),(147,48,143,'111111','11111',1111,1,3,'Eimer',9,'Bauer',1,48,26,1,2,2,11,1,5,1,15,'Modellager',NULL,NULL),(147,49,143,'111111','11111',1111,1,3,'Eimer',9,'Bauer',2,49,26,1,2,2,11,1,5,1,15,'Modellager',NULL,NULL),(147,51,143,'111111','11111',1111,1,3,'Eimer',9,'Bauer',1,51,18,1,3,1,11,1,5,1,15,'Modellager',NULL,NULL),(147,56,147,'Rohr-Abstandschellen,39-48 mm','733/M40 PG36',147,0,1,'Stück',60,'OBO (Bettermann)',50,56,340,5,126,2,48,1,3,1,1,'03 Schlosserei',NULL,NULL),(147,61,148,'Rohr-Abstandschellen,47-55 mm','5VC4895',148,0,1,'Stück',61,'Kleinhuis',2,61,341,6,126,2,48,1,3,1,1,'03 Schlosserei',NULL,NULL),(147,63,150,'NH-Sicherung Gr.000 16A','3NA3805',150,0,1,'Stück',1,'Siemens',6,63,354,1,127,3,48,1,3,1,1,'03 Schlosserei',NULL,NULL),(147,64,151,'NH-Sicherung Gr.000 20A','3NA3807',151,3,1,'Stück',1,'Siemens',6,64,355,2,127,3,48,1,3,1,1,'03 Schlosserei',NULL,NULL),(147,65,152,'NH-Sicherung Gr.000 25A','3NA3810',152,0,1,'Stück',1,'Siemens',6,65,356,3,127,3,48,1,3,1,1,'03 Schlosserei',NULL,NULL),(147,66,153,'NH-Sicherung Gr.000 35A','3NA3814',153,3,1,'Stück',1,'Siemens',6,66,357,4,127,3,48,1,3,1,1,'03 Schlosserei',NULL,NULL),(147,67,154,'NH-Sicherung Gr.000 50A','3NA3820',154,0,1,'Stück',1,'Siemens',6,67,358,5,127,3,48,1,3,1,1,'03 Schlosserei',NULL,NULL),(147,68,149,'NH-Sicherung Gr.000 63A','3NA3 822',149,3,1,'Stück',1,'Siemens',0,68,359,6,127,3,48,1,3,1,1,'03 Schlosserei',NULL,NULL),(147,69,155,'NH-Sicherung Gr.000 80A','3NA3824',155,0,1,'Stück',1,'Siemens',6,69,360,7,127,3,48,1,3,1,1,'03 Schlosserei',NULL,NULL),(147,70,156,'NH-Sicherung Gr.000 100A','3NA3830',156,0,1,'Stück',1,'Siemens',6,70,361,8,127,3,48,1,3,1,1,'03 Schlosserei',NULL,NULL),(147,71,157,'NH-Sicherung Gr.00 125A','3NA3832',157,0,1,'Stück',1,'Siemens',0,71,362,9,127,3,48,1,3,1,1,'03 Schlosserei',NULL,NULL),(147,72,158,'NH-Sicherung Gr.00 160A','3NA3836',158,0,1,'Stück',1,'Siemens',6,72,363,10,127,3,48,1,3,1,1,'03 Schlosserei',NULL,NULL),(147,74,160,'NH-Sicherung Gr.1 63A','3NA3122',160,3,1,'Stück',1,'Siemens',15,74,364,1,128,4,48,1,3,1,1,'03 Schlosserei',NULL,NULL),(147,75,161,'NH-Sicherung Gr.1 100A','3NA3130',161,0,1,'Stück',1,'Siemens',4,75,365,2,128,4,48,1,3,1,1,'03 Schlosserei',NULL,NULL),(147,76,162,'NH-Sicherung Gr.1 125A','3NA3132',162,3,1,'Stück',1,'Siemens',6,76,366,3,128,4,48,1,3,1,1,'03 Schlosserei',NULL,NULL),(147,77,163,'NH-Sicherung Gr.1 160A','3NA3136',163,3,1,'Stück',1,'Siemens',11,77,367,4,128,4,48,1,3,1,1,'03 Schlosserei',NULL,NULL),(147,78,178,'NH-Sicherung Gr.1 250A','3NA3144',178,3,1,'Stück',1,'Siemens',4,78,368,1,129,5,48,1,3,1,1,'03 Schlosserei',NULL,NULL),(147,79,165,'NH-Sicherung Gr.2 80A','3NA3224',165,3,1,'Stück',1,'Siemens',1,79,369,2,129,5,48,1,3,1,1,'03 Schlosserei',NULL,NULL),(147,81,176,'NH-Sicherung Gr.1 200A','3NA3140',176,3,1,'Stück',1,'Siemens',6,81,378,5,128,4,48,1,3,1,1,'03 Schlosserei',NULL,NULL),(147,82,166,'NH-Sicherung Gr.2 100A','3NA3230',166,3,1,'Stück',1,'Siemens',4,82,370,3,129,5,48,1,3,1,1,'03 Schlosserei',NULL,NULL),(147,83,167,'NH-Sicherung Gr.2 125A','3NA3232',167,3,1,'Stück',1,'Siemens',9,83,371,4,129,5,48,1,3,1,1,'03 Schlosserei',NULL,NULL),(147,84,168,'NH-Sicherung Gr.2 160A','3NA3236',168,3,1,'Stück',1,'Siemens',3,84,372,5,129,5,48,1,3,1,1,'03 Schlosserei',NULL,NULL),(147,85,169,'NH-Sicherung Gr.2 200A','3NA3240',169,3,1,'Stück',1,'Siemens',3,85,373,6,129,5,48,1,3,1,1,'03 Schlosserei',NULL,NULL),(147,86,170,'NH-Sicherung Gr.2 250A','3NA3244',170,3,1,'Stück',1,'Siemens',9,86,374,7,129,5,48,1,3,1,1,'03 Schlosserei',NULL,NULL),(147,87,175,'NH-Sicherung Gr.2 315A','2466151',175,3,1,'Stück',1,'Siemens',12,87,382,8,129,5,48,1,3,1,1,'03 Schlosserei',NULL,NULL),(147,88,171,'NH-Sicherung Gr.2 300A','3NA3250',171,3,1,'Stück',1,'Siemens',4,88,383,1,130,6,48,1,3,1,1,'03 Schlosserei',NULL,NULL),(147,89,172,'NH-Sicherung Gr.2 355A','3NA3254',172,3,1,'Stück',1,'Siemens',4,89,384,2,130,6,48,1,3,1,1,'03 Schlosserei',NULL,NULL),(147,90,173,'NH-Sicherung Gr.3 315A','3NA3352',173,3,1,'Stück',1,'Siemens',3,90,385,3,130,6,48,1,3,1,1,'03 Schlosserei',NULL,NULL),(147,91,174,'NH-Sicherung Gr.3 400A','3NA3360',174,3,1,'Stück',1,'Siemens',4,91,386,4,130,6,48,1,3,1,1,'03 Schlosserei',NULL,NULL),(147,92,179,'Aluminium-Klemmschelle 20','AKS-E 20',179,10,1,'Stück',62,'Fränkische Rohrwerke',50,92,387,1,131,7,48,1,3,1,1,'03 Schlosserei',NULL,NULL),(147,93,180,'Aluminium-Klemmschelle 32','AKS-E 32',180,10,1,'Stück',62,'Fränkische Rohrwerke',50,93,388,2,131,7,48,1,3,1,1,'03 Schlosserei',NULL,NULL),(147,94,181,'Aluminium-Klemmschelle 40','AKS-E 40',181,5,1,'Stück',62,'Fränkische Rohrwerke',25,94,389,3,131,7,48,1,3,1,1,'03 Schlosserei',NULL,NULL),(147,95,182,'Aluminium-Klemmschelle 50','AKS-E 50',182,5,1,'Stück',62,'Fränkische Rohrwerke',25,95,390,4,131,7,48,1,3,1,1,'03 Schlosserei',NULL,NULL),(147,96,183,'Aluminium-Abstandschelle 50','ASG-E 50',183,0,1,'Stück',62,'Fränkische Rohrwerke',25,96,391,5,131,7,48,1,3,1,1,'03 Schlosserei',NULL,NULL),(147,97,184,'Edelstahl-Abstandschelle V4 32','VSG-E 32',184,5,1,'Stück',62,'Fränkische Rohrwerke',25,97,392,6,131,7,48,1,3,1,1,'03 Schlosserei',NULL,NULL),(147,98,185,'Edelstahl-Abstandschelle V4 50','VSG-E 50',185,5,1,'Stück',62,'Fränkische Rohrwerke',10,98,393,7,131,7,48,1,3,1,1,'03 Schlosserei',NULL,NULL),(147,125,235,'Lagerplatte','324 19 055 003',235,1,1,'Stück',16,'Fein',2,125,404,2,152,2,64,14,30,2,1,'03 Schlosserei',NULL,NULL),(147,126,233,'Schutzhaube 180mm','318 10 070 121',233,1,1,'Stück',16,'Fein',5,126,402,1,151,1,64,14,30,2,1,'03 Schlosserei',NULL,NULL),(147,127,236,'Antriebswelle M14','Pos.42',236,1,1,'Stück',16,'Fein',7,127,405,3,152,2,64,14,30,2,1,'03 Schlosserei',NULL,NULL),(147,128,237,'Flantsch','324 36 025 004',237,1,1,'Stück',16,'Fein',3,128,406,4,152,2,64,14,30,2,1,'03 Schlosserei',NULL,NULL),(147,129,238,'Hülse','Pos.62',238,1,1,'Stück',16,'Fein',5,129,400,3,151,1,64,14,30,2,1,'03 Schlosserei',NULL,NULL),(147,130,239,'Lagergehäuse','312 07 061 002',239,1,1,'Stück',16,'Fein',4,130,409,7,152,2,64,14,30,2,1,'03 Schlosserei',NULL,NULL),(147,131,240,'Läufer','335 08 030 011',240,1,1,'Stück',16,'Fein',3,131,410,8,152,2,64,14,30,2,1,'03 Schlosserei',NULL,NULL),(147,132,241,'Ventilationsflügel','Pos.66',241,1,1,'Stück',16,'Fein',4,132,408,6,152,2,64,14,30,2,1,'03 Schlosserei',NULL,NULL),(147,133,242,'Flügelgehäuse,43-265V','Pos.69',242,1,1,'Stück',16,'Fein',5,133,407,5,152,2,64,14,30,2,1,'03 Schlosserei',NULL,NULL),(147,134,243,'Motorgehäuse','Pos.1; 200 Hz; 265 V',243,1,1,'Stück',16,'Fein',6,134,432,6,155,5,64,14,30,2,1,'03 Schlosserei',NULL,NULL),(147,135,244,'Motorgehäuse','Pos.1; 300 Hz; 200 V',244,1,1,'Stück',16,'Fein',3,135,427,1,155,5,64,14,30,2,1,'03 Schlosserei',NULL,NULL),(147,136,247,'Kegelradgetriebe','43/31 Zähne; 200 Hz',247,1,1,'Stück',16,'Fein',1,136,430,4,155,5,64,14,30,2,1,'03 Schlosserei',NULL,NULL),(147,137,248,'Kegelradgetriebe','52/25 Zähne; 300 Hz',248,1,1,'Stück',16,'Fein',1,137,430,4,155,5,64,14,30,2,1,'03 Schlosserei',NULL,NULL),(147,138,249,'Kegelradgetriebe','49/18 Zähne; 300 Hz',249,1,1,'Stück',16,'Fein',1,138,430,4,155,5,64,14,30,2,1,'03 Schlosserei',NULL,NULL),(147,139,250,'Handgriff','Pos.92',250,1,1,'Stück',16,'Fein',4,139,424,6,154,4,64,14,30,2,1,'03 Schlosserei',NULL,NULL),(147,140,256,'Antriebswelle','Pos.320',256,1,1,'Stück',16,'Fein',8,140,415,5,153,3,64,14,30,2,1,'03 Schlosserei',NULL,NULL),(147,141,257,'Halslager','Pos.300',257,1,1,'Stück',16,'Fein',9,141,413,3,153,3,64,14,30,2,1,'03 Schlosserei',NULL,NULL),(147,142,259,'Anker','Pos.520',259,1,1,'Stück',16,'Fein',6,142,414,4,153,3,64,14,30,2,1,'03 Schlosserei',NULL,NULL),(147,143,260,'Motorgehäuse,43-265 V','Pos.10',260,1,1,'Stück',16,'Fein',4,143,401,2,151,1,64,14,30,2,1,'03 Schlosserei',NULL,NULL),(147,144,261,'Ständer mit Wicklung','Pos.20;200Hz; 265V',261,1,1,'Stück',16,'Fein',4,144,431,5,155,5,64,14,30,2,1,'03 Schlosserei',NULL,NULL),(147,145,262,'Ständer mit Wicklung','Pos.20;300Hz;200V',262,1,1,'Stück',16,'Fein',4,145,428,2,155,5,64,14,30,2,1,'03 Schlosserei',NULL,NULL),(147,146,264,'Zwischenlager','Pos.170',264,1,1,'Stück',16,'Fein',5,146,411,1,153,3,64,14,30,2,1,'03 Schlosserei',NULL,NULL),(147,147,265,'Hülse','Pos.510',265,1,1,'Stück',16,'Fein',6,147,416,6,153,3,64,14,30,2,1,'03 Schlosserei',NULL,NULL),(147,148,266,'Hülse','Pos.40',266,1,1,'Stück',16,'Fein',4,148,416,6,153,3,64,14,30,2,1,'03 Schlosserei',NULL,NULL),(147,156,67,'Ring mit Ansatz','Pos.500',67,1,1,'Stück',16,'Fein',5,156,412,2,153,3,64,14,30,2,1,'03 Schlosserei',NULL,NULL),(147,160,273,'Schnapp-Schellen NW11 ( für Rohr 13 mm)','799/11 5VC4 540-5 AL',273,0,1,'Stück',61,'Kleinhuis',50,160,442,1,162,8,48,1,3,1,1,'03 Schlosserei',NULL,NULL),(147,161,274,'Kunstoff-Klemmschelle 16','5VB4542 Type 16',274,10,1,'Stück',62,'Fränkische Rohrwerke',50,161,443,2,162,8,48,1,3,1,1,'03 Schlosserei',NULL,NULL),(147,162,275,'RO-CLIP-Rohrschelle,16mm','HCRS 16',275,0,1,'Stück',58,'Newlec',80,162,444,3,162,8,48,1,3,1,1,'03 Schlosserei',NULL,NULL),(147,163,276,'RO-CLIP-Rohrschelle,20mm','HCRS 20',276,10,1,'Stück',58,'Newlec',70,163,445,4,162,8,48,1,3,1,1,'03 Schlosserei',NULL,NULL),(147,164,278,'RO-CLIP-Rohrschelle,25mm','HCRS 25',278,10,1,'Stück',58,'Newlec',20,164,446,5,162,8,48,1,3,1,1,'03 Schlosserei',NULL,NULL),(147,165,280,'Befestigungsschellen , 28-30 mm','5VC4460',280,0,1,'Stück',61,'Kleinhuis',30,165,457,2,164,10,48,1,3,1,1,'03 Schlosserei',NULL,NULL),(147,166,279,'Befestigungsschellen , 20,5-21,5 mm','5VC4456',279,0,1,'Stück',61,'Kleinhuis',80,166,456,1,164,10,48,1,3,1,1,'03 Schlosserei',NULL,NULL),(147,167,281,'Befestigungsschellen , 20 mm','605/M20',281,0,1,'Stück',60,'OBO (Bettermann)',100,167,458,3,164,10,48,1,3,1,1,'03 Schlosserei',NULL,NULL),(147,168,282,'Befestigungsschellen , 28 mm','605/PG21',282,0,1,'Stück',60,'OBO (Bettermann)',70,168,459,4,164,10,48,1,3,1,1,'03 Schlosserei',NULL,NULL),(147,169,283,'Befestigungsschellen , 37 mm','605/PG29',283,0,1,'Stück',60,'OBO (Bettermann)',80,169,460,5,164,10,48,1,3,1,1,'03 Schlosserei',NULL,NULL),(147,170,284,'Aluminium-Steckmuffe 50','AMS-E 50',284,0,1,'Stück',62,'Fränkische Rohrwerke',6,170,459,4,164,10,48,1,3,1,1,'03 Schlosserei',NULL,NULL),(147,171,288,'Aluminium-Steckmuffe 40','AMS-E 40',288,0,1,'Stück',62,'Fränkische Rohrwerke',1,171,465,3,165,11,48,1,3,1,1,'03 Schlosserei',NULL,NULL),(147,172,287,'Aluminium-Steckmuffe 32','AMS-E 32',287,0,1,'Stück',62,'Fränkische Rohrwerke',15,172,464,2,165,11,48,1,3,1,1,'03 Schlosserei',NULL,NULL),(147,173,286,'Aluminium-Steckmuffe 20','AMS-E 20',286,0,1,'Stück',62,'Fränkische Rohrwerke',40,173,463,1,165,11,48,1,3,1,1,'03 Schlosserei',NULL,NULL),(147,175,289,'Endtüllen,PG16','5VB4173',289,0,1,'Stück',60,'OBO (Bettermann)',80,175,467,5,165,11,48,1,3,1,1,'03 Schlosserei',NULL,NULL),(147,176,290,'Endtüllen,PG42','5VB4177 207378',291,0,1,'Stück',61,'Kleinhuis',20,176,475,5,166,12,48,1,3,1,1,'03 Schlosserei',NULL,NULL),(147,178,292,'Endtülle , M20','129 M M20',292,0,1,'Stück',60,'OBO (Bettermann)',100,178,471,1,166,12,48,1,3,1,1,'03 Schlosserei',NULL,NULL),(147,179,293,'Endtülle , M32','129 M32',293,0,1,'Stück',60,'OBO (Bettermann)',20,179,472,2,166,12,48,1,3,1,1,'03 Schlosserei',NULL,NULL),(147,181,295,'Endtülle , M20','E-Ku-E 20',295,0,1,'Stück',62,'Fränkische Rohrwerke',40,181,471,1,166,12,48,1,3,1,1,'03 Schlosserei',NULL,NULL),(147,182,296,'Endtülle , M40','E-Ku-E 40',296,0,1,'Stück',62,'Fränkische Rohrwerke',140,182,473,3,166,12,48,1,3,1,1,'03 Schlosserei',NULL,NULL),(147,183,297,'Endtülle , M50','E-Ku-E 50',297,0,1,'Stück',62,'Fränkische Rohrwerke',6,183,474,4,166,12,48,1,3,1,1,'03 Schlosserei',NULL,NULL),(147,184,298,'Endtülle , PG29','?-',298,0,1,'Stück',61,'Kleinhuis',30,184,468,6,165,11,48,1,3,1,1,'03 Schlosserei',NULL,NULL),(147,185,299,'Leistungsschütz 11kW , 230VAC','LC1 D25004M5',299,1,1,'Stück',72,'Telemecanique',6,185,495,1,134,2,49,2,3,1,1,'03 Schlosserei',NULL,NULL),(147,186,300,'Sperrschütz','CA2-DK122',300,0,1,'Stück',72,'Telemecanique',2,186,496,2,134,2,49,2,3,1,1,'03 Schlosserei',NULL,NULL),(147,187,302,'Hilfsschütz 230VAC','CAD32P7',302,3,1,'Stück',72,'Telemecanique',9,187,497,3,134,2,49,2,3,1,1,'03 Schlosserei',NULL,NULL),(147,188,301,'Verklinkungsblock , 230V AC/DC','LAD6K10M',301,3,1,'Stück',72,'Telemecanique',4,188,498,4,134,2,49,2,3,1,1,'03 Schlosserei',NULL,NULL),(147,189,303,'Leistungsschütz 30kW , 230VAC','LC1 D6511P7',303,0,1,'Stück',72,'Telemecanique',3,189,499,5,134,2,49,2,3,1,1,'03 Schlosserei',NULL,NULL),(147,190,304,'Motorschützschalter 24-40 A','GV7 RS40',304,0,1,'Stück',72,'Telemecanique',2,190,500,6,134,2,49,2,3,1,1,'03 Schlosserei',NULL,NULL),(147,191,305,'Hilfskontaktblock','LA8 DN11',305,0,1,'Stück',72,'Telemecanique',6,191,501,7,134,2,49,2,3,1,1,'03 Schlosserei',NULL,NULL),(147,192,306,'Hilfskontaktblock ','LA1DN22',306,0,1,'Stück',72,'Telemecanique',19,192,502,8,134,2,49,2,3,1,1,'03 Schlosserei',NULL,NULL),(147,193,308,'Leistungsschütz 11kW , 230VAC','DILOAM',308,0,1,'Stück',2,'Moeller',9,193,506,2,135,3,49,2,3,1,1,'03 Schlosserei',NULL,NULL),(147,195,309,'Leistungsschütz 15kW , 230VAC','DIL1M',309,0,1,'Stück',2,'Moeller',5,195,509,5,135,3,49,2,3,1,1,'03 Schlosserei',NULL,NULL),(147,196,310,'Leistungsschütz 7,5kW , 24VDC','DILOM-G',310,0,1,'Stück',2,'Moeller',4,196,505,1,135,3,49,2,3,1,1,'03 Schlosserei',NULL,NULL),(147,198,311,'Leistungsschütz 11kW , 230VAC','DILM25-21',311,0,1,'Stück',2,'Moeller',4,198,507,3,135,3,49,2,3,1,1,'03 Schlosserei',NULL,NULL),(147,199,312,'Leistungsschütz 11kW , 230VAC','DILM25-10',312,0,1,'Stück',2,'Moeller',1,199,508,4,135,3,49,2,3,1,1,'03 Schlosserei',NULL,NULL),(147,200,313,'Hilfsschütz 230VAC','DIL04L-22',313,0,1,'Stück',2,'Moeller',4,200,511,6,135,3,49,2,3,1,1,'03 Schlosserei',NULL,NULL),(147,201,314,'Hilfsschütz 230VAC','DIL04L-31',314,0,1,'Stück',2,'Moeller',1,201,512,7,135,3,49,2,3,1,1,'03 Schlosserei',NULL,NULL),(147,202,315,'Hilfsschütz 230VAC','DIL04-40',315,0,1,'Stück',2,'Moeller',4,202,513,8,135,3,49,2,3,1,1,'03 Schlosserei',NULL,NULL),(147,203,316,'Hilfsschaltbaustein','22DILM',316,0,1,'Stück',2,'Moeller',1,203,514,9,135,3,49,2,3,1,1,'03 Schlosserei',NULL,NULL),(147,204,317,'Hilfsschaltbaustein','DILM32-XHI22',317,0,1,'Stück',2,'Moeller',5,204,514,9,135,3,49,2,3,1,1,'03 Schlosserei',NULL,NULL),(147,205,318,'Hilfsschaltbaustein','DILM32-XHI11',318,0,1,'Stück',2,'Moeller',5,205,514,9,135,3,49,2,3,1,1,'03 Schlosserei',NULL,NULL),(147,206,319,'Normalhilfsschalter','NHI11-PKZ0',319,0,1,'Stück',2,'Moeller',10,206,515,1,136,4,49,2,3,1,1,'03 Schlosserei',NULL,NULL),(147,207,320,'Normalhilfsschalter','NHI-E-11-PKZ0',320,0,1,'Stück',2,'Moeller',7,207,505,1,135,3,49,2,3,1,1,'03 Schlosserei',NULL,NULL),(147,208,321,'Motorschützschalter 0,16-0,25 A','PKZM0-0,25',321,0,1,'Stück',2,'Moeller',1,208,516,2,136,4,49,2,3,1,1,'03 Schlosserei',NULL,NULL),(147,209,322,'Motorschützschalter 0,63-1,0 A','PKZM0-1',322,0,1,'Stück',2,'Moeller',1,209,516,2,136,4,49,2,3,1,1,'03 Schlosserei',NULL,NULL),(147,210,323,'Motorschützschalter 1,0-1,6 A','PKZM0-1,6',323,0,1,'Stück',2,'Moeller',1,210,516,2,136,4,49,2,3,1,1,'03 Schlosserei',NULL,NULL),(147,211,324,'Motorschützschalter 1,6-2,5 A','PKZM0-2,5',324,0,1,'Stück',2,'Moeller',1,211,516,2,136,4,49,2,3,1,1,'03 Schlosserei',NULL,NULL),(147,212,325,'Motorschützschalter 6,3-10 A','PKZM0-10',325,0,1,'Stück',2,'Moeller',1,212,517,3,136,4,49,2,3,1,1,'03 Schlosserei',NULL,NULL),(147,213,326,'Motorschützschalter 4,0-6,3 A','PKZM0-6,3',326,0,1,'Stück',2,'Moeller',2,213,517,3,136,4,49,2,3,1,1,'03 Schlosserei',NULL,NULL),(147,216,328,'Motorschützschalter 20-25 A','PKZM0-25',328,0,1,'Stück',2,'Moeller',2,216,518,4,136,4,49,2,3,1,1,'03 Schlosserei',NULL,NULL),(147,217,329,'Motorschützschalter 4,0 A','GV2 LE08 4A',329,0,1,'Stück',72,'Telemecanique',2,217,519,5,136,4,49,2,3,1,1,'03 Schlosserei',NULL,NULL),(147,218,330,'Motorschützschalter 10 A','GV2 LE14 10A',330,0,1,'Stück',72,'Telemecanique',2,218,520,6,136,4,49,2,3,1,1,'03 Schlosserei',NULL,NULL),(147,219,331,'Instalationsschütz 63A','ESB 63-40',11000331,0,1,'Stück',73,'ABB',1,219,510,10,135,3,49,2,3,1,1,'03 Schlosserei',NULL,NULL),(147,220,332,'Instalationsschütz 24A','ESB24-31',100332,0,1,'Stück',73,'ABB',1,220,510,10,135,3,49,2,3,1,1,'03 Schlosserei',NULL,NULL),(147,221,333,'Instalationsschütz 24A','ESB24-40',1100333,0,1,'Stück',73,'ABB',2,221,510,10,135,3,49,2,3,1,1,'03 Schlosserei',NULL,NULL),(147,223,335,'Instalationsschütz 40A (Last-Fernschalter)','5TT3 806',11000335,0,1,'Stück',1,'Siemens',1,223,510,10,135,3,49,2,3,1,1,'03 Schlosserei',NULL,NULL),(147,225,337,'Koppelrelais','IK8802.12AC/DC24V',1000337,0,1,'Stück',74,'E.Dold & Söhne KG',2,225,516,2,136,4,49,2,3,1,1,'03 Schlosserei',NULL,NULL),(147,226,338,'Koppelrelais','IK8802.12/023AC/DC230V',1000338,0,1,'Stück',74,'E.Dold & Söhne KG',15,226,515,1,136,4,49,2,3,1,1,'03 Schlosserei',NULL,NULL),(147,227,339,'Koppelrelais','IK8701.12AC 50HZ 230V',100339,0,1,'Stück',74,'E.Dold & Söhne KG',7,227,517,3,136,4,49,2,3,1,1,'03 Schlosserei',NULL,NULL),(148,7,72,'3~Motor; 0,55kW; 705U/min','AR 90L-8',72,1,1,'Stück',34,'Unitec AG',1,7,18,1,3,1,11,1,5,1,15,'Modellager',NULL,NULL),(148,13,10,'Drahtseil','8x36+SES zS/20 mm/42 m',10,1,1,'Stück',65,'Pfeifer',1,13,19,2,3,1,11,1,5,1,15,'Modellager',NULL,NULL),(148,33,141,'Rohr-Abstandschellen,30-38 mm','733',141,0,1,'Stück',60,'OBO (Bettermann)',100,33,339,4,126,2,48,1,3,1,1,'03 Schlosserei',NULL,NULL),(148,34,139,'Rohr-Abstandschellen,24-29 mm','733/M25 PG 21',139,0,1,'Stück',60,'OBO (Bettermann)',100,34,338,3,126,2,48,1,3,1,1,'03 Schlosserei',NULL,NULL),(148,35,138,'Rohr-Abstandschellen,21-23 mm','733 PG 16',138,0,1,'Stück',60,'OBO (Bettermann)',100,35,337,2,126,2,48,1,3,1,1,'03 Schlosserei',NULL,NULL),(148,36,1,'Schütz','3RT1036-1A / 22,0kW',1,2,1,'Stück',1,'Siemens',124,36,336,1,126,2,48,1,3,1,1,'03 Schlosserei',NULL,NULL),(148,48,143,'111111','11111',1111,1,3,'Eimer',9,'Bauer',1,48,26,1,2,2,11,1,5,1,15,'Modellager',NULL,NULL),(148,49,143,'111111','11111',1111,1,3,'Eimer',9,'Bauer',2,49,26,1,2,2,11,1,5,1,15,'Modellager',NULL,NULL),(148,51,143,'111111','11111',1111,1,3,'Eimer',9,'Bauer',1,51,18,1,3,1,11,1,5,1,15,'Modellager',NULL,NULL),(148,56,147,'Rohr-Abstandschellen,39-48 mm','733/M40 PG36',147,0,1,'Stück',60,'OBO (Bettermann)',50,56,340,5,126,2,48,1,3,1,1,'03 Schlosserei',NULL,NULL),(148,61,148,'Rohr-Abstandschellen,47-55 mm','5VC4895',148,0,1,'Stück',61,'Kleinhuis',2,61,341,6,126,2,48,1,3,1,1,'03 Schlosserei',NULL,NULL),(148,63,150,'NH-Sicherung Gr.000 16A','3NA3805',150,0,1,'Stück',1,'Siemens',6,63,354,1,127,3,48,1,3,1,1,'03 Schlosserei',NULL,NULL),(148,64,151,'NH-Sicherung Gr.000 20A','3NA3807',151,3,1,'Stück',1,'Siemens',6,64,355,2,127,3,48,1,3,1,1,'03 Schlosserei',NULL,NULL),(148,65,152,'NH-Sicherung Gr.000 25A','3NA3810',152,0,1,'Stück',1,'Siemens',6,65,356,3,127,3,48,1,3,1,1,'03 Schlosserei',NULL,NULL),(148,66,153,'NH-Sicherung Gr.000 35A','3NA3814',153,3,1,'Stück',1,'Siemens',6,66,357,4,127,3,48,1,3,1,1,'03 Schlosserei',NULL,NULL),(148,67,154,'NH-Sicherung Gr.000 50A','3NA3820',154,0,1,'Stück',1,'Siemens',6,67,358,5,127,3,48,1,3,1,1,'03 Schlosserei',NULL,NULL),(148,68,149,'NH-Sicherung Gr.000 63A','3NA3 822',149,3,1,'Stück',1,'Siemens',0,68,359,6,127,3,48,1,3,1,1,'03 Schlosserei',NULL,NULL),(148,69,155,'NH-Sicherung Gr.000 80A','3NA3824',155,0,1,'Stück',1,'Siemens',6,69,360,7,127,3,48,1,3,1,1,'03 Schlosserei',NULL,NULL),(148,70,156,'NH-Sicherung Gr.000 100A','3NA3830',156,0,1,'Stück',1,'Siemens',6,70,361,8,127,3,48,1,3,1,1,'03 Schlosserei',NULL,NULL),(148,71,157,'NH-Sicherung Gr.00 125A','3NA3832',157,0,1,'Stück',1,'Siemens',0,71,362,9,127,3,48,1,3,1,1,'03 Schlosserei',NULL,NULL),(148,72,158,'NH-Sicherung Gr.00 160A','3NA3836',158,0,1,'Stück',1,'Siemens',6,72,363,10,127,3,48,1,3,1,1,'03 Schlosserei',NULL,NULL),(148,74,160,'NH-Sicherung Gr.1 63A','3NA3122',160,3,1,'Stück',1,'Siemens',15,74,364,1,128,4,48,1,3,1,1,'03 Schlosserei',NULL,NULL),(148,75,161,'NH-Sicherung Gr.1 100A','3NA3130',161,0,1,'Stück',1,'Siemens',4,75,365,2,128,4,48,1,3,1,1,'03 Schlosserei',NULL,NULL),(148,76,162,'NH-Sicherung Gr.1 125A','3NA3132',162,3,1,'Stück',1,'Siemens',6,76,366,3,128,4,48,1,3,1,1,'03 Schlosserei',NULL,NULL),(148,77,163,'NH-Sicherung Gr.1 160A','3NA3136',163,3,1,'Stück',1,'Siemens',11,77,367,4,128,4,48,1,3,1,1,'03 Schlosserei',NULL,NULL),(148,78,178,'NH-Sicherung Gr.1 250A','3NA3144',178,3,1,'Stück',1,'Siemens',4,78,368,1,129,5,48,1,3,1,1,'03 Schlosserei',NULL,NULL),(148,79,165,'NH-Sicherung Gr.2 80A','3NA3224',165,3,1,'Stück',1,'Siemens',1,79,369,2,129,5,48,1,3,1,1,'03 Schlosserei',NULL,NULL),(148,81,176,'NH-Sicherung Gr.1 200A','3NA3140',176,3,1,'Stück',1,'Siemens',6,81,378,5,128,4,48,1,3,1,1,'03 Schlosserei',NULL,NULL),(148,82,166,'NH-Sicherung Gr.2 100A','3NA3230',166,3,1,'Stück',1,'Siemens',4,82,370,3,129,5,48,1,3,1,1,'03 Schlosserei',NULL,NULL),(148,83,167,'NH-Sicherung Gr.2 125A','3NA3232',167,3,1,'Stück',1,'Siemens',9,83,371,4,129,5,48,1,3,1,1,'03 Schlosserei',NULL,NULL),(148,84,168,'NH-Sicherung Gr.2 160A','3NA3236',168,3,1,'Stück',1,'Siemens',3,84,372,5,129,5,48,1,3,1,1,'03 Schlosserei',NULL,NULL),(148,85,169,'NH-Sicherung Gr.2 200A','3NA3240',169,3,1,'Stück',1,'Siemens',3,85,373,6,129,5,48,1,3,1,1,'03 Schlosserei',NULL,NULL),(148,86,170,'NH-Sicherung Gr.2 250A','3NA3244',170,3,1,'Stück',1,'Siemens',9,86,374,7,129,5,48,1,3,1,1,'03 Schlosserei',NULL,NULL),(148,87,175,'NH-Sicherung Gr.2 315A','2466151',175,3,1,'Stück',1,'Siemens',12,87,382,8,129,5,48,1,3,1,1,'03 Schlosserei',NULL,NULL),(148,88,171,'NH-Sicherung Gr.2 300A','3NA3250',171,3,1,'Stück',1,'Siemens',4,88,383,1,130,6,48,1,3,1,1,'03 Schlosserei',NULL,NULL),(148,89,172,'NH-Sicherung Gr.2 355A','3NA3254',172,3,1,'Stück',1,'Siemens',4,89,384,2,130,6,48,1,3,1,1,'03 Schlosserei',NULL,NULL),(148,90,173,'NH-Sicherung Gr.3 315A','3NA3352',173,3,1,'Stück',1,'Siemens',3,90,385,3,130,6,48,1,3,1,1,'03 Schlosserei',NULL,NULL),(148,91,174,'NH-Sicherung Gr.3 400A','3NA3360',174,3,1,'Stück',1,'Siemens',4,91,386,4,130,6,48,1,3,1,1,'03 Schlosserei',NULL,NULL),(148,92,179,'Aluminium-Klemmschelle 20','AKS-E 20',179,10,1,'Stück',62,'Fränkische Rohrwerke',50,92,387,1,131,7,48,1,3,1,1,'03 Schlosserei',NULL,NULL),(148,93,180,'Aluminium-Klemmschelle 32','AKS-E 32',180,10,1,'Stück',62,'Fränkische Rohrwerke',50,93,388,2,131,7,48,1,3,1,1,'03 Schlosserei',NULL,NULL),(148,94,181,'Aluminium-Klemmschelle 40','AKS-E 40',181,5,1,'Stück',62,'Fränkische Rohrwerke',25,94,389,3,131,7,48,1,3,1,1,'03 Schlosserei',NULL,NULL),(148,95,182,'Aluminium-Klemmschelle 50','AKS-E 50',182,5,1,'Stück',62,'Fränkische Rohrwerke',25,95,390,4,131,7,48,1,3,1,1,'03 Schlosserei',NULL,NULL),(148,96,183,'Aluminium-Abstandschelle 50','ASG-E 50',183,0,1,'Stück',62,'Fränkische Rohrwerke',25,96,391,5,131,7,48,1,3,1,1,'03 Schlosserei',NULL,NULL),(148,97,184,'Edelstahl-Abstandschelle V4 32','VSG-E 32',184,5,1,'Stück',62,'Fränkische Rohrwerke',25,97,392,6,131,7,48,1,3,1,1,'03 Schlosserei',NULL,NULL),(148,98,185,'Edelstahl-Abstandschelle V4 50','VSG-E 50',185,5,1,'Stück',62,'Fränkische Rohrwerke',10,98,393,7,131,7,48,1,3,1,1,'03 Schlosserei',NULL,NULL),(148,125,235,'Lagerplatte','324 19 055 003',235,1,1,'Stück',16,'Fein',2,125,404,2,152,2,64,14,30,2,1,'03 Schlosserei',NULL,NULL),(148,126,233,'Schutzhaube 180mm','318 10 070 121',233,1,1,'Stück',16,'Fein',5,126,402,1,151,1,64,14,30,2,1,'03 Schlosserei',NULL,NULL),(148,127,236,'Antriebswelle M14','Pos.42',236,1,1,'Stück',16,'Fein',7,127,405,3,152,2,64,14,30,2,1,'03 Schlosserei',NULL,NULL),(148,128,237,'Flantsch','324 36 025 004',237,1,1,'Stück',16,'Fein',3,128,406,4,152,2,64,14,30,2,1,'03 Schlosserei',NULL,NULL),(148,129,238,'Hülse','Pos.62',238,1,1,'Stück',16,'Fein',5,129,400,3,151,1,64,14,30,2,1,'03 Schlosserei',NULL,NULL),(148,130,239,'Lagergehäuse','312 07 061 002',239,1,1,'Stück',16,'Fein',4,130,409,7,152,2,64,14,30,2,1,'03 Schlosserei',NULL,NULL),(148,131,240,'Läufer','335 08 030 011',240,1,1,'Stück',16,'Fein',3,131,410,8,152,2,64,14,30,2,1,'03 Schlosserei',NULL,NULL),(148,132,241,'Ventilationsflügel','Pos.66',241,1,1,'Stück',16,'Fein',4,132,408,6,152,2,64,14,30,2,1,'03 Schlosserei',NULL,NULL),(148,133,242,'Flügelgehäuse,43-265V','Pos.69',242,1,1,'Stück',16,'Fein',5,133,407,5,152,2,64,14,30,2,1,'03 Schlosserei',NULL,NULL),(148,134,243,'Motorgehäuse','Pos.1; 200 Hz; 265 V',243,1,1,'Stück',16,'Fein',6,134,432,6,155,5,64,14,30,2,1,'03 Schlosserei',NULL,NULL),(148,135,244,'Motorgehäuse','Pos.1; 300 Hz; 200 V',244,1,1,'Stück',16,'Fein',3,135,427,1,155,5,64,14,30,2,1,'03 Schlosserei',NULL,NULL),(148,136,247,'Kegelradgetriebe','43/31 Zähne; 200 Hz',247,1,1,'Stück',16,'Fein',1,136,430,4,155,5,64,14,30,2,1,'03 Schlosserei',NULL,NULL),(148,137,248,'Kegelradgetriebe','52/25 Zähne; 300 Hz',248,1,1,'Stück',16,'Fein',1,137,430,4,155,5,64,14,30,2,1,'03 Schlosserei',NULL,NULL),(148,138,249,'Kegelradgetriebe','49/18 Zähne; 300 Hz',249,1,1,'Stück',16,'Fein',1,138,430,4,155,5,64,14,30,2,1,'03 Schlosserei',NULL,NULL),(148,139,250,'Handgriff','Pos.92',250,1,1,'Stück',16,'Fein',4,139,424,6,154,4,64,14,30,2,1,'03 Schlosserei',NULL,NULL),(148,140,256,'Antriebswelle','Pos.320',256,1,1,'Stück',16,'Fein',8,140,415,5,153,3,64,14,30,2,1,'03 Schlosserei',NULL,NULL),(148,141,257,'Halslager','Pos.300',257,1,1,'Stück',16,'Fein',9,141,413,3,153,3,64,14,30,2,1,'03 Schlosserei',NULL,NULL),(148,142,259,'Anker','Pos.520',259,1,1,'Stück',16,'Fein',6,142,414,4,153,3,64,14,30,2,1,'03 Schlosserei',NULL,NULL),(148,143,260,'Motorgehäuse,43-265 V','Pos.10',260,1,1,'Stück',16,'Fein',4,143,401,2,151,1,64,14,30,2,1,'03 Schlosserei',NULL,NULL),(148,144,261,'Ständer mit Wicklung','Pos.20;200Hz; 265V',261,1,1,'Stück',16,'Fein',4,144,431,5,155,5,64,14,30,2,1,'03 Schlosserei',NULL,NULL),(148,145,262,'Ständer mit Wicklung','Pos.20;300Hz;200V',262,1,1,'Stück',16,'Fein',4,145,428,2,155,5,64,14,30,2,1,'03 Schlosserei',NULL,NULL),(148,146,264,'Zwischenlager','Pos.170',264,1,1,'Stück',16,'Fein',5,146,411,1,153,3,64,14,30,2,1,'03 Schlosserei',NULL,NULL),(148,147,265,'Hülse','Pos.510',265,1,1,'Stück',16,'Fein',6,147,416,6,153,3,64,14,30,2,1,'03 Schlosserei',NULL,NULL),(148,148,266,'Hülse','Pos.40',266,1,1,'Stück',16,'Fein',4,148,416,6,153,3,64,14,30,2,1,'03 Schlosserei',NULL,NULL),(148,156,67,'Ring mit Ansatz','Pos.500',67,1,1,'Stück',16,'Fein',5,156,412,2,153,3,64,14,30,2,1,'03 Schlosserei',NULL,NULL),(148,160,273,'Schnapp-Schellen NW11 ( für Rohr 13 mm)','799/11 5VC4 540-5 AL',273,0,1,'Stück',61,'Kleinhuis',50,160,442,1,162,8,48,1,3,1,1,'03 Schlosserei',NULL,NULL),(148,161,274,'Kunstoff-Klemmschelle 16','5VB4542 Type 16',274,10,1,'Stück',62,'Fränkische Rohrwerke',50,161,443,2,162,8,48,1,3,1,1,'03 Schlosserei',NULL,NULL),(148,162,275,'RO-CLIP-Rohrschelle,16mm','HCRS 16',275,0,1,'Stück',58,'Newlec',80,162,444,3,162,8,48,1,3,1,1,'03 Schlosserei',NULL,NULL),(148,163,276,'RO-CLIP-Rohrschelle,20mm','HCRS 20',276,10,1,'Stück',58,'Newlec',70,163,445,4,162,8,48,1,3,1,1,'03 Schlosserei',NULL,NULL),(148,164,278,'RO-CLIP-Rohrschelle,25mm','HCRS 25',278,10,1,'Stück',58,'Newlec',20,164,446,5,162,8,48,1,3,1,1,'03 Schlosserei',NULL,NULL),(148,165,280,'Befestigungsschellen , 28-30 mm','5VC4460',280,0,1,'Stück',61,'Kleinhuis',30,165,457,2,164,10,48,1,3,1,1,'03 Schlosserei',NULL,NULL),(148,166,279,'Befestigungsschellen , 20,5-21,5 mm','5VC4456',279,0,1,'Stück',61,'Kleinhuis',80,166,456,1,164,10,48,1,3,1,1,'03 Schlosserei',NULL,NULL),(148,167,281,'Befestigungsschellen , 20 mm','605/M20',281,0,1,'Stück',60,'OBO (Bettermann)',100,167,458,3,164,10,48,1,3,1,1,'03 Schlosserei',NULL,NULL),(148,168,282,'Befestigungsschellen , 28 mm','605/PG21',282,0,1,'Stück',60,'OBO (Bettermann)',70,168,459,4,164,10,48,1,3,1,1,'03 Schlosserei',NULL,NULL),(148,169,283,'Befestigungsschellen , 37 mm','605/PG29',283,0,1,'Stück',60,'OBO (Bettermann)',80,169,460,5,164,10,48,1,3,1,1,'03 Schlosserei',NULL,NULL),(148,170,284,'Aluminium-Steckmuffe 50','AMS-E 50',284,0,1,'Stück',62,'Fränkische Rohrwerke',6,170,459,4,164,10,48,1,3,1,1,'03 Schlosserei',NULL,NULL),(148,171,288,'Aluminium-Steckmuffe 40','AMS-E 40',288,0,1,'Stück',62,'Fränkische Rohrwerke',1,171,465,3,165,11,48,1,3,1,1,'03 Schlosserei',NULL,NULL),(148,172,287,'Aluminium-Steckmuffe 32','AMS-E 32',287,0,1,'Stück',62,'Fränkische Rohrwerke',15,172,464,2,165,11,48,1,3,1,1,'03 Schlosserei',NULL,NULL),(148,173,286,'Aluminium-Steckmuffe 20','AMS-E 20',286,0,1,'Stück',62,'Fränkische Rohrwerke',40,173,463,1,165,11,48,1,3,1,1,'03 Schlosserei',NULL,NULL),(148,175,289,'Endtüllen,PG16','5VB4173',289,0,1,'Stück',60,'OBO (Bettermann)',80,175,467,5,165,11,48,1,3,1,1,'03 Schlosserei',NULL,NULL),(148,176,290,'Endtüllen,PG42','5VB4177 207378',291,0,1,'Stück',61,'Kleinhuis',20,176,475,5,166,12,48,1,3,1,1,'03 Schlosserei',NULL,NULL),(148,178,292,'Endtülle , M20','129 M M20',292,0,1,'Stück',60,'OBO (Bettermann)',100,178,471,1,166,12,48,1,3,1,1,'03 Schlosserei',NULL,NULL),(148,179,293,'Endtülle , M32','129 M32',293,0,1,'Stück',60,'OBO (Bettermann)',20,179,472,2,166,12,48,1,3,1,1,'03 Schlosserei',NULL,NULL),(148,181,295,'Endtülle , M20','E-Ku-E 20',295,0,1,'Stück',62,'Fränkische Rohrwerke',40,181,471,1,166,12,48,1,3,1,1,'03 Schlosserei',NULL,NULL),(148,182,296,'Endtülle , M40','E-Ku-E 40',296,0,1,'Stück',62,'Fränkische Rohrwerke',140,182,473,3,166,12,48,1,3,1,1,'03 Schlosserei',NULL,NULL),(148,183,297,'Endtülle , M50','E-Ku-E 50',297,0,1,'Stück',62,'Fränkische Rohrwerke',6,183,474,4,166,12,48,1,3,1,1,'03 Schlosserei',NULL,NULL),(148,184,298,'Endtülle , PG29','?-',298,0,1,'Stück',61,'Kleinhuis',30,184,468,6,165,11,48,1,3,1,1,'03 Schlosserei',NULL,NULL),(148,185,299,'Leistungsschütz 11kW , 230VAC','LC1 D25004M5',299,1,1,'Stück',72,'Telemecanique',6,185,495,1,134,2,49,2,3,1,1,'03 Schlosserei',NULL,NULL),(148,186,300,'Sperrschütz','CA2-DK122',300,0,1,'Stück',72,'Telemecanique',2,186,496,2,134,2,49,2,3,1,1,'03 Schlosserei',NULL,NULL),(148,187,302,'Hilfsschütz 230VAC','CAD32P7',302,3,1,'Stück',72,'Telemecanique',9,187,497,3,134,2,49,2,3,1,1,'03 Schlosserei',NULL,NULL),(148,188,301,'Verklinkungsblock , 230V AC/DC','LAD6K10M',301,3,1,'Stück',72,'Telemecanique',4,188,498,4,134,2,49,2,3,1,1,'03 Schlosserei',NULL,NULL),(148,189,303,'Leistungsschütz 30kW , 230VAC','LC1 D6511P7',303,0,1,'Stück',72,'Telemecanique',3,189,499,5,134,2,49,2,3,1,1,'03 Schlosserei',NULL,NULL),(148,190,304,'Motorschützschalter 24-40 A','GV7 RS40',304,0,1,'Stück',72,'Telemecanique',2,190,500,6,134,2,49,2,3,1,1,'03 Schlosserei',NULL,NULL),(148,191,305,'Hilfskontaktblock','LA8 DN11',305,0,1,'Stück',72,'Telemecanique',6,191,501,7,134,2,49,2,3,1,1,'03 Schlosserei',NULL,NULL),(148,192,306,'Hilfskontaktblock ','LA1DN22',306,0,1,'Stück',72,'Telemecanique',19,192,502,8,134,2,49,2,3,1,1,'03 Schlosserei',NULL,NULL),(148,193,308,'Leistungsschütz 11kW , 230VAC','DILOAM',308,0,1,'Stück',2,'Moeller',9,193,506,2,135,3,49,2,3,1,1,'03 Schlosserei',NULL,NULL),(148,195,309,'Leistungsschütz 15kW , 230VAC','DIL1M',309,0,1,'Stück',2,'Moeller',5,195,509,5,135,3,49,2,3,1,1,'03 Schlosserei',NULL,NULL),(148,196,310,'Leistungsschütz 7,5kW , 24VDC','DILOM-G',310,0,1,'Stück',2,'Moeller',4,196,505,1,135,3,49,2,3,1,1,'03 Schlosserei',NULL,NULL),(148,198,311,'Leistungsschütz 11kW , 230VAC','DILM25-21',311,0,1,'Stück',2,'Moeller',4,198,507,3,135,3,49,2,3,1,1,'03 Schlosserei',NULL,NULL),(148,199,312,'Leistungsschütz 11kW , 230VAC','DILM25-10',312,0,1,'Stück',2,'Moeller',1,199,508,4,135,3,49,2,3,1,1,'03 Schlosserei',NULL,NULL),(148,200,313,'Hilfsschütz 230VAC','DIL04L-22',313,0,1,'Stück',2,'Moeller',4,200,511,6,135,3,49,2,3,1,1,'03 Schlosserei',NULL,NULL),(148,201,314,'Hilfsschütz 230VAC','DIL04L-31',314,0,1,'Stück',2,'Moeller',1,201,512,7,135,3,49,2,3,1,1,'03 Schlosserei',NULL,NULL),(148,202,315,'Hilfsschütz 230VAC','DIL04-40',315,0,1,'Stück',2,'Moeller',4,202,513,8,135,3,49,2,3,1,1,'03 Schlosserei',NULL,NULL),(148,203,316,'Hilfsschaltbaustein','22DILM',316,0,1,'Stück',2,'Moeller',1,203,514,9,135,3,49,2,3,1,1,'03 Schlosserei',NULL,NULL),(148,204,317,'Hilfsschaltbaustein','DILM32-XHI22',317,0,1,'Stück',2,'Moeller',5,204,514,9,135,3,49,2,3,1,1,'03 Schlosserei',NULL,NULL),(148,205,318,'Hilfsschaltbaustein','DILM32-XHI11',318,0,1,'Stück',2,'Moeller',5,205,514,9,135,3,49,2,3,1,1,'03 Schlosserei',NULL,NULL),(148,206,319,'Normalhilfsschalter','NHI11-PKZ0',319,0,1,'Stück',2,'Moeller',10,206,515,1,136,4,49,2,3,1,1,'03 Schlosserei',NULL,NULL),(148,207,320,'Normalhilfsschalter','NHI-E-11-PKZ0',320,0,1,'Stück',2,'Moeller',7,207,505,1,135,3,49,2,3,1,1,'03 Schlosserei',NULL,NULL),(148,208,321,'Motorschützschalter 0,16-0,25 A','PKZM0-0,25',321,0,1,'Stück',2,'Moeller',1,208,516,2,136,4,49,2,3,1,1,'03 Schlosserei',NULL,NULL),(148,209,322,'Motorschützschalter 0,63-1,0 A','PKZM0-1',322,0,1,'Stück',2,'Moeller',1,209,516,2,136,4,49,2,3,1,1,'03 Schlosserei',NULL,NULL),(148,210,323,'Motorschützschalter 1,0-1,6 A','PKZM0-1,6',323,0,1,'Stück',2,'Moeller',1,210,516,2,136,4,49,2,3,1,1,'03 Schlosserei',NULL,NULL),(148,211,324,'Motorschützschalter 1,6-2,5 A','PKZM0-2,5',324,0,1,'Stück',2,'Moeller',1,211,516,2,136,4,49,2,3,1,1,'03 Schlosserei',NULL,NULL),(148,212,325,'Motorschützschalter 6,3-10 A','PKZM0-10',325,0,1,'Stück',2,'Moeller',1,212,517,3,136,4,49,2,3,1,1,'03 Schlosserei',NULL,NULL),(148,213,326,'Motorschützschalter 4,0-6,3 A','PKZM0-6,3',326,0,1,'Stück',2,'Moeller',2,213,517,3,136,4,49,2,3,1,1,'03 Schlosserei',NULL,NULL),(148,216,328,'Motorschützschalter 20-25 A','PKZM0-25',328,0,1,'Stück',2,'Moeller',2,216,518,4,136,4,49,2,3,1,1,'03 Schlosserei',NULL,NULL),(148,217,329,'Motorschützschalter 4,0 A','GV2 LE08 4A',329,0,1,'Stück',72,'Telemecanique',2,217,519,5,136,4,49,2,3,1,1,'03 Schlosserei',NULL,NULL),(148,218,330,'Motorschützschalter 10 A','GV2 LE14 10A',330,0,1,'Stück',72,'Telemecanique',2,218,520,6,136,4,49,2,3,1,1,'03 Schlosserei',NULL,NULL),(148,219,331,'Instalationsschütz 63A','ESB 63-40',11000331,0,1,'Stück',73,'ABB',1,219,510,10,135,3,49,2,3,1,1,'03 Schlosserei',NULL,NULL),(148,220,332,'Instalationsschütz 24A','ESB24-31',100332,0,1,'Stück',73,'ABB',1,220,510,10,135,3,49,2,3,1,1,'03 Schlosserei',NULL,NULL),(148,221,333,'Instalationsschütz 24A','ESB24-40',1100333,0,1,'Stück',73,'ABB',2,221,510,10,135,3,49,2,3,1,1,'03 Schlosserei',NULL,NULL),(148,223,335,'Instalationsschütz 40A (Last-Fernschalter)','5TT3 806',11000335,0,1,'Stück',1,'Siemens',1,223,510,10,135,3,49,2,3,1,1,'03 Schlosserei',NULL,NULL),(148,225,337,'Koppelrelais','IK8802.12AC/DC24V',1000337,0,1,'Stück',74,'E.Dold & Söhne KG',2,225,516,2,136,4,49,2,3,1,1,'03 Schlosserei',NULL,NULL),(148,226,338,'Koppelrelais','IK8802.12/023AC/DC230V',1000338,0,1,'Stück',74,'E.Dold & Söhne KG',15,226,515,1,136,4,49,2,3,1,1,'03 Schlosserei',NULL,NULL),(148,227,339,'Koppelrelais','IK8701.12AC 50HZ 230V',100339,0,1,'Stück',74,'E.Dold & Söhne KG',7,227,517,3,136,4,49,2,3,1,1,'03 Schlosserei',NULL,NULL),(149,7,72,'3~Motor; 0,55kW; 705U/min','AR 90L-8',72,1,1,'Stück',34,'Unitec AG',1,7,18,1,3,1,11,1,5,1,15,'Modellager',3,'Elektrowerkstatt'),(149,13,10,'Drahtseil','8x36+SES zS/20 mm/42 m',10,1,1,'Stück',65,'Pfeifer',1,13,19,2,3,1,11,1,5,1,15,'Modellager',3,'Elektrowerkstatt'),(149,68,149,'NH-Sicherung Gr.000 63A','3NA3 822',149,3,1,'Stück',1,'Siemens',0,68,359,6,127,3,48,1,3,1,1,'03 Schlosserei',3,'Elektrowerkstatt'),(149,79,165,'NH-Sicherung Gr.2 80A','3NA3224',165,3,1,'Stück',1,'Siemens',1,79,369,2,129,5,48,1,3,1,1,'03 Schlosserei',3,'Elektrowerkstatt'),(149,84,168,'NH-Sicherung Gr.2 160A','3NA3236',168,3,1,'Stück',1,'Siemens',3,84,372,5,129,5,48,1,3,1,1,'03 Schlosserei',3,'Elektrowerkstatt'),(149,85,169,'NH-Sicherung Gr.2 200A','3NA3240',169,3,1,'Stück',1,'Siemens',3,85,373,6,129,5,48,1,3,1,1,'03 Schlosserei',3,'Elektrowerkstatt'),(149,90,173,'NH-Sicherung Gr.3 315A','3NA3352',173,3,1,'Stück',1,'Siemens',3,90,385,3,130,6,48,1,3,1,1,'03 Schlosserei',3,'Elektrowerkstatt'),(149,136,247,'Kegelradgetriebe','43/31 Zähne; 200 Hz',247,1,1,'Stück',16,'Fein',1,136,430,4,155,5,64,14,30,2,1,'03 Schlosserei',3,'Elektrowerkstatt'),(149,137,248,'Kegelradgetriebe','52/25 Zähne; 300 Hz',248,1,1,'Stück',16,'Fein',1,137,430,4,155,5,64,14,30,2,1,'03 Schlosserei',3,'Elektrowerkstatt'),(149,138,249,'Kegelradgetriebe','49/18 Zähne; 300 Hz',249,1,1,'Stück',16,'Fein',1,138,430,4,155,5,64,14,30,2,1,'03 Schlosserei',3,'Elektrowerkstatt'),(150,7,72,'3~Motor; 0,55kW; 705U/min','AR 90L-8',72,1,1,'Stück',34,'Unitec AG',1,7,18,1,3,1,11,1,5,1,15,'Modellager',3,'Elektrowerkstatt'),(150,13,10,'Drahtseil','8x36+SES zS/20 mm/42 m',10,1,1,'Stück',65,'Pfeifer',1,13,19,2,3,1,11,1,5,1,15,'Modellager',3,'Elektrowerkstatt'),(150,68,149,'NH-Sicherung Gr.000 63A','3NA3 822',149,3,1,'Stück',1,'Siemens',0,68,359,6,127,3,48,1,3,1,1,'03 Schlosserei',3,'Elektrowerkstatt'),(150,79,165,'NH-Sicherung Gr.2 80A','3NA3224',165,3,1,'Stück',1,'Siemens',1,79,369,2,129,5,48,1,3,1,1,'03 Schlosserei',3,'Elektrowerkstatt'),(150,84,168,'NH-Sicherung Gr.2 160A','3NA3236',168,3,1,'Stück',1,'Siemens',3,84,372,5,129,5,48,1,3,1,1,'03 Schlosserei',3,'Elektrowerkstatt'),(150,85,169,'NH-Sicherung Gr.2 200A','3NA3240',169,3,1,'Stück',1,'Siemens',3,85,373,6,129,5,48,1,3,1,1,'03 Schlosserei',3,'Elektrowerkstatt'),(150,90,173,'NH-Sicherung Gr.3 315A','3NA3352',173,3,1,'Stück',1,'Siemens',3,90,385,3,130,6,48,1,3,1,1,'03 Schlosserei',3,'Elektrowerkstatt'),(150,136,247,'Kegelradgetriebe','43/31 Zähne; 200 Hz',247,1,1,'Stück',16,'Fein',1,136,430,4,155,5,64,14,30,2,1,'03 Schlosserei',3,'Elektrowerkstatt'),(150,137,248,'Kegelradgetriebe','52/25 Zähne; 300 Hz',248,1,1,'Stück',16,'Fein',1,137,430,4,155,5,64,14,30,2,1,'03 Schlosserei',3,'Elektrowerkstatt'),(150,138,249,'Kegelradgetriebe','49/18 Zähne; 300 Hz',249,1,1,'Stück',16,'Fein',1,138,430,4,155,5,64,14,30,2,1,'03 Schlosserei',3,'Elektrowerkstatt'),(151,7,72,'3~Motor; 0,55kW; 705U/min','AR 90L-8',72,1,1,'Stück',34,'Unitec AG',1,7,18,1,3,1,11,1,5,1,15,'Modellager',3,'Elektrowerkstatt'),(151,13,10,'Drahtseil','8x36+SES zS/20 mm/42 m',10,1,1,'Stück',65,'Pfeifer',1,13,19,2,3,1,11,1,5,1,15,'Modellager',3,'Elektrowerkstatt'),(151,68,149,'NH-Sicherung Gr.000 63A','3NA3 822',149,3,1,'Stück',1,'Siemens',0,68,359,6,127,3,48,1,3,1,1,'03 Schlosserei',3,'Elektrowerkstatt'),(151,79,165,'NH-Sicherung Gr.2 80A','3NA3224',165,3,1,'Stück',1,'Siemens',1,79,369,2,129,5,48,1,3,1,1,'03 Schlosserei',3,'Elektrowerkstatt'),(151,84,168,'NH-Sicherung Gr.2 160A','3NA3236',168,3,1,'Stück',1,'Siemens',3,84,372,5,129,5,48,1,3,1,1,'03 Schlosserei',3,'Elektrowerkstatt'),(151,85,169,'NH-Sicherung Gr.2 200A','3NA3240',169,3,1,'Stück',1,'Siemens',3,85,373,6,129,5,48,1,3,1,1,'03 Schlosserei',3,'Elektrowerkstatt'),(151,90,173,'NH-Sicherung Gr.3 315A','3NA3352',173,3,1,'Stück',1,'Siemens',3,90,385,3,130,6,48,1,3,1,1,'03 Schlosserei',3,'Elektrowerkstatt'),(151,136,247,'Kegelradgetriebe','43/31 Zähne; 200 Hz',247,1,1,'Stück',16,'Fein',1,136,430,4,155,5,64,14,30,2,1,'03 Schlosserei',3,'Elektrowerkstatt'),(151,137,248,'Kegelradgetriebe','52/25 Zähne; 300 Hz',248,1,1,'Stück',16,'Fein',1,137,430,4,155,5,64,14,30,2,1,'03 Schlosserei',3,'Elektrowerkstatt'),(151,138,249,'Kegelradgetriebe','49/18 Zähne; 300 Hz',249,1,1,'Stück',16,'Fein',1,138,430,4,155,5,64,14,30,2,1,'03 Schlosserei',3,'Elektrowerkstatt'),(152,7,72,'3~Motor; 0,55kW; 705U/min','AR 90L-8',72,1,1,'Stück',34,'Unitec AG',1,7,18,1,3,1,11,1,5,1,15,'Modellager',3,'Elektrowerkstatt'),(152,13,10,'Drahtseil','8x36+SES zS/20 mm/42 m',10,1,1,'Stück',65,'Pfeifer',1,13,19,2,3,1,11,1,5,1,15,'Modellager',3,'Elektrowerkstatt'),(152,68,149,'NH-Sicherung Gr.000 63A','3NA3 822',149,3,1,'Stück',1,'Siemens',0,68,359,6,127,3,48,1,3,1,1,'03 Schlosserei',3,'Elektrowerkstatt'),(152,79,165,'NH-Sicherung Gr.2 80A','3NA3224',165,3,1,'Stück',1,'Siemens',1,79,369,2,129,5,48,1,3,1,1,'03 Schlosserei',3,'Elektrowerkstatt'),(152,84,168,'NH-Sicherung Gr.2 160A','3NA3236',168,3,1,'Stück',1,'Siemens',3,84,372,5,129,5,48,1,3,1,1,'03 Schlosserei',3,'Elektrowerkstatt'),(152,85,169,'NH-Sicherung Gr.2 200A','3NA3240',169,3,1,'Stück',1,'Siemens',3,85,373,6,129,5,48,1,3,1,1,'03 Schlosserei',3,'Elektrowerkstatt'),(152,90,173,'NH-Sicherung Gr.3 315A','3NA3352',173,3,1,'Stück',1,'Siemens',3,90,385,3,130,6,48,1,3,1,1,'03 Schlosserei',3,'Elektrowerkstatt'),(152,136,247,'Kegelradgetriebe','43/31 Zähne; 200 Hz',247,1,1,'Stück',16,'Fein',1,136,430,4,155,5,64,14,30,2,1,'03 Schlosserei',3,'Elektrowerkstatt'),(152,137,248,'Kegelradgetriebe','52/25 Zähne; 300 Hz',248,1,1,'Stück',16,'Fein',1,137,430,4,155,5,64,14,30,2,1,'03 Schlosserei',3,'Elektrowerkstatt'),(152,138,249,'Kegelradgetriebe','49/18 Zähne; 300 Hz',249,1,1,'Stück',16,'Fein',1,138,430,4,155,5,64,14,30,2,1,'03 Schlosserei',3,'Elektrowerkstatt'),(153,7,72,'3~Motor; 0,55kW; 705U/min','AR 90L-8',72,1,1,'Stück',34,'Unitec AG',1,7,18,1,3,1,11,1,5,1,15,'Modellager',3,'Elektrowerkstatt'),(153,13,10,'Drahtseil','8x36+SES zS/20 mm/42 m',10,1,1,'Stück',65,'Pfeifer',1,13,19,2,3,1,11,1,5,1,15,'Modellager',3,'Elektrowerkstatt'),(153,68,149,'NH-Sicherung Gr.000 63A','3NA3 822',149,3,1,'Stück',1,'Siemens',0,68,359,6,127,3,48,1,3,1,1,'03 Schlosserei',3,'Elektrowerkstatt'),(153,79,165,'NH-Sicherung Gr.2 80A','3NA3224',165,3,1,'Stück',1,'Siemens',1,79,369,2,129,5,48,1,3,1,1,'03 Schlosserei',3,'Elektrowerkstatt'),(153,84,168,'NH-Sicherung Gr.2 160A','3NA3236',168,3,1,'Stück',1,'Siemens',3,84,372,5,129,5,48,1,3,1,1,'03 Schlosserei',3,'Elektrowerkstatt'),(153,85,169,'NH-Sicherung Gr.2 200A','3NA3240',169,3,1,'Stück',1,'Siemens',3,85,373,6,129,5,48,1,3,1,1,'03 Schlosserei',3,'Elektrowerkstatt'),(153,90,173,'NH-Sicherung Gr.3 315A','3NA3352',173,3,1,'Stück',1,'Siemens',3,90,385,3,130,6,48,1,3,1,1,'03 Schlosserei',3,'Elektrowerkstatt'),(153,136,247,'Kegelradgetriebe','43/31 Zähne; 200 Hz',247,1,1,'Stück',16,'Fein',1,136,430,4,155,5,64,14,30,2,1,'03 Schlosserei',3,'Elektrowerkstatt'),(153,137,248,'Kegelradgetriebe','52/25 Zähne; 300 Hz',248,1,1,'Stück',16,'Fein',1,137,430,4,155,5,64,14,30,2,1,'03 Schlosserei',3,'Elektrowerkstatt'),(153,138,249,'Kegelradgetriebe','49/18 Zähne; 300 Hz',249,1,1,'Stück',16,'Fein',1,138,430,4,155,5,64,14,30,2,1,'03 Schlosserei',3,'Elektrowerkstatt'),(154,7,72,'3~Motor; 0,55kW; 705U/min','AR 90L-8',72,1,1,'Stück',34,'Unitec AG',1,7,18,1,3,1,11,1,5,1,15,'Modellager',3,'Elektrowerkstatt'),(154,13,10,'Drahtseil','8x36+SES zS/20 mm/42 m',10,1,1,'Stück',65,'Pfeifer',1,13,19,2,3,1,11,1,5,1,15,'Modellager',3,'Elektrowerkstatt'),(154,68,149,'NH-Sicherung Gr.000 63A','3NA3 822',149,3,1,'Stück',1,'Siemens',0,68,359,6,127,3,48,1,3,1,1,'03 Schlosserei',3,'Elektrowerkstatt'),(154,79,165,'NH-Sicherung Gr.2 80A','3NA3224',165,3,1,'Stück',1,'Siemens',1,79,369,2,129,5,48,1,3,1,1,'03 Schlosserei',3,'Elektrowerkstatt'),(154,84,168,'NH-Sicherung Gr.2 160A','3NA3236',168,3,1,'Stück',1,'Siemens',3,84,372,5,129,5,48,1,3,1,1,'03 Schlosserei',3,'Elektrowerkstatt'),(154,85,169,'NH-Sicherung Gr.2 200A','3NA3240',169,3,1,'Stück',1,'Siemens',3,85,373,6,129,5,48,1,3,1,1,'03 Schlosserei',3,'Elektrowerkstatt'),(154,90,173,'NH-Sicherung Gr.3 315A','3NA3352',173,3,1,'Stück',1,'Siemens',3,90,385,3,130,6,48,1,3,1,1,'03 Schlosserei',3,'Elektrowerkstatt'),(154,136,247,'Kegelradgetriebe','43/31 Zähne; 200 Hz',247,1,1,'Stück',16,'Fein',1,136,430,4,155,5,64,14,30,2,1,'03 Schlosserei',3,'Elektrowerkstatt'),(154,137,248,'Kegelradgetriebe','52/25 Zähne; 300 Hz',248,1,1,'Stück',16,'Fein',1,137,430,4,155,5,64,14,30,2,1,'03 Schlosserei',3,'Elektrowerkstatt'),(154,138,249,'Kegelradgetriebe','49/18 Zähne; 300 Hz',249,1,1,'Stück',16,'Fein',1,138,430,4,155,5,64,14,30,2,1,'03 Schlosserei',3,'Elektrowerkstatt'),(173,7,72,'3~Motor; 0,55kW; 705U/min','AR 90L-8',72,1,1,'Stück',34,'Unitec AG',1,7,18,1,3,1,11,1,5,1,15,'Modellager',3,'Elektrowerkstatt'),(173,13,10,'Drahtseil','8x36+SES zS/20 mm/42m',10,1,1,'Stück',65,'Pfeifer',1,13,19,2,3,1,11,1,5,1,15,'Modellager',3,'Elektrowerkstatt'),(173,68,149,'NH-Sicherung Gr.000 63A','3NA3 822',149,3,1,'Stück',1,'Siemens',0,68,359,6,127,3,48,1,3,1,1,'Schlosserei',3,'Elektrowerkstatt'),(173,79,165,'NH-Sicherung Gr.2 80A','3NA3224',165,3,1,'Stück',1,'Siemens',1,79,369,2,129,5,48,1,3,1,1,'Schlosserei',3,'Elektrowerkstatt'),(173,84,168,'NH-Sicherung Gr.2 160A','3NA3236',168,3,1,'Stück',1,'Siemens',3,84,372,5,129,5,48,1,3,1,1,'Schlosserei',3,'Elektrowerkstatt'),(173,85,169,'NH-Sicherung Gr.2 200A','3NA3240',169,3,1,'Stück',1,'Siemens',3,85,373,6,129,5,48,1,3,1,1,'Schlosserei',3,'Elektrowerkstatt'),(173,90,173,'NH-Sicherung Gr.3 315A','3NA3352',173,3,1,'Stück',1,'Siemens',3,90,385,3,130,6,48,1,3,1,1,'Schlosserei',3,'Elektrowerkstatt'),(173,136,247,'Kegelradgetriebe','43/31 Zähne; 200 Hz',247,1,1,'Stück',16,'Fein',1,136,430,4,155,5,64,14,30,2,1,'Schlosserei',3,'Elektrowerkstatt'),(173,137,248,'Kegelradgetriebe','52/25 Zähne; 300 Hz',248,1,1,'Stück',16,'Fein',1,137,430,4,155,5,64,14,30,2,1,'Schlosserei',3,'Elektrowerkstatt'),(173,138,249,'Kegelradgetriebe','49/18 Zähne; 300 Hz',249,1,1,'Stück',16,'Fein',1,138,430,4,155,5,64,14,30,2,1,'Schlosserei',3,'Elektrowerkstatt'),(175,7,72,'3~Motor; 0,55kW; 705U/min','AR 90L-8',72,1,1,'Stück',34,'Unitec AG',1,7,18,1,3,1,11,1,5,1,15,'Modellager',3,'Elektrowerkstatt'),(175,13,10,'Drahtseil','8x36+SES zS/20 mm/42m',10,1,1,'Stück',65,'Pfeifer',1,13,19,2,3,1,11,1,5,1,15,'Modellager',3,'Elektrowerkstatt'),(175,68,149,'NH-Sicherung Gr.000 63A','3NA3 822',149,3,1,'Stück',1,'Siemens',0,68,359,6,127,3,48,1,3,1,1,'Schlosserei',3,'Elektrowerkstatt'),(175,79,165,'NH-Sicherung Gr.2 80A','3NA3224',165,3,1,'Stück',1,'Siemens',1,79,369,2,129,5,48,1,3,1,1,'Schlosserei',3,'Elektrowerkstatt'),(175,84,168,'NH-Sicherung Gr.2 160A','3NA3236',168,3,1,'Stück',1,'Siemens',3,84,372,5,129,5,48,1,3,1,1,'Schlosserei',3,'Elektrowerkstatt'),(175,85,169,'NH-Sicherung Gr.2 200A','3NA3240',169,3,1,'Stück',1,'Siemens',3,85,373,6,129,5,48,1,3,1,1,'Schlosserei',3,'Elektrowerkstatt'),(175,90,173,'NH-Sicherung Gr.3 315A','3NA3352',173,3,1,'Stück',1,'Siemens',3,90,385,3,130,6,48,1,3,1,1,'Schlosserei',3,'Elektrowerkstatt'),(175,136,247,'Kegelradgetriebe','43/31 Zähne; 200 Hz',247,1,1,'Stück',16,'Fein',1,136,430,4,155,5,64,14,30,2,1,'Schlosserei',3,'Elektrowerkstatt'),(175,137,248,'Kegelradgetriebe','52/25 Zähne; 300 Hz',248,1,1,'Stück',16,'Fein',1,137,430,4,155,5,64,14,30,2,1,'Schlosserei',3,'Elektrowerkstatt'),(175,138,249,'Kegelradgetriebe','49/18 Zähne; 300 Hz',249,1,1,'Stück',16,'Fein',1,138,430,4,155,5,64,14,30,2,1,'Schlosserei',3,'Elektrowerkstatt'),(178,7,72,'3~Motor; 0,55kW; 705U/min','AR 90L-8',72,1,1,'Stück',34,'Unitec AG',1,7,18,1,3,1,11,1,5,1,15,'Modellager',3,'Elektrowerkstatt'),(178,13,10,'Drahtseil','8x36+SES zS/20 mm/42m',10,1,1,'Stück',65,'Pfeifer',1,13,19,2,3,1,11,1,5,1,15,'Modellager',3,'Elektrowerkstatt'),(178,68,149,'NH-Sicherung Gr.000 63A','3NA3 822',149,3,1,'Stück',1,'Siemens',0,68,359,6,127,3,48,1,3,1,1,'Schlosserei',3,'Elektrowerkstatt'),(178,79,165,'NH-Sicherung Gr.2 80A','3NA3224',165,3,1,'Stück',1,'Siemens',1,79,369,2,129,5,48,1,3,1,1,'Schlosserei',3,'Elektrowerkstatt'),(178,84,168,'NH-Sicherung Gr.2 160A','3NA3236',168,3,1,'Stück',1,'Siemens',3,84,372,5,129,5,48,1,3,1,1,'Schlosserei',3,'Elektrowerkstatt'),(178,85,169,'NH-Sicherung Gr.2 200A','3NA3240',169,3,1,'Stück',1,'Siemens',3,85,373,6,129,5,48,1,3,1,1,'Schlosserei',3,'Elektrowerkstatt'),(178,90,173,'NH-Sicherung Gr.3 315A','3NA3352',173,3,1,'Stück',1,'Siemens',3,90,385,3,130,6,48,1,3,1,1,'Schlosserei',3,'Elektrowerkstatt'),(178,136,247,'Kegelradgetriebe','43/31 Zähne; 200 Hz',247,1,1,'Stück',16,'Fein',1,136,430,4,155,5,64,14,30,2,1,'Schlosserei',3,'Elektrowerkstatt'),(178,137,248,'Kegelradgetriebe','52/25 Zähne; 300 Hz',248,1,1,'Stück',16,'Fein',1,137,430,4,155,5,64,14,30,2,1,'Schlosserei',3,'Elektrowerkstatt'),(178,138,249,'Kegelradgetriebe','49/18 Zähne; 300 Hz',249,1,1,'Stück',16,'Fein',1,138,430,4,155,5,64,14,30,2,1,'Schlosserei',3,'Elektrowerkstatt'),(179,7,72,'3~Motor; 0,55kW; 705U/min','AR 90L-8',72,1,1,'Stück',34,'Unitec AG',1,7,18,1,3,1,11,1,5,1,15,'Modellager',3,'Elektrowerkstatt'),(179,13,10,'Drahtseil','8x36+SES zS/20 mm/42m',10,1,1,'Stück',65,'Pfeifer',1,13,19,2,3,1,11,1,5,1,15,'Modellager',3,'Elektrowerkstatt'),(179,68,149,'NH-Sicherung Gr.000 63A','3NA3 822',149,3,1,'Stück',1,'Siemens',0,68,359,6,127,3,48,1,3,1,1,'Schlosserei',3,'Elektrowerkstatt'),(179,79,165,'NH-Sicherung Gr.2 80A','3NA3224',165,3,1,'Stück',1,'Siemens',1,79,369,2,129,5,48,1,3,1,1,'Schlosserei',3,'Elektrowerkstatt'),(179,84,168,'NH-Sicherung Gr.2 160A','3NA3236',168,3,1,'Stück',1,'Siemens',3,84,372,5,129,5,48,1,3,1,1,'Schlosserei',3,'Elektrowerkstatt'),(179,85,169,'NH-Sicherung Gr.2 200A','3NA3240',169,3,1,'Stück',1,'Siemens',3,85,373,6,129,5,48,1,3,1,1,'Schlosserei',3,'Elektrowerkstatt'),(179,90,173,'NH-Sicherung Gr.3 315A','3NA3352',173,3,1,'Stück',1,'Siemens',3,90,385,3,130,6,48,1,3,1,1,'Schlosserei',3,'Elektrowerkstatt'),(179,136,247,'Kegelradgetriebe','43/31 Zähne; 200 Hz',247,1,1,'Stück',16,'Fein',1,136,430,4,155,5,64,14,30,2,1,'Schlosserei',3,'Elektrowerkstatt'),(179,137,248,'Kegelradgetriebe','52/25 Zähne; 300 Hz',248,1,1,'Stück',16,'Fein',1,137,430,4,155,5,64,14,30,2,1,'Schlosserei',3,'Elektrowerkstatt'),(179,138,249,'Kegelradgetriebe','49/18 Zähne; 300 Hz',249,1,1,'Stück',16,'Fein',1,138,430,4,155,5,64,14,30,2,1,'Schlosserei',3,'Elektrowerkstatt'),(180,7,72,'3~Motor; 0,55kW; 705U/min','AR 90L-8',72,1,1,'Stück',34,'Unitec AG',1,7,18,1,3,1,11,1,5,1,15,'Modellager',3,'Elektrowerkstatt'),(180,13,10,'Drahtseil','8x36+SES zS/20 mm/42m',10,1,1,'Stück',65,'Pfeifer',1,13,19,2,3,1,11,1,5,1,15,'Modellager',3,'Elektrowerkstatt'),(180,68,149,'NH-Sicherung Gr.000 63A','3NA3 822',149,3,1,'Stück',1,'Siemens',0,68,359,6,127,3,48,1,3,1,1,'Schlosserei',3,'Elektrowerkstatt'),(180,79,165,'NH-Sicherung Gr.2 80A','3NA3224',165,3,1,'Stück',1,'Siemens',1,79,369,2,129,5,48,1,3,1,1,'Schlosserei',3,'Elektrowerkstatt'),(180,84,168,'NH-Sicherung Gr.2 160A','3NA3236',168,3,1,'Stück',1,'Siemens',3,84,372,5,129,5,48,1,3,1,1,'Schlosserei',3,'Elektrowerkstatt'),(180,85,169,'NH-Sicherung Gr.2 200A','3NA3240',169,3,1,'Stück',1,'Siemens',3,85,373,6,129,5,48,1,3,1,1,'Schlosserei',3,'Elektrowerkstatt'),(180,90,173,'NH-Sicherung Gr.3 315A','3NA3352',173,3,1,'Stück',1,'Siemens',3,90,385,3,130,6,48,1,3,1,1,'Schlosserei',3,'Elektrowerkstatt'),(180,136,247,'Kegelradgetriebe','43/31 Zähne; 200 Hz',247,1,1,'Stück',16,'Fein',1,136,430,4,155,5,64,14,30,2,1,'Schlosserei',3,'Elektrowerkstatt'),(180,137,248,'Kegelradgetriebe','52/25 Zähne; 300 Hz',248,1,1,'Stück',16,'Fein',1,137,430,4,155,5,64,14,30,2,1,'Schlosserei',3,'Elektrowerkstatt'),(180,138,249,'Kegelradgetriebe','49/18 Zähne; 300 Hz',249,1,1,'Stück',16,'Fein',1,138,430,4,155,5,64,14,30,2,1,'Schlosserei',3,'Elektrowerkstatt'),(181,7,72,'3~Motor; 0,55kW; 705U/min','AR 90L-8',72,1,1,'Stück',34,'Unitec AG',1,7,18,1,3,1,11,1,5,1,15,'Modellager',3,'Elektrowerkstatt'),(181,13,10,'Drahtseil','8x36+SES zS/20 mm/42m',10,1,1,'Stück',65,'Pfeifer',1,13,19,2,3,1,11,1,5,1,15,'Modellager',3,'Elektrowerkstatt'),(181,68,149,'NH-Sicherung Gr.000 63A','3NA3 822',149,3,1,'Stück',1,'Siemens',0,68,359,6,127,3,48,1,3,1,1,'Schlosserei',3,'Elektrowerkstatt'),(181,79,165,'NH-Sicherung Gr.2 80A','3NA3224',165,3,1,'Stück',1,'Siemens',1,79,369,2,129,5,48,1,3,1,1,'Schlosserei',3,'Elektrowerkstatt'),(181,84,168,'NH-Sicherung Gr.2 160A','3NA3236',168,3,1,'Stück',1,'Siemens',3,84,372,5,129,5,48,1,3,1,1,'Schlosserei',3,'Elektrowerkstatt'),(181,85,169,'NH-Sicherung Gr.2 200A','3NA3240',169,3,1,'Stück',1,'Siemens',3,85,373,6,129,5,48,1,3,1,1,'Schlosserei',3,'Elektrowerkstatt'),(181,90,173,'NH-Sicherung Gr.3 315A','3NA3352',173,3,1,'Stück',1,'Siemens',3,90,385,3,130,6,48,1,3,1,1,'Schlosserei',3,'Elektrowerkstatt'),(181,136,247,'Kegelradgetriebe','43/31 Zähne; 200 Hz',247,1,1,'Stück',16,'Fein',1,136,430,4,155,5,64,14,30,2,1,'Schlosserei',3,'Elektrowerkstatt'),(181,137,248,'Kegelradgetriebe','52/25 Zähne; 300 Hz',248,1,1,'Stück',16,'Fein',1,137,430,4,155,5,64,14,30,2,1,'Schlosserei',3,'Elektrowerkstatt'),(181,138,249,'Kegelradgetriebe','49/18 Zähne; 300 Hz',249,1,1,'Stück',16,'Fein',1,138,430,4,155,5,64,14,30,2,1,'Schlosserei',3,'Elektrowerkstatt'),(182,7,72,'3~Motor; 0,55kW; 705U/min','AR 90L-8',72,1,1,'Stück',34,'Unitec AG',1,7,18,1,3,1,11,1,5,1,15,'Modellager',3,'Elektrowerkstatt'),(182,13,10,'Drahtseil','8x36+SES zS/20 mm/42m',10,1,1,'Stück',65,'Pfeifer',1,13,19,2,3,1,11,1,5,1,15,'Modellager',3,'Elektrowerkstatt'),(182,68,149,'NH-Sicherung Gr.000 63A','3NA3 822',149,3,1,'Stück',1,'Siemens',0,68,359,6,127,3,48,1,3,1,1,'Schlosserei',3,'Elektrowerkstatt'),(182,79,165,'NH-Sicherung Gr.2 80A','3NA3224',165,3,1,'Stück',1,'Siemens',1,79,369,2,129,5,48,1,3,1,1,'Schlosserei',3,'Elektrowerkstatt'),(182,84,168,'NH-Sicherung Gr.2 160A','3NA3236',168,3,1,'Stück',1,'Siemens',3,84,372,5,129,5,48,1,3,1,1,'Schlosserei',3,'Elektrowerkstatt'),(182,85,169,'NH-Sicherung Gr.2 200A','3NA3240',169,3,1,'Stück',1,'Siemens',3,85,373,6,129,5,48,1,3,1,1,'Schlosserei',3,'Elektrowerkstatt'),(182,90,173,'NH-Sicherung Gr.3 315A','3NA3352',173,3,1,'Stück',1,'Siemens',3,90,385,3,130,6,48,1,3,1,1,'Schlosserei',3,'Elektrowerkstatt'),(182,136,247,'Kegelradgetriebe','43/31 Zähne; 200 Hz',247,1,1,'Stück',16,'Fein',1,136,430,4,155,5,64,14,30,2,1,'Schlosserei',3,'Elektrowerkstatt'),(182,137,248,'Kegelradgetriebe','52/25 Zähne; 300 Hz',248,1,1,'Stück',16,'Fein',1,137,430,4,155,5,64,14,30,2,1,'Schlosserei',3,'Elektrowerkstatt'),(182,138,249,'Kegelradgetriebe','49/18 Zähne; 300 Hz',249,1,1,'Stück',16,'Fein',1,138,430,4,155,5,64,14,30,2,1,'Schlosserei',3,'Elektrowerkstatt'),(184,7,72,'3~Motor; 0,55kW; 705U/min','AR 90L-8',72,1,1,'Stück',34,'Unitec AG',1,7,18,1,3,1,11,1,5,1,15,'Modellager',3,'Elektrowerkstatt'),(184,13,10,'Drahtseil','8x36+SES zS/20 mm/42m',10,1,1,'Stück',65,'Pfeifer',1,13,19,2,3,1,11,1,5,1,15,'Modellager',3,'Elektrowerkstatt'),(184,68,149,'NH-Sicherung Gr.000 63A','3NA3 822',149,3,1,'Stück',1,'Siemens',0,68,359,6,127,3,48,1,3,1,1,'Schlosserei',3,'Elektrowerkstatt'),(184,79,165,'NH-Sicherung Gr.2 80A','3NA3224',165,3,1,'Stück',1,'Siemens',1,79,369,2,129,5,48,1,3,1,1,'Schlosserei',3,'Elektrowerkstatt'),(184,84,168,'NH-Sicherung Gr.2 160A','3NA3236',168,3,1,'Stück',1,'Siemens',3,84,372,5,129,5,48,1,3,1,1,'Schlosserei',3,'Elektrowerkstatt'),(184,85,169,'NH-Sicherung Gr.2 200A','3NA3240',169,3,1,'Stück',1,'Siemens',3,85,373,6,129,5,48,1,3,1,1,'Schlosserei',3,'Elektrowerkstatt'),(184,90,173,'NH-Sicherung Gr.3 315A','3NA3352',173,3,1,'Stück',1,'Siemens',3,90,385,3,130,6,48,1,3,1,1,'Schlosserei',3,'Elektrowerkstatt'),(184,136,247,'Kegelradgetriebe','43/31 Zähne; 200 Hz',247,1,1,'Stück',16,'Fein',1,136,430,4,155,5,64,14,30,2,1,'Schlosserei',3,'Elektrowerkstatt'),(184,137,248,'Kegelradgetriebe','52/25 Zähne; 300 Hz',248,1,1,'Stück',16,'Fein',1,137,430,4,155,5,64,14,30,2,1,'Schlosserei',3,'Elektrowerkstatt'),(184,138,249,'Kegelradgetriebe','49/18 Zähne; 300 Hz',249,1,1,'Stück',16,'Fein',1,138,430,4,155,5,64,14,30,2,1,'Schlosserei',3,'Elektrowerkstatt'),(186,7,72,'3~Motor; 0,55kW; 705U/min','AR 90L-8',72,1,1,'Stück',34,'Unitec AG',1,7,18,1,3,1,11,1,5,1,15,'Modellager',3,'Elektrowerkstatt'),(186,13,10,'Drahtseil','8x36+SES zS/20 mm/42m',10,1,1,'Stück',65,'Pfeifer',1,13,19,2,3,1,11,1,5,1,15,'Modellager',3,'Elektrowerkstatt'),(186,68,149,'NH-Sicherung Gr.000 63A','3NA3 822',149,3,1,'Stück',1,'Siemens',0,68,359,6,127,3,48,1,3,1,1,'Schlosserei',3,'Elektrowerkstatt'),(186,79,165,'NH-Sicherung Gr.2 80A','3NA3224',165,3,1,'Stück',1,'Siemens',1,79,369,2,129,5,48,1,3,1,1,'Schlosserei',3,'Elektrowerkstatt'),(186,84,168,'NH-Sicherung Gr.2 160A','3NA3236',168,3,1,'Stück',1,'Siemens',3,84,372,5,129,5,48,1,3,1,1,'Schlosserei',3,'Elektrowerkstatt'),(186,85,169,'NH-Sicherung Gr.2 200A','3NA3240',169,3,1,'Stück',1,'Siemens',3,85,373,6,129,5,48,1,3,1,1,'Schlosserei',3,'Elektrowerkstatt'),(186,90,173,'NH-Sicherung Gr.3 315A','3NA3352',173,3,1,'Stück',1,'Siemens',3,90,385,3,130,6,48,1,3,1,1,'Schlosserei',3,'Elektrowerkstatt'),(186,136,247,'Kegelradgetriebe','43/31 Zähne; 200 Hz',247,1,1,'Stück',16,'Fein',1,136,430,4,155,5,64,14,30,2,1,'Schlosserei',3,'Elektrowerkstatt'),(186,137,248,'Kegelradgetriebe','52/25 Zähne; 300 Hz',248,1,1,'Stück',16,'Fein',1,137,430,4,155,5,64,14,30,2,1,'Schlosserei',3,'Elektrowerkstatt'),(186,138,249,'Kegelradgetriebe','49/18 Zähne; 300 Hz',249,1,1,'Stück',16,'Fein',1,138,430,4,155,5,64,14,30,2,1,'Schlosserei',3,'Elektrowerkstatt'),(200,7,72,'3~Motor; 0,55kW; 705U/min','AR 90L-8',72,1,1,'Stück',34,'Unitec AG',1,7,18,1,3,1,11,1,5,1,15,'Modellager',3,'Elektrowerkstatt'),(200,13,10,'Drahtseil','8x36+SES zS/20 mm/42m',10,1,1,'Stück',65,'Pfeifer',1,13,19,2,3,1,11,1,5,1,15,'Modellager',3,'Elektrowerkstatt'),(200,68,149,'NH-Sicherung Gr.000 63A','3NA3 822',149,3,1,'Stück',1,'Siemens',0,68,359,6,127,3,48,1,3,1,1,'Schlosserei',3,'Elektrowerkstatt'),(200,79,165,'NH-Sicherung Gr.2 80A','3NA3224',165,3,1,'Stück',1,'Siemens',1,79,369,2,129,5,48,1,3,1,1,'Schlosserei',3,'Elektrowerkstatt'),(200,84,168,'NH-Sicherung Gr.2 160A','3NA3236',168,3,1,'Stück',1,'Siemens',3,84,372,5,129,5,48,1,3,1,1,'Schlosserei',3,'Elektrowerkstatt'),(200,85,169,'NH-Sicherung Gr.2 200A','3NA3240',169,3,1,'Stück',1,'Siemens',3,85,373,6,129,5,48,1,3,1,1,'Schlosserei',3,'Elektrowerkstatt'),(200,90,173,'NH-Sicherung Gr.3 315A','3NA3352',173,3,1,'Stück',1,'Siemens',3,90,385,3,130,6,48,1,3,1,1,'Schlosserei',3,'Elektrowerkstatt'),(200,136,247,'Kegelradgetriebe','43/31 Zähne; 200 Hz',247,1,1,'Stück',16,'Fein',1,136,430,4,155,5,64,14,30,2,1,'Schlosserei',3,'Elektrowerkstatt'),(200,137,248,'Kegelradgetriebe','52/25 Zähne; 300 Hz',248,1,1,'Stück',16,'Fein',1,137,430,4,155,5,64,14,30,2,1,'Schlosserei',3,'Elektrowerkstatt'),(200,138,249,'Kegelradgetriebe','49/18 Zähne; 300 Hz',249,1,1,'Stück',16,'Fein',1,138,430,4,155,5,64,14,30,2,1,'Schlosserei',3,'Elektrowerkstatt');
/*!40000 ALTER TABLE `bericht_mindestbestand` ENABLE KEYS */;
UNLOCK TABLES;

--
-- Table structure for table `bericht_mindestbestand_artikel`
--

DROP TABLE IF EXISTS `bericht_mindestbestand_artikel`;
/*!40101 SET @saved_cs_client     = @@character_set_client */;
/*!40101 SET character_set_client = utf8 */;
CREATE TABLE `bericht_mindestbestand_artikel` (
  `fk_bericht_id` int(10) unsigned NOT NULL,
  `fk_artikel` int(10) unsigned NOT NULL
) ENGINE=InnoDB DEFAULT CHARSET=utf8 COLLATE=utf8_unicode_ci;
/*!40101 SET character_set_client = @saved_cs_client */;

--
-- Dumping data for table `bericht_mindestbestand_artikel`
--

LOCK TABLES `bericht_mindestbestand_artikel` WRITE;
/*!40000 ALTER TABLE `bericht_mindestbestand_artikel` DISABLE KEYS */;
INSERT INTO `bericht_mindestbestand_artikel` VALUES (149,72),(149,10),(149,143),(149,149),(149,165),(149,168),(149,169),(149,173),(149,247),(149,248),(149,249),(150,72),(150,10),(150,143),(150,149),(150,165),(150,168),(150,169),(150,173),(150,247),(150,248),(150,249),(151,72),(151,10),(151,143),(151,149),(151,165),(151,168),(151,169),(151,173),(151,247),(151,248),(151,249),(152,72),(152,10),(152,143),(152,149),(152,165),(152,168),(152,169),(152,173),(152,247),(152,248),(152,249),(153,72),(153,10),(153,143),(153,149),(153,165),(153,168),(153,169),(153,173),(153,247),(153,248),(153,249),(154,72),(154,10),(154,143),(154,149),(154,165),(154,168),(154,169),(154,173),(154,247),(154,248),(154,249),(173,72),(173,10),(173,143),(173,149),(173,165),(173,168),(173,169),(173,173),(173,247),(173,248),(173,249),(175,72),(175,10),(175,143),(175,149),(175,165),(175,168),(175,169),(175,173),(175,247),(175,248),(175,249),(178,72),(178,10),(178,143),(178,149),(178,165),(178,168),(178,169),(178,173),(178,247),(178,248),(178,249),(179,72),(179,10),(179,143),(179,149),(179,165),(179,168),(179,169),(179,173),(179,247),(179,248),(179,249),(180,72),(180,10),(180,143),(180,149),(180,165),(180,168),(180,169),(180,173),(180,247),(180,248),(180,249),(181,72),(181,10),(181,143),(181,149),(181,165),(181,168),(181,169),(181,173),(181,247),(181,248),(181,249),(182,72),(182,10),(182,143),(182,149),(182,165),(182,168),(182,169),(182,173),(182,247),(182,248),(182,249),(184,72),(184,10),(184,143),(184,149),(184,165),(184,168),(184,169),(184,173),(184,247),(184,248),(184,249),(186,72),(186,10),(186,143),(186,149),(186,165),(186,168),(186,169),(186,173),(186,247),(186,248),(186,249),(200,72),(200,10),(200,143),(200,149),(200,165),(200,168),(200,169),(200,173),(200,247),(200,248),(200,249);
/*!40000 ALTER TABLE `bericht_mindestbestand_artikel` ENABLE KEYS */;
UNLOCK TABLES;

--
-- Table structure for table `bestandspackstueck`
--

DROP TABLE IF EXISTS `bestandspackstueck`;
/*!40101 SET @saved_cs_client     = @@character_set_client */;
/*!40101 SET character_set_client = utf8 */;
CREATE TABLE `bestandspackstueck` (
  `id` int(10) unsigned NOT NULL,
  `erfassungsbenutzer` int(10) unsigned DEFAULT NULL,
  `erfassungsdatum` datetime DEFAULT NULL,
  `aenderungsbenutzer` int(10) unsigned DEFAULT NULL,
  `aenderungsdatum` datetime DEFAULT NULL,
  `fk_artikel` int(10) unsigned NOT NULL,
  `fk_position` int(10) unsigned DEFAULT NULL,
  `menge` int(10) unsigned NOT NULL,
  `fk_abteilung` int(10) unsigned NOT NULL,
  PRIMARY KEY (`id`),
  KEY `FK_bestandspackstueck_artikel` (`fk_artikel`),
  KEY `FK_bestandpackstueck_position` (`fk_position`),
  KEY `FK_bestandspackstueck_abteilung` (`fk_abteilung`),
  CONSTRAINT `FK_bestandpackstueck_position` FOREIGN KEY (`fk_position`) REFERENCES `position` (`id`),
  CONSTRAINT `FK_bestandspackstueck_abteilung` FOREIGN KEY (`fk_abteilung`) REFERENCES `abteilung` (`id`),
  CONSTRAINT `FK_bestandspackstueck_artikel` FOREIGN KEY (`fk_artikel`) REFERENCES `artikel` (`id`)
) ENGINE=InnoDB DEFAULT CHARSET=utf8 COLLATE=utf8_unicode_ci;
/*!40101 SET character_set_client = @saved_cs_client */;

--
-- Dumping data for table `bestandspackstueck`
--

LOCK TABLES `bestandspackstueck` WRITE;
/*!40000 ALTER TABLE `bestandspackstueck` DISABLE KEYS */;
INSERT INTO `bestandspackstueck` VALUES (7,0,'2011-01-18 00:00:00',0,'2011-01-18 00:00:00',72,18,1,3),(13,0,'2011-01-18 00:00:00',0,'2011-01-18 00:00:00',10,19,1,3),(33,0,'2011-01-28 00:00:00',0,'2011-01-28 00:00:00',141,339,100,3),(34,0,'2011-01-28 00:00:00',0,'2011-01-28 00:00:00',139,338,100,3),(35,0,'2011-01-28 00:00:00',0,'2011-01-28 00:00:00',138,337,101,3),(36,0,'2011-01-28 00:00:00',0,'2011-01-28 00:00:00',1,336,134,3),(48,0,'2011-01-28 00:00:00',0,'2011-01-28 00:00:00',143,26,3,3),(49,0,'2011-01-28 00:00:00',0,'2011-01-28 00:00:00',143,26,2,3),(51,0,'2011-01-29 00:00:00',0,'2011-01-29 00:00:00',143,18,1,3),(56,0,'2011-01-29 00:00:00',0,'2011-01-29 00:00:00',147,340,50,3),(61,0,'2011-01-29 00:00:00',0,'2011-01-29 00:00:00',148,341,2,3),(63,0,'2011-02-02 00:00:00',0,'2011-02-02 00:00:00',150,354,6,3),(64,0,'2011-02-02 00:00:00',0,'2011-02-02 00:00:00',151,355,6,3),(65,0,'2011-02-02 00:00:00',0,'2011-02-02 00:00:00',152,356,5,3),(66,0,'2011-02-02 00:00:00',0,'2011-02-02 00:00:00',153,357,6,3),(67,0,'2011-02-02 00:00:00',0,'2011-02-02 00:00:00',154,358,6,3),(68,0,'2011-02-02 00:00:00',0,'2011-02-02 00:00:00',149,359,0,3),(69,0,'2011-02-02 00:00:00',0,'2011-02-02 00:00:00',155,360,6,3),(70,0,'2011-02-02 00:00:00',0,'2011-02-02 00:00:00',156,361,6,3),(71,0,'2011-02-02 00:00:00',0,'2011-02-02 00:00:00',157,362,0,3),(72,0,'2011-02-02 00:00:00',0,'2011-02-02 00:00:00',158,363,6,3),(74,0,'2011-02-02 00:00:00',0,'2011-02-02 00:00:00',160,364,15,3),(75,0,'2011-02-02 00:00:00',0,'2011-02-02 00:00:00',161,365,4,3),(76,0,'2011-02-02 00:00:00',0,'2011-02-02 00:00:00',162,366,6,3),(77,0,'2011-02-02 00:00:00',0,'2011-02-02 00:00:00',163,367,11,3),(78,0,'2011-02-02 00:00:00',0,'2011-02-02 00:00:00',178,368,4,3),(79,0,'2011-02-02 00:00:00',0,'2011-02-02 00:00:00',165,369,1,3),(81,0,'2011-02-02 00:00:00',0,'2011-02-02 00:00:00',176,378,6,3),(82,0,'2011-02-02 00:00:00',0,'2011-02-02 00:00:00',166,370,4,3),(83,0,'2011-02-02 00:00:00',0,'2011-02-02 00:00:00',167,371,9,3),(84,0,'2011-02-02 00:00:00',0,'2011-02-02 00:00:00',168,372,3,3),(85,0,'2011-02-02 00:00:00',0,'2011-02-02 00:00:00',169,373,3,3),(86,0,'2011-02-02 00:00:00',0,'2011-02-02 00:00:00',170,374,9,3),(87,0,'2011-02-02 00:00:00',0,'2011-02-02 00:00:00',175,382,12,3),(88,0,'2011-02-02 00:00:00',0,'2011-02-02 00:00:00',171,383,4,3),(89,0,'2011-02-02 00:00:00',0,'2011-02-02 00:00:00',172,384,4,3),(90,0,'2011-02-02 00:00:00',0,'2011-02-02 00:00:00',173,385,3,3),(91,0,'2011-02-02 00:00:00',0,'2011-02-02 00:00:00',174,386,4,3),(92,0,'2011-02-02 00:00:00',0,'2011-02-02 00:00:00',179,387,50,3),(93,0,'2011-02-02 00:00:00',0,'2011-02-02 00:00:00',180,388,50,3),(94,0,'2011-02-02 00:00:00',0,'2011-02-02 00:00:00',181,389,25,3),(95,0,'2011-02-02 00:00:00',0,'2011-02-02 00:00:00',182,390,25,3),(96,0,'2011-02-02 00:00:00',0,'2011-02-02 00:00:00',183,391,25,3),(97,0,'2011-02-02 00:00:00',0,'2011-02-02 00:00:00',184,392,25,3),(98,0,'2011-02-02 00:00:00',0,'2011-02-02 00:00:00',185,393,10,3),(125,0,'2011-02-25 00:00:00',0,'2011-02-25 00:00:00',235,404,2,3),(126,0,'2011-02-25 00:00:00',0,'2011-02-25 00:00:00',233,402,5,3),(127,0,'2011-02-25 00:00:00',0,'2011-02-25 00:00:00',236,405,7,3),(128,0,'2011-02-25 00:00:00',0,'2011-02-25 00:00:00',237,406,3,3),(129,0,'2011-02-25 00:00:00',0,'2011-02-25 00:00:00',238,400,5,3),(130,0,'2011-02-25 00:00:00',0,'2011-02-25 00:00:00',239,409,4,3),(131,0,'2011-02-25 00:00:00',0,'2011-02-25 00:00:00',240,410,3,3),(132,0,'2011-02-25 00:00:00',0,'2011-02-25 00:00:00',241,408,4,3),(133,0,'2011-02-25 00:00:00',0,'2011-02-25 00:00:00',242,407,5,3),(134,0,'2011-02-25 00:00:00',0,'2011-02-25 00:00:00',243,432,6,3),(135,0,'2011-02-25 00:00:00',0,'2011-02-25 00:00:00',244,427,3,3),(136,0,'2011-02-25 00:00:00',0,'2011-02-25 00:00:00',247,430,1,3),(137,0,'2011-02-25 00:00:00',0,'2011-02-25 00:00:00',248,430,1,3),(138,0,'2011-02-25 00:00:00',0,'2011-02-25 00:00:00',249,430,1,3),(139,0,'2011-02-25 00:00:00',0,'2011-02-25 00:00:00',250,424,4,3),(140,0,'2011-02-25 00:00:00',0,'2011-02-25 00:00:00',256,415,8,3),(141,0,'2011-02-25 00:00:00',0,'2011-02-25 00:00:00',257,413,9,3),(142,0,'2011-02-25 00:00:00',0,'2011-02-25 00:00:00',259,414,6,3),(143,0,'2011-02-25 00:00:00',0,'2011-02-25 00:00:00',260,401,4,3),(144,0,'2011-02-25 00:00:00',0,'2011-02-25 00:00:00',261,431,4,3),(145,0,'2011-02-25 00:00:00',0,'2011-02-25 00:00:00',262,428,4,3),(146,0,'2011-02-25 00:00:00',0,'2011-02-25 00:00:00',264,411,5,3),(147,0,'2011-02-25 00:00:00',0,'2011-02-25 00:00:00',265,416,6,3),(148,0,'2011-02-25 00:00:00',0,'2011-02-25 00:00:00',266,416,4,3),(156,0,'2011-02-26 00:00:00',0,'2011-02-26 00:00:00',67,412,5,3),(160,0,'2011-04-13 00:00:00',0,'2011-04-13 00:00:00',273,442,50,3),(161,0,'2011-04-13 00:00:00',0,'2011-04-13 00:00:00',274,443,50,3),(162,0,'2011-04-13 00:00:00',0,'2011-04-13 00:00:00',275,444,80,3),(163,0,'2011-04-13 00:00:00',0,'2011-04-13 00:00:00',276,445,70,3),(164,0,'2011-04-13 00:00:00',0,'2011-04-13 00:00:00',278,446,20,3),(165,0,'2011-04-13 00:00:00',0,'2011-04-13 00:00:00',280,457,30,3),(166,0,'2011-04-13 00:00:00',0,'2011-04-13 00:00:00',279,456,80,3),(167,0,'2011-04-13 00:00:00',0,'2011-04-13 00:00:00',281,458,100,3),(168,0,'2011-04-13 00:00:00',0,'2011-04-13 00:00:00',282,459,70,3),(169,0,'2011-04-13 00:00:00',0,'2011-04-13 00:00:00',283,460,80,3),(170,0,'2011-04-13 00:00:00',0,'2011-04-13 00:00:00',284,459,6,3),(171,0,'2011-04-13 00:00:00',0,'2011-04-13 00:00:00',288,465,1,3),(172,0,'2011-04-13 00:00:00',0,'2011-04-13 00:00:00',287,464,15,3),(173,0,'2011-04-13 00:00:00',0,'2011-04-13 00:00:00',286,463,40,3),(175,0,'2011-04-13 00:00:00',0,'2011-04-13 00:00:00',289,467,80,3),(176,0,'2011-04-14 00:00:00',0,'2011-04-14 00:00:00',290,475,20,3),(178,0,'2011-04-14 00:00:00',0,'2011-04-14 00:00:00',292,471,100,3),(179,0,'2011-04-14 00:00:00',0,'2011-04-14 00:00:00',293,472,20,3),(181,0,'2011-04-14 00:00:00',0,'2011-04-14 00:00:00',295,471,40,3),(182,0,'2011-04-14 00:00:00',0,'2011-04-14 00:00:00',296,473,140,3),(183,0,'2011-04-14 00:00:00',0,'2011-04-14 00:00:00',297,474,6,3),(184,0,'2011-04-14 00:00:00',0,'2011-04-14 00:00:00',298,468,30,3),(185,0,'2011-04-14 00:00:00',0,'2011-04-14 00:00:00',299,495,6,3),(186,0,'2011-04-14 00:00:00',0,'2011-04-14 00:00:00',300,496,2,3),(187,0,'2011-04-14 00:00:00',0,'2011-04-14 00:00:00',302,497,9,3),(188,0,'2011-04-14 00:00:00',0,'2011-04-14 00:00:00',301,498,4,3),(189,0,'2011-04-14 00:00:00',0,'2011-04-14 00:00:00',303,499,3,3),(190,0,'2011-04-14 00:00:00',0,'2011-04-14 00:00:00',304,500,2,3),(191,0,'2011-04-14 00:00:00',0,'2011-04-14 00:00:00',305,501,6,3),(192,0,'2011-04-14 00:00:00',0,'2011-04-14 00:00:00',306,502,19,3),(193,0,'2011-04-14 00:00:00',0,'2011-04-14 00:00:00',308,506,9,3),(195,0,'2011-04-14 00:00:00',0,'2011-04-14 00:00:00',309,509,5,3),(196,0,'2011-04-14 00:00:00',0,'2011-04-14 00:00:00',310,505,4,3),(198,0,'2011-04-14 00:00:00',0,'2011-04-14 00:00:00',311,507,4,3),(199,0,'2011-04-14 00:00:00',0,'2011-04-14 00:00:00',312,508,1,3),(200,0,'2011-04-14 00:00:00',0,'2011-04-14 00:00:00',313,511,4,3),(201,0,'2011-04-14 00:00:00',0,'2011-04-14 00:00:00',314,512,1,3),(202,0,'2011-04-14 00:00:00',0,'2011-04-14 00:00:00',315,513,4,3),(203,0,'2011-04-14 00:00:00',0,'2011-04-14 00:00:00',316,514,1,3),(204,0,'2011-04-14 00:00:00',0,'2011-04-14 00:00:00',317,514,5,3),(205,0,'2011-04-14 00:00:00',0,'2011-04-14 00:00:00',318,514,5,3),(206,0,'2011-04-14 00:00:00',0,'2011-04-14 00:00:00',319,515,10,3),(207,0,'2011-04-14 00:00:00',0,'2011-04-14 00:00:00',320,505,7,3),(208,0,'2011-04-14 00:00:00',0,'2011-04-14 00:00:00',321,516,1,3),(209,0,'2011-04-14 00:00:00',0,'2011-04-14 00:00:00',322,516,1,3),(210,0,'2011-04-14 00:00:00',0,'2011-04-14 00:00:00',323,516,1,3),(211,0,'2011-04-14 00:00:00',0,'2011-04-14 00:00:00',324,516,1,3),(212,0,'2011-04-14 00:00:00',0,'2011-04-14 00:00:00',325,517,1,3),(213,0,'2011-04-14 00:00:00',0,'2011-04-14 00:00:00',326,517,2,3),(216,0,'2011-04-14 00:00:00',0,'2011-04-14 00:00:00',328,518,2,3),(217,0,'2011-04-14 00:00:00',0,'2011-04-14 00:00:00',329,519,2,3),(218,0,'2011-04-14 00:00:00',0,'2011-04-14 00:00:00',330,520,2,3),(219,0,'2011-04-14 00:00:00',0,'2011-04-14 00:00:00',331,510,1,3),(220,0,'2011-04-14 00:00:00',0,'2011-04-14 00:00:00',332,510,1,3),(221,0,'2011-04-14 00:00:00',0,'2011-04-14 00:00:00',333,510,2,3),(223,0,'2011-04-14 00:00:00',0,'2011-04-14 00:00:00',335,510,1,3),(225,0,'2011-04-14 00:00:00',0,'2011-04-14 00:00:00',337,516,2,3),(226,0,'2011-04-14 00:00:00',0,'2011-04-14 00:00:00',338,515,15,3),(227,0,'2011-04-14 00:00:00',0,'2011-04-14 00:00:00',339,517,7,3),(249,0,'2011-08-11 00:00:00',0,'2011-08-11 00:00:00',424,652,3,1),(250,0,'2011-08-12 00:00:00',0,'2011-08-12 00:00:00',426,742,1,3),(251,0,'2011-08-12 00:00:00',0,'2011-08-12 00:00:00',427,743,3,3),(253,0,'2011-08-12 00:00:00',0,'2011-08-12 00:00:00',26,741,4,3);
/*!40000 ALTER TABLE `bestandspackstueck` ENABLE KEYS */;
UNLOCK TABLES;

--
-- Table structure for table `bestellanforderung`
--

DROP TABLE IF EXISTS `bestellanforderung`;
/*!40101 SET @saved_cs_client     = @@character_set_client */;
/*!40101 SET character_set_client = utf8 */;
CREATE TABLE `bestellanforderung` (
  `id` int(10) unsigned NOT NULL,
  `erstellungsdatum` datetime NOT NULL,
  `status` varchar(1) COLLATE utf8_unicode_ci NOT NULL,
  `fk_herstellerLieferant` int(10) unsigned DEFAULT NULL,
  `fk_benutzerAbsender` int(10) unsigned DEFAULT NULL,
  `fk_benutzerAnnehmer` int(10) unsigned DEFAULT NULL,
  `email_ba_empfaenger` varchar(45) COLLATE utf8_unicode_ci DEFAULT NULL,
  PRIMARY KEY (`id`),
  KEY `FK_bestellanforderung_herstellerLieferant` (`fk_herstellerLieferant`),
  KEY `FK_bestellanforderung_benutzerAbsender` (`fk_benutzerAbsender`),
  KEY `FK_bestellanforderung_benutzerAnnehmer` (`fk_benutzerAnnehmer`),
  CONSTRAINT `FK_bestellanforderung_benutzerAbsender` FOREIGN KEY (`fk_benutzerAbsender`) REFERENCES `benutzer` (`id`),
  CONSTRAINT `FK_bestellanforderung_benutzerAnnehmer` FOREIGN KEY (`fk_benutzerAnnehmer`) REFERENCES `benutzer` (`id`),
  CONSTRAINT `FK_bestellanforderung_herstellerLieferant` FOREIGN KEY (`fk_herstellerLieferant`) REFERENCES `herstellerlieferant` (`id`)
) ENGINE=InnoDB DEFAULT CHARSET=utf8 COLLATE=utf8_unicode_ci;
/*!40101 SET character_set_client = @saved_cs_client */;

--
-- Dumping data for table `bestellanforderung`
--

LOCK TABLES `bestellanforderung` WRITE;
/*!40000 ALTER TABLE `bestellanforderung` DISABLE KEYS */;
INSERT INTO `bestellanforderung` VALUES (1,'0000-00-00 00:00:00','F',5,17,19,NULL),(2,'2010-01-11 00:00:00','F',6,18,19,NULL),(3,'2010-01-12 00:00:00','A',4,17,19,NULL),(4,'2010-01-13 00:00:00','L',1,18,19,NULL),(5,'2010-01-11 00:00:00','F',1,18,19,NULL),(6,'0000-00-00 00:00:00','F',1,17,19,NULL),(7,'2010-01-11 00:00:00','F',1,18,19,NULL),(8,'2010-01-12 00:00:00','A',2,18,19,NULL),(9,'2010-01-13 00:00:00','L',1,17,19,NULL),(10,'2010-01-11 00:00:00','L',1,18,19,NULL),(11,'0000-00-00 00:00:00','F',1,NULL,NULL,NULL),(12,'2010-01-11 00:00:00','F',1,NULL,NULL,NULL),(13,'2010-01-12 00:00:00','L',1,NULL,NULL,NULL),(14,'2010-01-13 00:00:00','L',1,NULL,NULL,NULL),(15,'2010-01-11 00:00:00','F',1,NULL,NULL,NULL),(16,'0000-00-00 00:00:00','F',1,NULL,NULL,NULL),(17,'2010-01-11 00:00:00','F',1,NULL,NULL,NULL),(18,'2010-01-12 00:00:00','A',1,NULL,NULL,NULL),(19,'2010-01-13 00:00:00','L',1,NULL,NULL,NULL),(20,'2010-01-11 00:00:00','F',1,NULL,NULL,NULL),(21,'0000-00-00 00:00:00','F',1,NULL,NULL,NULL),(22,'2010-01-11 00:00:00','F',1,NULL,NULL,NULL),(23,'2010-01-12 00:00:00','A',1,NULL,NULL,NULL),(24,'2010-01-13 00:00:00','L',2,NULL,NULL,NULL),(25,'2010-01-11 00:00:00','F',1,NULL,NULL,NULL),(26,'0000-00-00 00:00:00','F',1,NULL,NULL,NULL),(27,'2010-01-11 00:00:00','F',1,NULL,NULL,NULL),(28,'2010-01-12 00:00:00','A',1,NULL,NULL,NULL),(29,'2010-01-13 00:00:00','O',3,NULL,NULL,NULL),(30,'2010-01-11 00:00:00','F',1,NULL,NULL,NULL),(31,'0000-00-00 00:00:00','F',1,NULL,NULL,NULL),(32,'2010-01-11 00:00:00','F',1,NULL,NULL,NULL),(33,'2010-01-12 00:00:00','A',1,NULL,NULL,NULL),(34,'2010-01-13 00:00:00','E',1,NULL,NULL,'eugen.schmidt3@freenet.de'),(35,'2010-01-11 00:00:00','F',1,NULL,NULL,NULL),(36,'0000-00-00 00:00:00','F',1,NULL,NULL,NULL),(37,'2010-01-11 00:00:00','F',1,NULL,NULL,NULL),(38,'2010-01-12 00:00:00','A',1,NULL,NULL,NULL),(39,'2010-01-13 00:00:00','L',1,NULL,NULL,NULL),(40,'2010-01-11 00:00:00','F',1,NULL,NULL,NULL),(41,'0000-00-00 00:00:00','F',1,NULL,NULL,NULL),(42,'2010-01-11 00:00:00','F',1,NULL,NULL,NULL),(43,'2010-01-12 00:00:00','A',1,NULL,NULL,NULL),(44,'2010-01-13 00:00:00','O',1,NULL,NULL,NULL),(45,'2010-01-11 00:00:00','F',1,NULL,NULL,NULL),(46,'0000-00-00 00:00:00','F',1,NULL,NULL,NULL),(47,'2010-01-11 00:00:00','F',1,NULL,NULL,NULL),(48,'2010-01-12 00:00:00','A',1,NULL,NULL,NULL),(49,'2010-01-13 00:00:00','O',1,NULL,NULL,NULL),(50,'2010-01-11 00:00:00','F',1,NULL,NULL,NULL),(51,'0000-00-00 00:00:00','F',1,NULL,NULL,NULL),(52,'2010-01-11 00:00:00','F',1,NULL,NULL,NULL),(53,'2010-01-12 00:00:00','A',1,NULL,NULL,NULL),(54,'2010-01-13 00:00:00','L',1,NULL,NULL,NULL),(55,'2010-01-11 00:00:00','F',1,NULL,NULL,NULL),(56,'0000-00-00 00:00:00','F',1,NULL,NULL,NULL),(57,'2010-01-11 00:00:00','F',1,NULL,NULL,NULL),(58,'2010-01-12 00:00:00','A',1,NULL,NULL,NULL),(59,'2010-01-13 00:00:00','L',1,NULL,NULL,NULL),(60,'2010-01-11 00:00:00','F',1,NULL,NULL,NULL),(61,'0000-00-00 00:00:00','F',1,NULL,NULL,NULL),(62,'2010-01-11 00:00:00','F',1,NULL,NULL,NULL),(63,'2010-01-12 00:00:00','A',1,NULL,NULL,NULL),(64,'2010-01-13 00:00:00','O',1,NULL,NULL,NULL),(65,'2010-01-11 00:00:00','F',1,NULL,NULL,NULL),(66,'0000-00-00 00:00:00','F',1,NULL,NULL,NULL),(67,'2010-01-11 00:00:00','F',1,NULL,NULL,NULL),(68,'2010-01-12 00:00:00','A',1,NULL,NULL,NULL),(69,'2010-01-13 00:00:00','O',1,NULL,NULL,NULL),(70,'2010-01-11 00:00:00','F',1,NULL,NULL,NULL),(71,'0000-00-00 00:00:00','F',1,NULL,NULL,NULL),(72,'2010-01-11 00:00:00','F',1,NULL,NULL,NULL),(73,'2010-01-12 00:00:00','A',1,NULL,NULL,NULL),(74,'2010-01-13 00:00:00','O',6,NULL,NULL,NULL),(75,'2010-01-11 00:00:00','F',1,NULL,NULL,NULL),(76,'0000-00-00 00:00:00','F',1,NULL,NULL,NULL),(77,'2010-01-11 00:00:00','F',1,NULL,NULL,NULL),(78,'2010-01-12 00:00:00','A',1,NULL,NULL,NULL),(79,'2010-01-13 00:00:00','O',6,NULL,NULL,NULL),(1013,'2010-03-01 00:00:00','F',3,NULL,NULL,NULL),(1015,'2010-04-09 00:00:00','F',NULL,NULL,NULL,NULL),(1016,'2010-04-09 00:00:00','F',2,NULL,NULL,NULL),(1019,'2010-04-09 00:00:00','F',NULL,NULL,NULL,NULL),(1020,'2010-04-09 00:00:00','O',1,NULL,NULL,NULL),(1021,'2010-04-09 00:00:00','L',NULL,NULL,NULL,NULL),(1022,'2010-04-09 00:00:00','O',NULL,NULL,NULL,NULL),(1023,'2010-04-09 00:00:00','O',1,NULL,NULL,NULL),(1024,'2010-04-09 00:00:00','O',NULL,NULL,NULL,NULL),(1026,'2010-04-09 00:00:00','O',NULL,NULL,NULL,NULL),(1030,'2010-05-13 00:00:00','O',5,NULL,NULL,NULL),(1032,'2010-05-13 00:00:00','O',5,NULL,NULL,NULL),(1033,'2010-05-13 00:00:00','O',5,NULL,NULL,NULL),(1034,'2010-05-13 00:00:00','O',5,NULL,NULL,NULL),(1035,'2010-05-13 00:00:00','O',5,NULL,NULL,NULL),(1036,'2010-05-13 00:00:00','O',5,NULL,NULL,NULL),(1037,'2010-05-13 00:00:00','O',5,NULL,NULL,NULL),(1038,'2010-05-13 00:00:00','O',5,NULL,NULL,NULL),(1039,'2010-05-13 00:00:00','O',5,NULL,NULL,NULL),(1040,'2010-05-13 00:00:00','O',5,NULL,NULL,NULL),(1041,'2010-05-13 00:00:00','O',5,NULL,NULL,NULL),(1042,'2010-05-13 00:00:00','O',5,NULL,NULL,NULL),(1046,'2010-05-14 00:00:00','E',5,NULL,NULL,'schlosserei@ke-ag.de'),(1048,'2010-05-14 00:00:00','E',5,NULL,NULL,''),(1049,'2010-05-14 00:00:00','E',5,NULL,NULL,'thurner@ke-ag.de'),(1051,'2010-05-14 00:00:00','E',5,NULL,NULL,'elektrowerkstatt@ke-ag.de'),(1052,'2010-05-14 00:00:00','O',5,NULL,NULL,'thurner@ke-ag.de'),(1053,'2010-05-14 00:00:00','O',5,NULL,NULL,NULL),(1054,'2010-05-14 00:00:00','L',5,NULL,NULL,NULL),(1055,'2010-05-14 00:00:00','L',NULL,NULL,NULL,NULL),(1056,'2010-05-14 00:00:00','E',5,NULL,NULL,''),(1057,'2010-05-14 00:00:00','L',2,NULL,NULL,NULL),(1058,'2010-05-14 00:00:00','O',NULL,NULL,NULL,NULL),(1059,'2010-05-21 00:00:00','O',NULL,NULL,NULL,'email@email.de'),(1060,'2010-05-21 00:00:00','L',NULL,NULL,NULL,NULL),(1061,'2010-05-21 00:00:00','L',NULL,NULL,NULL,NULL),(1078,'2010-05-21 00:00:00','L',2,NULL,NULL,NULL),(1079,'2010-05-22 00:00:00','L',5,NULL,NULL,'thurner@ke-ag.de'),(1085,'2010-06-08 00:00:00','O',NULL,NULL,NULL,'thurner@ke-ag.de'),(1086,'2010-06-08 00:00:00','O',NULL,NULL,NULL,'thurner@ke-ag.de'),(1088,'2010-06-11 00:00:00','E',NULL,NULL,NULL,'thurner@ke-ag.de'),(1089,'2010-06-11 00:00:00','E',NULL,NULL,NULL,'thurner@ke-ag.de'),(1090,'2010-06-11 00:00:00','E',NULL,NULL,NULL,'thurner@ke-ag.de'),(1091,'2010-06-11 00:00:00','E',NULL,NULL,NULL,'thurner@ke-ag.de'),(1092,'2010-06-11 00:00:00','E',NULL,NULL,NULL,'thurner@ke-ag.de'),(1093,'2010-06-11 00:00:00','E',NULL,NULL,NULL,'thurner@ke-ag.de'),(1094,'2010-06-11 00:00:00','E',NULL,NULL,NULL,'thurner@ke-ag.de'),(1095,'2010-06-11 00:00:00','L',5,NULL,NULL,'thurner@ke-ag.de'),(1096,'2010-06-11 00:00:00','E',NULL,NULL,NULL,'thurner@ke-ag.de'),(1097,'2010-06-11 00:00:00','E',NULL,NULL,NULL,'schlosserei@ke-ag.de'),(1098,'2010-06-11 00:00:00','E',5,NULL,NULL,'thurner@ke-ag.de'),(1099,'2010-06-11 00:00:00','E',5,NULL,NULL,'thurner@ke-ag.de'),(1100,'2010-06-11 00:00:00','L',NULL,NULL,NULL,'thurner@ke-ag.de'),(1102,'2010-06-11 00:00:00','E',NULL,NULL,NULL,'elektrowerkstatt@ke-ag.de'),(1103,'2010-06-11 00:00:00','E',NULL,NULL,NULL,'thurner@ke-ag.de'),(1104,'2010-06-11 00:00:00','E',NULL,NULL,NULL,'thurner@ke-ag.de'),(1105,'2010-06-11 00:00:00','E',NULL,NULL,NULL,'thurner@ke-ag.de'),(1107,'2010-06-11 00:00:00','E',NULL,NULL,NULL,'elektrowerkstatt@ke-ag.de'),(1108,'2010-06-11 00:00:00','E',NULL,NULL,NULL,'thurner@ke-ag.de'),(1109,'2010-06-11 00:00:00','L',5,NULL,NULL,'thurner@ke-ag.de'),(1112,'2010-06-11 00:00:00','E',NULL,NULL,NULL,'thurner@ke-ag.de'),(1113,'2010-06-11 00:00:00','L',NULL,NULL,NULL,'thurner@ke-ag.de'),(1114,'2010-06-11 00:00:00','L',NULL,NULL,NULL,'thurner@ke-ag.de'),(1115,'2010-06-11 00:00:00','L',NULL,NULL,NULL,'thurner@ke-ag.de'),(1116,'2010-06-11 00:00:00','L',NULL,NULL,NULL,'thurner@ke-ag.de'),(1122,'2010-06-11 00:00:00','E',NULL,NULL,NULL,'thurner@ke-ag.de'),(1123,'2010-06-11 00:00:00','L',NULL,NULL,NULL,'thurner@ke-ag.de'),(1124,'2010-06-11 00:00:00','E',NULL,NULL,NULL,'thurner@ke-ag.de'),(1126,'2010-06-12 00:00:00','E',NULL,NULL,NULL,'thurner@ke-ag.de'),(1127,'2010-06-12 00:00:00','E',NULL,NULL,NULL,'thurner@ke-ag.de'),(1128,'2010-06-12 00:00:00','E',NULL,NULL,NULL,'thurner@ke-ag.de'),(1129,'2010-06-12 00:00:00','L',NULL,NULL,NULL,'thurner@ke-ag.de'),(1130,'2010-06-12 00:00:00','L',NULL,NULL,NULL,'thurner@ke-ag.de'),(1131,'2010-06-12 00:00:00','L',NULL,NULL,NULL,'thurner@ke-ag.de'),(1132,'2010-06-12 00:00:00','L',NULL,NULL,NULL,'thurner@ke-ag.de'),(1133,'2010-06-12 00:00:00','L',NULL,NULL,NULL,'thurner@ke-ag.de'),(1140,'2010-06-12 00:00:00','E',NULL,NULL,NULL,'thurner@ke-ag.de'),(1141,'2010-06-12 00:00:00','E',NULL,NULL,NULL,'thurner@ke-ag.de'),(1142,'2010-06-25 00:00:00','E',NULL,NULL,NULL,'email@email.de23'),(1143,'2010-06-25 00:00:00','E',NULL,NULL,NULL,'thurner@ke-ag.de'),(1145,'2010-07-02 00:00:00','E',5,NULL,NULL,'email@emai5l.de'),(1146,'2010-07-03 00:00:00','E',6,NULL,NULL,'thurner@ke-ag.de'),(1147,'2010-07-04 00:00:00','L',NULL,NULL,NULL,'thurner@ke-ag.de'),(1148,'2010-07-04 00:00:00','E',5,NULL,NULL,'thurner@ke-ag.de'),(1149,'2010-07-04 00:00:00','L',NULL,NULL,NULL,'thurner@ke-ag.de'),(1155,'2011-03-05 00:00:00','E',NULL,NULL,NULL,'thurner@ke-ag.de'),(1156,'2011-04-10 00:00:00','E',NULL,NULL,NULL,'thurner@ke-ag.de'),(1157,'2011-04-14 00:00:00','E',NULL,NULL,NULL,'elektrowerkstatt@ke-ag.de'),(1158,'2011-07-18 00:00:00','O',NULL,NULL,NULL,'thurner@ke-ag.de'),(1159,'2011-08-04 00:00:00','E',NULL,NULL,NULL,'thurner@ke-ag.de'),(1160,'2011-08-04 00:00:00','E',NULL,NULL,NULL,'wladimir.stoll@gmx.de'),(1161,'2011-08-05 00:00:00','E',NULL,NULL,NULL,'thurner@ke-ag.de'),(1162,'2011-08-06 00:00:00','E',69,14,NULL,'wladimir.stoll@gmx.de'),(1163,'2011-08-06 00:00:00','E',35,14,NULL,'elektrowerkstatt@ke-ag.de'),(1164,'2011-08-06 00:00:00','E',NULL,70,NULL,'schlosserei@ke-ag.de'),(1165,'2011-08-06 00:00:00','E',NULL,70,NULL,'schlosserei@ke-ag.de'),(1166,'2011-08-06 00:00:00','E',NULL,70,NULL,'elektrowerkstatt@ke-ag.de'),(1167,'2011-08-06 00:00:00','E',NULL,70,NULL,'elektrowerkstatt@ke-ag.de'),(1168,'2011-08-06 00:00:00','E',NULL,70,NULL,'elektrowerkstatt@ke-ag.de'),(1169,'2011-08-12 00:00:00','E',12,20,NULL,'thurner@ke-ag.de');
/*!40000 ALTER TABLE `bestellanforderung` ENABLE KEYS */;
UNLOCK TABLES;

--
-- Table structure for table `bestellanforderungsposition`
--

DROP TABLE IF EXISTS `bestellanforderungsposition`;
/*!40101 SET @saved_cs_client     = @@character_set_client */;
/*!40101 SET character_set_client = utf8 */;
CREATE TABLE `bestellanforderungsposition` (
  `id` int(10) unsigned NOT NULL,
  `fk_bestellanforderung` int(10) unsigned NOT NULL,
  `fk_artikel` int(10) unsigned NOT NULL,
  `bestellmenge` int(10) unsigned NOT NULL,
  `liefertermin` int(2) unsigned DEFAULT NULL,
  `status` varchar(1) COLLATE utf8_unicode_ci NOT NULL,
  `fk_kostenstelle` int(10) unsigned DEFAULT NULL,
  `fk_mengeneinheit` int(10) unsigned NOT NULL,
  `fk_katalog` int(10) unsigned DEFAULT NULL,
  `lieferantenbestellnummer` varchar(45) COLLATE utf8_unicode_ci DEFAULT NULL,
  `katalogseite` varchar(20) COLLATE utf8_unicode_ci DEFAULT NULL,
  `katalogpreis` double DEFAULT NULL,
  PRIMARY KEY (`id`),
  UNIQUE KEY `bestellanforderungsposition_bestellanforderung_artikel` (`fk_bestellanforderung`,`fk_artikel`) USING BTREE,
  KEY `FK_bestellanforderungsposition_artikel` (`fk_artikel`) USING BTREE,
  KEY `FK_bestellanforderungsposition_kostenstelle` (`fk_kostenstelle`) USING BTREE,
  KEY `FK_bestellanforderungsposition_mengeneinheit` (`fk_mengeneinheit`) USING BTREE,
  CONSTRAINT `FK_bestellanfotderungsposition_artikel` FOREIGN KEY (`fk_artikel`) REFERENCES `artikel` (`id`),
  CONSTRAINT `FK_bestellanfotderungsposition_bestellanforderung` FOREIGN KEY (`fk_bestellanforderung`) REFERENCES `bestellanforderung` (`id`),
  CONSTRAINT `FK_bestellanfotderungsposition_kostenstelle` FOREIGN KEY (`fk_kostenstelle`) REFERENCES `kostenstelle` (`id`) ON UPDATE NO ACTION,
  CONSTRAINT `FK_bestellanfotderungsposition_mengeneinheit` FOREIGN KEY (`fk_mengeneinheit`) REFERENCES `mengeneinheit` (`id`)
) ENGINE=InnoDB DEFAULT CHARSET=utf8 COLLATE=utf8_unicode_ci;
/*!40101 SET character_set_client = @saved_cs_client */;

--
-- Dumping data for table `bestellanforderungsposition`
--

LOCK TABLES `bestellanforderungsposition` WRITE;
/*!40000 ALTER TABLE `bestellanforderungsposition` DISABLE KEYS */;
INSERT INTO `bestellanforderungsposition` VALUES (1,1,1,10,2010,'O',2,1,NULL,NULL,NULL,NULL),(2,2,1,10,2010,'O',5,1,0,NULL,NULL,0),(3,3,1,10,2010,'O',2,1,NULL,NULL,NULL,NULL),(4,4,1,10,2010,'O',NULL,1,NULL,NULL,NULL,NULL),(5,5,1,10,2010,'O',2,1,NULL,NULL,NULL,NULL),(6,6,1,10,2010,'O',2,1,NULL,NULL,NULL,NULL),(7,7,1,10,2010,'O',2,1,NULL,NULL,NULL,NULL),(8,8,1,33,33,'O',2,1,0,NULL,NULL,0),(9,9,1,10,2010,'O',2,1,NULL,NULL,NULL,NULL),(11,11,1,10,2010,'O',2,1,NULL,NULL,NULL,NULL),(12,12,1,10,2010,'O',2,1,NULL,NULL,NULL,NULL),(13,13,1,10,44,'O',2,1,0,NULL,NULL,0),(14,14,1,10,7,'O',2,1,0,NULL,NULL,0),(15,15,1,10,2010,'O',2,1,NULL,NULL,NULL,NULL),(16,16,1,10,2010,'O',2,1,NULL,NULL,NULL,NULL),(17,17,1,10,2010,'O',2,1,NULL,NULL,NULL,NULL),(18,18,1,10,2010,'O',2,1,NULL,NULL,NULL,NULL),(19,19,1,10,2010,'O',2,1,NULL,NULL,NULL,NULL),(20,20,1,10,2010,'O',2,1,NULL,NULL,NULL,NULL),(21,21,1,10,2010,'O',2,1,NULL,NULL,NULL,NULL),(22,22,1,10,2010,'O',2,1,NULL,NULL,NULL,NULL),(23,23,1,10,2010,'O',2,1,NULL,NULL,NULL,NULL),(24,24,4,10,1,'O',NULL,3,0,'','',0),(25,25,1,10,2010,'O',2,1,NULL,NULL,NULL,NULL),(26,26,1,10,2010,'O',2,1,NULL,NULL,NULL,NULL),(27,27,1,10,2010,'O',2,1,NULL,NULL,NULL,NULL),(28,28,1,10,2010,'O',2,1,NULL,NULL,NULL,NULL),(29,29,1,10,2010,'O',2,1,NULL,NULL,NULL,NULL),(30,30,1,10,2010,'O',2,1,NULL,NULL,NULL,NULL),(31,31,1,10,2010,'O',2,1,NULL,NULL,NULL,NULL),(32,32,1,10,2010,'O',2,1,NULL,NULL,NULL,NULL),(33,33,1,10,2010,'O',2,1,NULL,NULL,NULL,NULL),(34,34,1,8,33,'O',2,3,0,NULL,NULL,0),(35,35,1,10,2010,'O',2,1,NULL,NULL,NULL,NULL),(36,36,1,10,2010,'O',2,1,NULL,NULL,NULL,NULL),(37,37,1,10,2010,'O',2,1,NULL,NULL,NULL,NULL),(38,38,1,10,2010,'O',2,1,NULL,NULL,NULL,NULL),(39,39,1,10,44,'O',2,1,0,NULL,NULL,0),(40,40,1,10,2010,'O',2,1,NULL,NULL,NULL,NULL),(41,41,1,10,2010,'O',2,1,NULL,NULL,NULL,NULL),(42,42,1,10,2010,'O',2,1,NULL,NULL,NULL,NULL),(43,43,1,10,2010,'O',2,1,NULL,NULL,NULL,NULL),(44,44,1,10,3,'O',2,1,0,NULL,NULL,0),(45,45,1,10,2010,'O',2,1,NULL,NULL,NULL,NULL),(46,46,1,10,2010,'O',2,1,NULL,NULL,NULL,NULL),(47,47,1,10,2010,'O',2,1,NULL,NULL,NULL,NULL),(48,48,1,10,2010,'O',2,1,NULL,NULL,NULL,NULL),(49,49,1,10,33,'O',2,1,0,NULL,NULL,0),(50,50,1,10,2010,'O',2,1,NULL,NULL,NULL,NULL),(51,51,1,10,2010,'O',2,1,NULL,NULL,NULL,NULL),(52,52,1,10,2010,'O',2,1,NULL,NULL,NULL,NULL),(53,53,1,10,2010,'O',2,1,NULL,NULL,NULL,NULL),(54,54,1,10,2010,'O',2,1,0,NULL,NULL,0),(55,55,1,10,2010,'O',2,1,NULL,NULL,NULL,NULL),(56,56,1,10,2010,'O',2,1,NULL,NULL,NULL,NULL),(57,57,1,10,2010,'O',2,1,NULL,NULL,NULL,NULL),(58,58,1,10,2010,'O',2,1,NULL,NULL,NULL,NULL),(59,59,1,10,7,'O',2,3,0,NULL,NULL,0),(60,60,1,10,2010,'O',2,1,NULL,NULL,NULL,NULL),(61,61,1,10,2010,'O',2,1,NULL,NULL,NULL,NULL),(62,62,1,10,2010,'O',2,1,NULL,NULL,NULL,NULL),(63,63,1,10,2010,'O',2,1,NULL,NULL,NULL,NULL),(65,65,1,10,2010,'O',2,1,NULL,NULL,NULL,NULL),(66,66,1,10,2010,'O',2,1,NULL,NULL,NULL,NULL),(67,67,1,10,2010,'O',2,1,NULL,NULL,NULL,NULL),(68,68,1,10,2010,'O',2,1,NULL,NULL,NULL,NULL),(69,69,1,10,20,'O',2,1,0,'','',0),(70,70,1,10,2010,'O',2,1,NULL,NULL,NULL,NULL),(71,71,1,10,2010,'O',2,1,NULL,NULL,NULL,NULL),(72,72,1,10,2010,'O',2,1,NULL,NULL,NULL,NULL),(73,73,1,10,2010,'O',2,1,NULL,NULL,NULL,NULL),(74,74,1,10,11,'O',2,1,0,'','',0),(75,75,1,10,2010,'O',2,1,NULL,NULL,NULL,NULL),(76,76,1,10,2010,'O',2,1,NULL,NULL,NULL,NULL),(77,77,1,10,2010,'O',2,1,NULL,NULL,NULL,NULL),(78,78,1,10,2010,'O',2,1,NULL,NULL,NULL,NULL),(81,1,2,10,2010,'O',2,1,NULL,NULL,NULL,NULL),(82,2,2,10,2010,'O',3,1,0,NULL,NULL,0),(83,3,2,10,2010,'O',2,1,NULL,NULL,NULL,NULL),(84,4,2,10,2010,'O',1,1,NULL,NULL,NULL,NULL),(85,5,2,10,2010,'O',2,1,NULL,NULL,NULL,NULL),(86,6,2,10,2010,'O',2,1,NULL,NULL,NULL,NULL),(87,7,2,10,2010,'O',2,1,NULL,NULL,NULL,NULL),(88,8,2,10,33,'O',2,1,0,NULL,NULL,0),(89,9,2,10,2010,'O',2,1,NULL,NULL,NULL,NULL),(90,10,2,10,2010,'O',2,1,NULL,NULL,NULL,NULL),(91,11,2,10,2010,'O',2,1,NULL,NULL,NULL,NULL),(92,12,2,10,2010,'O',2,1,NULL,NULL,NULL,NULL),(93,13,2,10,33,'O',2,1,0,NULL,NULL,0),(94,14,2,10,5,'O',2,1,0,NULL,NULL,0),(95,15,2,10,2010,'O',2,1,NULL,NULL,NULL,NULL),(96,16,2,10,2010,'O',2,1,NULL,NULL,NULL,NULL),(97,17,2,10,2010,'O',2,1,NULL,NULL,NULL,NULL),(98,18,2,10,2010,'O',2,1,NULL,NULL,NULL,NULL),(99,19,2,10,2010,'O',2,1,NULL,NULL,NULL,NULL),(100,20,2,10,2010,'O',2,1,NULL,NULL,NULL,NULL),(101,21,2,10,2010,'O',2,1,NULL,NULL,NULL,NULL),(102,22,2,10,2010,'O',2,1,NULL,NULL,NULL,NULL),(103,23,2,10,2010,'O',2,1,NULL,NULL,NULL,NULL),(104,24,3,10,1,'O',NULL,3,0,'','',0),(105,25,2,10,2010,'O',2,1,NULL,NULL,NULL,NULL),(106,26,2,10,2010,'O',2,1,NULL,NULL,NULL,NULL),(107,27,2,10,2010,'O',2,1,NULL,NULL,NULL,NULL),(108,28,2,10,2010,'O',2,1,NULL,NULL,NULL,NULL),(109,29,2,10,2010,'O',2,1,NULL,NULL,NULL,NULL),(110,30,2,10,2010,'O',2,1,NULL,NULL,NULL,NULL),(111,31,2,10,2010,'O',2,1,NULL,NULL,NULL,NULL),(112,32,2,10,2010,'O',2,1,NULL,NULL,NULL,NULL),(113,33,2,10,2010,'O',2,1,NULL,NULL,NULL,NULL),(114,34,7,10,3,'O',NULL,3,0,'','',0),(115,35,2,10,2010,'O',2,1,NULL,NULL,NULL,NULL),(116,36,2,10,2010,'O',2,1,NULL,NULL,NULL,NULL),(117,37,2,10,2010,'O',2,1,NULL,NULL,NULL,NULL),(118,38,2,10,2010,'O',2,1,NULL,NULL,NULL,NULL),(119,39,2,10,44,'O',2,1,0,NULL,NULL,0),(120,40,2,10,2010,'O',2,1,NULL,NULL,NULL,NULL),(121,41,2,10,2010,'O',2,1,NULL,NULL,NULL,NULL),(122,42,2,10,2010,'O',2,1,NULL,NULL,NULL,NULL),(123,43,2,10,2010,'O',2,1,NULL,NULL,NULL,NULL),(124,44,2,10,44,'O',2,1,0,NULL,NULL,0),(125,45,2,10,2010,'O',2,1,NULL,NULL,NULL,NULL),(126,46,2,10,2010,'O',2,1,NULL,NULL,NULL,NULL),(127,47,2,10,2010,'O',2,1,NULL,NULL,NULL,NULL),(128,48,2,10,2010,'O',2,1,NULL,NULL,NULL,NULL),(129,49,2,6,33,'O',2,1,0,NULL,NULL,0),(130,50,2,10,2010,'O',2,1,NULL,NULL,NULL,NULL),(131,51,2,10,2010,'O',2,1,NULL,NULL,NULL,NULL),(132,52,2,10,2010,'O',2,1,NULL,NULL,NULL,NULL),(133,53,2,10,2010,'O',2,1,NULL,NULL,NULL,NULL),(134,54,2,10,55,'O',2,1,0,NULL,NULL,0),(135,55,2,10,2010,'O',2,1,NULL,NULL,NULL,NULL),(136,56,2,10,2010,'O',2,1,NULL,NULL,NULL,NULL),(137,57,2,10,2010,'O',2,1,NULL,NULL,NULL,NULL),(138,58,2,10,2010,'O',2,1,NULL,NULL,NULL,NULL),(139,59,2,10,6,'O',2,1,0,NULL,NULL,0),(140,60,2,10,2010,'O',2,1,NULL,NULL,NULL,NULL),(141,61,2,10,2010,'O',2,1,NULL,NULL,NULL,NULL),(142,62,2,10,2010,'O',2,1,NULL,NULL,NULL,NULL),(143,63,2,10,2010,'O',2,1,NULL,NULL,NULL,NULL),(144,64,2,6,6,'O',2,1,0,NULL,NULL,0),(145,65,2,10,2010,'O',2,1,NULL,NULL,NULL,NULL),(146,66,2,10,2010,'O',2,1,NULL,NULL,NULL,NULL),(147,67,2,10,2010,'O',2,1,NULL,NULL,NULL,NULL),(148,68,2,10,2010,'O',2,1,NULL,NULL,NULL,NULL),(149,69,2,10,43,'O',2,1,0,NULL,NULL,0),(150,70,2,10,2010,'O',2,1,NULL,NULL,NULL,NULL),(151,71,2,10,2010,'O',2,1,NULL,NULL,NULL,NULL),(152,72,2,10,2010,'O',2,1,NULL,NULL,NULL,NULL),(153,73,2,10,2010,'O',2,1,NULL,NULL,NULL,NULL),(154,74,2,10,11,'O',2,1,0,'','',0),(155,75,2,10,2010,'O',2,1,NULL,NULL,NULL,NULL),(156,76,2,10,2010,'O',2,1,NULL,NULL,NULL,NULL),(157,77,2,10,2010,'O',2,1,NULL,NULL,NULL,NULL),(158,78,2,10,2010,'O',2,1,NULL,NULL,NULL,NULL),(159,79,2,10,12,'O',2,1,0,'','',0),(161,1,3,10,2010,'O',2,1,NULL,NULL,NULL,NULL),(162,2,3,10,2010,'O',2,1,NULL,NULL,NULL,NULL),(163,3,3,10,2010,'O',2,1,NULL,NULL,NULL,NULL),(164,4,3,10,2010,'O',2,1,NULL,NULL,NULL,NULL),(165,5,3,10,2010,'O',2,1,NULL,NULL,NULL,NULL),(166,6,3,10,2010,'O',2,1,NULL,NULL,NULL,NULL),(167,7,3,10,2010,'O',2,1,NULL,NULL,NULL,NULL),(168,8,3,10,2010,'O',2,1,NULL,NULL,NULL,NULL),(169,9,3,10,2010,'O',3,1,NULL,NULL,NULL,NULL),(170,10,3,10,2010,'O',2,1,NULL,NULL,NULL,NULL),(171,11,3,10,2010,'O',2,1,NULL,NULL,NULL,NULL),(172,12,3,10,2010,'O',2,1,NULL,NULL,NULL,NULL),(173,13,3,10,11,'O',2,1,0,NULL,NULL,0),(174,14,3,100,6,'O',2,2,0,NULL,NULL,0),(175,15,3,10,2010,'O',2,1,NULL,NULL,NULL,NULL),(176,16,3,10,2010,'O',2,1,NULL,NULL,NULL,NULL),(177,17,3,10,2010,'O',2,1,NULL,NULL,NULL,NULL),(178,18,3,10,2010,'O',2,1,NULL,NULL,NULL,NULL),(179,19,3,10,2010,'O',2,1,NULL,NULL,NULL,NULL),(180,20,3,10,2010,'O',2,1,NULL,NULL,NULL,NULL),(181,21,3,10,2010,'O',2,1,NULL,NULL,NULL,NULL),(182,22,3,10,2010,'O',2,1,NULL,NULL,NULL,NULL),(183,23,3,10,2010,'O',2,1,NULL,NULL,NULL,NULL),(184,24,7,10,22,'O',5,3,0,'','',0),(185,25,3,10,2010,'O',2,1,NULL,NULL,NULL,NULL),(186,26,3,10,2010,'O',2,1,NULL,NULL,NULL,NULL),(187,27,3,10,2010,'O',2,1,NULL,NULL,NULL,NULL),(188,28,3,10,2010,'O',2,1,NULL,NULL,NULL,NULL),(189,29,3,10,2010,'O',2,1,NULL,NULL,NULL,NULL),(190,30,3,10,2010,'O',2,1,NULL,NULL,NULL,NULL),(191,31,3,10,2010,'O',2,1,NULL,NULL,NULL,NULL),(192,32,3,10,2010,'O',2,1,NULL,NULL,NULL,NULL),(193,33,3,10,2010,'O',2,1,NULL,NULL,NULL,NULL),(194,34,3,10,8,'O',2,1,0,NULL,NULL,0),(195,35,3,10,2010,'O',2,1,NULL,NULL,NULL,NULL),(196,36,3,10,2010,'O',2,1,NULL,NULL,NULL,NULL),(197,37,3,10,2010,'O',2,1,NULL,NULL,NULL,NULL),(198,38,3,10,2010,'O',2,1,NULL,NULL,NULL,NULL),(199,39,3,10,44,'O',2,1,0,NULL,NULL,0),(200,40,3,10,2010,'O',2,1,NULL,NULL,NULL,NULL),(201,41,3,10,2010,'O',2,1,NULL,NULL,NULL,NULL),(202,42,3,10,2010,'O',2,1,NULL,NULL,NULL,NULL),(203,43,3,10,2010,'O',2,1,NULL,NULL,NULL,NULL),(204,44,3,10,4,'O',2,1,0,NULL,NULL,0),(205,45,3,10,2010,'O',2,1,NULL,NULL,NULL,NULL),(206,46,3,10,2010,'O',2,1,NULL,NULL,NULL,NULL),(207,47,3,10,2010,'O',2,1,NULL,NULL,NULL,NULL),(208,48,3,10,2010,'O',2,1,NULL,NULL,NULL,NULL),(209,49,3,6,44,'O',2,1,0,NULL,NULL,0),(210,50,3,10,2010,'O',2,1,NULL,NULL,NULL,NULL),(211,51,3,10,2010,'O',2,1,NULL,NULL,NULL,NULL),(212,52,3,10,2010,'O',2,1,NULL,NULL,NULL,NULL),(213,53,3,10,2010,'O',2,1,NULL,NULL,NULL,NULL),(214,54,3,10,2010,'O',2,1,NULL,NULL,NULL,NULL),(215,55,3,10,2010,'O',2,1,NULL,NULL,NULL,NULL),(216,56,3,10,2010,'O',2,1,NULL,NULL,NULL,NULL),(217,57,3,10,2010,'O',2,1,NULL,NULL,NULL,NULL),(218,58,3,10,2010,'O',2,1,NULL,NULL,NULL,NULL),(219,59,3,10,7,'O',2,1,0,NULL,NULL,0),(220,60,3,10,2010,'O',2,1,NULL,NULL,NULL,NULL),(221,61,3,10,2010,'O',2,1,NULL,NULL,NULL,NULL),(222,62,3,10,2010,'O',2,1,NULL,NULL,NULL,NULL),(223,63,3,10,2010,'O',2,1,NULL,NULL,NULL,NULL),(224,64,3,10,20,'O',2,1,0,'','',0),(225,65,3,10,2010,'O',2,1,NULL,NULL,NULL,NULL),(226,66,3,10,2010,'O',2,1,NULL,NULL,NULL,NULL),(227,67,3,10,2010,'O',2,1,NULL,NULL,NULL,NULL),(228,68,3,10,2010,'O',2,1,NULL,NULL,NULL,NULL),(229,69,3,10,20,'O',2,1,0,'','',0),(230,70,3,10,2010,'O',2,1,NULL,NULL,NULL,NULL),(231,71,3,10,2010,'O',2,1,NULL,NULL,NULL,NULL),(232,72,3,10,2010,'O',2,1,NULL,NULL,NULL,NULL),(233,73,3,10,2010,'O',2,1,NULL,NULL,NULL,NULL),(234,74,3,10,23,'O',2,1,0,'','',0),(235,75,3,10,2010,'O',2,1,NULL,NULL,NULL,NULL),(236,76,3,10,2010,'O',2,1,NULL,NULL,NULL,NULL),(237,77,3,10,2010,'O',2,1,NULL,NULL,NULL,NULL),(238,78,3,10,2010,'O',2,1,NULL,NULL,NULL,NULL),(239,79,3,10,20,'O',2,1,0,'','',0),(2009,1015,1,1,0,'O',3,1,NULL,NULL,NULL,NULL),(2010,1016,1,1,0,'O',3,1,NULL,NULL,NULL,NULL),(2011,1019,1,1,0,'O',3,1,NULL,NULL,NULL,NULL),(2012,1020,1,1,0,'O',3,1,NULL,NULL,NULL,NULL),(2013,1021,1,1,0,'O',3,1,NULL,NULL,NULL,NULL),(2014,1022,1,1,0,'O',3,1,NULL,NULL,NULL,NULL),(2015,1023,1,1,0,'O',3,1,NULL,NULL,NULL,NULL),(2016,1024,1,1,0,'O',1,1,NULL,NULL,NULL,NULL),(2018,1026,1,1,0,'O',3,1,2,'712123','5 - 123',0),(2031,39,7,6,16,'O',NULL,3,0,'','',0),(2032,1021,6,6,16,'O',NULL,3,0,'','',0),(2033,1021,2,2,16,'O',NULL,2,2,'121111','1/543',0),(2034,1021,7,3,16,'O',NULL,3,0,'','',0),(2038,2,7,10,16,'O',NULL,3,0,'','',0),(2039,2,4,4,16,'O',NULL,3,0,'','',0),(2041,64,5,5,16,'O',NULL,3,0,'','',0),(2043,34,4,4,16,'O',NULL,3,0,'','',0),(2053,1030,7,10,19,'O',NULL,3,0,'','',0),(2056,1033,7,10,19,'O',NULL,3,0,'','',0),(2057,1034,7,10,19,'O',NULL,3,0,'','',0),(2058,1035,7,10,19,'O',NULL,3,0,'','',0),(2059,1036,7,10,19,'O',NULL,3,0,'','',0),(2060,1037,7,10,19,'O',NULL,3,0,'','',0),(2063,1039,7,10,19,'O',NULL,3,0,'','',0),(2064,1040,7,10,19,'O',NULL,3,0,'','',0),(2065,1041,7,10,19,'O',NULL,3,0,'','',0),(2069,1041,3,10,22,'O',4,3,0,'','',0),(2070,1042,6,10,22,'O',4,3,0,'','',0),(2071,34,6,10,22,'O',NULL,3,0,'','',0),(2074,1046,17,7,19,'O',NULL,1,0,'','',0),(2076,1048,7,10,19,'O',NULL,3,0,'','',0),(2091,1051,7,10,19,'O',NULL,3,0,'','',0),(2093,1052,7,10,19,'O',NULL,3,0,'','',0),(2095,1053,7,10,19,'O',NULL,3,0,'','',0),(2097,1054,7,15,19,'O',NULL,3,0,'','',0),(2099,1054,6,10,19,'O',NULL,3,0,'','',0),(2100,1057,6,10,19,'O',NULL,3,0,'','',0),(2117,1098,1,1,53,'O',4,1,2,'712123','5 - 123',0),(2129,1095,1,1,23,'O',NULL,1,0,'','',0),(2130,1095,7,10,23,'O',NULL,3,0,'','',0),(2134,1112,105,1,53,'O',NULL,1,0,'','',0),(2136,1122,4,2,23,'O',NULL,3,0,'','',0),(2137,1122,2,2,23,'O',NULL,2,0,'','',0),(2138,1122,3,3,23,'O',NULL,3,0,'','',0),(2140,1124,1,1,23,'O',NULL,1,2,'712123','5 - 123',0),(2141,1124,4,4,23,'O',NULL,3,0,'','',0),(2142,1089,5,1,23,'O',NULL,3,0,'','',0),(2143,1126,1,1,23,'O',NULL,1,0,'','',0),(2144,1127,1,1,23,'O',1,1,1,'123123  / b12','3 / 152',0),(2145,1128,7,10,23,'O',4,3,0,'','',0),(2146,1129,7,10,23,'O',NULL,3,0,'','',0),(2150,1142,1,1,25,'O',4,1,1,'123123  / b12','3 / 152',0),(2151,1143,1,1,25,'O',5,1,2,'712123','5 - 123',0),(2152,1143,5,5,25,'O',1,3,0,'','',0),(2153,1145,7,10,26,'O',NULL,2,0,'','',0),(2154,1145,1,1,26,'O',NULL,3,2,'712123','5 - 123',0),(2155,1146,1,1,26,'O',NULL,1,0,'','',0),(2156,1146,4,4,26,'O',NULL,3,0,'','',0),(2157,1148,71,2,33,'O',NULL,1,0,'','',0),(2158,1146,3,10,28,'O',NULL,3,0,'','',0),(2167,1142,107,1,48,'O',3,1,0,'','',0),(2169,1126,3,5,48,'O',4,1,2,'144433','3/543',0),(2170,1141,2,5,48,'O',2,1,2,'121111','1/543',0),(2171,1141,52,10,48,'O',5,1,1,'???','',0),(2172,1141,53,10,48,'O',1,1,1,'???','',0),(2173,1098,107,1,48,'O',2,1,0,'','',0),(2176,1140,118,10,49,'O',NULL,1,2,'2606490','',0),(2177,1099,71,1,49,'O',3,1,0,'','',0),(2178,1092,72,1,49,'O',1,1,0,'','',0),(2179,1088,118,10,49,'O',NULL,1,2,'2606490','',0),(2180,1090,2,5,49,'O',4,1,2,'121111','1/543',0),(2181,1091,81,5,49,'O',5,1,0,'','',0),(2182,1091,52,10,49,'O',3,1,1,'???','',0),(2183,1093,96,5,49,'O',1,1,0,'','',0),(2184,1096,17,6,49,'O',5,1,0,'','',0),(2185,1112,76,1,49,'O',4,1,0,'','',0),(2186,1094,17,1,49,'O',NULL,1,0,'','',0),(2187,1097,80,7,49,'O',1,1,0,'','',0),(2188,1102,80,6,49,'O',4,1,0,'','',0),(2189,1108,107,1,49,'O',NULL,1,0,'','',0),(2190,1048,18,7,49,'O',NULL,1,0,'','',0),(2191,1105,117,50,49,'O',2,1,2,'2842906','',0),(2192,1049,117,50,49,'O',1,1,2,'2842906','',0),(2193,1104,107,1,4,'O',NULL,1,0,'','',0),(2197,1051,107,1,9,'O',NULL,1,0,'','',0),(2203,1051,189,300,9,'O',NULL,1,0,'','',0),(2204,1051,129,1,9,'O',NULL,1,0,'','',0),(2205,1155,80,3,9,'O',NULL,1,0,'','',0),(2206,1103,72,1,10,'O',NULL,1,0,'','',0),(2207,1086,80,3,10,'O',NULL,1,0,'','',0),(2208,1103,130,100,14,'O',4,1,2,'2014005','',0),(2209,1156,129,1,14,'O',1,1,2,'2599967','',0),(2210,1157,322,1,15,'O',NULL,1,0,'','',0),(2211,1157,321,1,15,'O',NULL,1,0,'','',0),(2212,1157,304,1,15,'O',NULL,1,0,'','',0),(2213,1158,107,2,29,'O',NULL,1,0,'','',0),(2214,1159,288,10,31,'O',NULL,1,2,'2687956','3/56',0),(2215,1160,288,10,31,'O',NULL,1,2,'2687956','3/56',0),(2216,1161,107,2,31,'O',NULL,1,0,'','',0),(2217,1162,107,2,31,'O',7,1,0,'','',0),(2218,1163,382,1,31,'O',1,1,0,'','',0),(2219,1164,382,1,31,'O',NULL,1,0,'','',0),(2220,1165,10,3,31,'O',4,1,0,'','',0),(2221,1166,293,50,31,'O',9,1,7,'2047853','',0),(2222,1167,83,1,31,'O',15,1,0,'','',0),(2223,1168,221,1,31,'O',13,1,0,'','',0),(2224,1168,96,5,31,'O',33,1,0,'','',0),(2225,1168,371,1,31,'O',29,1,0,'','',0),(2226,1169,426,2,32,'O',13,1,30,'469 667 44','',0);
/*!40000 ALTER TABLE `bestellanforderungsposition` ENABLE KEYS */;
UNLOCK TABLES;

--
-- Table structure for table `bestellung`
--

DROP TABLE IF EXISTS `bestellung`;
/*!40101 SET @saved_cs_client     = @@character_set_client */;
/*!40101 SET character_set_client = utf8 */;
CREATE TABLE `bestellung` (
  `id` int(10) unsigned NOT NULL,
  `erstellungsdatum` datetime NOT NULL,
  `status` varchar(1) COLLATE utf8_unicode_ci NOT NULL,
  `fk_herstellerLieferant` int(10) unsigned DEFAULT NULL,
  `fk_benutzerAbsender` int(10) unsigned DEFAULT NULL,
  `fk_benutzerAnnehmer` int(10) unsigned DEFAULT NULL,
  `email_ba_empfaenger` varchar(45) COLLATE utf8_unicode_ci DEFAULT NULL,
  `fk_anforderung_id` int(10) unsigned DEFAULT NULL,
  PRIMARY KEY (`id`),
  KEY `FK_bestellung_herstellerLieferant` (`fk_herstellerLieferant`),
  KEY `FK_bestellung_benutzerAbsender` (`fk_benutzerAbsender`),
  KEY `FK_bestellung_benutzerAnnehmer` (`fk_benutzerAnnehmer`),
  KEY `FK_bestellung_anforderung` (`fk_anforderung_id`),
  CONSTRAINT `FK_bestellung_anforderung` FOREIGN KEY (`fk_anforderung_id`) REFERENCES `bestellanforderung` (`id`),
  CONSTRAINT `FK_bestellung_benutzerAbsender` FOREIGN KEY (`fk_benutzerAbsender`) REFERENCES `benutzer` (`id`),
  CONSTRAINT `FK_bestellung_benutzerAnnehmer` FOREIGN KEY (`fk_benutzerAnnehmer`) REFERENCES `benutzer` (`id`),
  CONSTRAINT `FK_bestellung_herstellerLieferant` FOREIGN KEY (`fk_herstellerLieferant`) REFERENCES `herstellerlieferant` (`id`)
) ENGINE=InnoDB DEFAULT CHARSET=utf8 COLLATE=utf8_unicode_ci;
/*!40101 SET character_set_client = @saved_cs_client */;

--
-- Dumping data for table `bestellung`
--

LOCK TABLES `bestellung` WRITE;
/*!40000 ALTER TABLE `bestellung` DISABLE KEYS */;
INSERT INTO `bestellung` VALUES (2,'2010-09-17 00:00:00','O',NULL,NULL,NULL,'thurner@ke-ag.de',NULL),(1154,'2010-09-17 00:00:00','O',NULL,NULL,NULL,'thurner@ke-ag.de',NULL);
/*!40000 ALTER TABLE `bestellung` ENABLE KEYS */;
UNLOCK TABLES;

--
-- Table structure for table `bestellungsposition`
--

DROP TABLE IF EXISTS `bestellungsposition`;
/*!40101 SET @saved_cs_client     = @@character_set_client */;
/*!40101 SET character_set_client = utf8 */;
CREATE TABLE `bestellungsposition` (
  `id` int(10) unsigned NOT NULL,
  `fk_bestellung` int(10) unsigned NOT NULL,
  `fk_artikel` int(10) unsigned NOT NULL,
  `bestellmenge` int(10) unsigned NOT NULL,
  `liefertermin` int(2) unsigned DEFAULT NULL,
  `status` varchar(1) COLLATE utf8_unicode_ci NOT NULL,
  `fk_kostenstelle` int(10) unsigned DEFAULT NULL,
  `fk_mengeneinheit` int(10) unsigned NOT NULL,
  `fk_katalog` int(10) unsigned DEFAULT NULL,
  `lieferantenbestellnummer` varchar(20) COLLATE utf8_unicode_ci DEFAULT NULL,
  `katalogseite` varchar(20) COLLATE utf8_unicode_ci DEFAULT NULL,
  `katalogpreis` double DEFAULT NULL,
  PRIMARY KEY (`id`),
  UNIQUE KEY `bestellungsposition_bestellung_artikel` (`fk_bestellung`,`fk_artikel`) USING BTREE,
  KEY `FK_bestellungsposition_artikel` (`fk_artikel`) USING BTREE,
  KEY `FK_bestellungsposition_kostenstelle` (`fk_kostenstelle`) USING BTREE,
  KEY `FK_bestellungsposition_mengeneinheit` (`fk_mengeneinheit`) USING BTREE,
  CONSTRAINT `FK_bestellungsposition_artikel` FOREIGN KEY (`fk_artikel`) REFERENCES `artikel` (`id`),
  CONSTRAINT `FK_bestellungsposition_bestellanforderung` FOREIGN KEY (`fk_bestellung`) REFERENCES `bestellung` (`id`),
  CONSTRAINT `FK_bestellungsposition_kostenstelle` FOREIGN KEY (`fk_kostenstelle`) REFERENCES `kostenstelle` (`id`) ON UPDATE NO ACTION,
  CONSTRAINT `FK_bestellungsposition_mengeneinheit` FOREIGN KEY (`fk_mengeneinheit`) REFERENCES `mengeneinheit` (`id`)
) ENGINE=InnoDB DEFAULT CHARSET=utf8 COLLATE=utf8_unicode_ci;
/*!40101 SET character_set_client = @saved_cs_client */;

--
-- Dumping data for table `bestellungsposition`
--

LOCK TABLES `bestellungsposition` WRITE;
/*!40000 ALTER TABLE `bestellungsposition` DISABLE KEYS */;
INSERT INTO `bestellungsposition` VALUES (2,2,16,1,37,'O',NULL,1,0,'','',0),(3,2,25,2,37,'O',NULL,1,0,'','',0);
/*!40000 ALTER TABLE `bestellungsposition` ENABLE KEYS */;
UNLOCK TABLES;

--
-- Table structure for table `ebene`
--

DROP TABLE IF EXISTS `ebene`;
/*!40101 SET @saved_cs_client     = @@character_set_client */;
/*!40101 SET character_set_client = utf8 */;
CREATE TABLE `ebene` (
  `id` int(10) unsigned NOT NULL AUTO_INCREMENT,
  `nummer` int(10) unsigned NOT NULL,
  `fk_saeule` int(10) unsigned NOT NULL,
  PRIMARY KEY (`id`),
  UNIQUE KEY `ebene_nummer_saeule_eindeutlich` (`nummer`,`fk_saeule`),
  KEY `FK_ebene_saeule` (`fk_saeule`),
  CONSTRAINT `FK_ebene_saeule` FOREIGN KEY (`fk_saeule`) REFERENCES `saeule` (`id`)
) ENGINE=InnoDB AUTO_INCREMENT=188 DEFAULT CHARSET=latin1;
/*!40101 SET character_set_client = @saved_cs_client */;

--
-- Dumping data for table `ebene`
--

LOCK TABLES `ebene` WRITE;
/*!40000 ALTER TABLE `ebene` DISABLE KEYS */;
INSERT INTO `ebene` VALUES (1,1,1),(3,1,11),(6,1,12),(13,1,13),(17,1,14),(21,1,15),(25,1,16),(26,1,17),(30,1,18),(34,1,19),(38,1,20),(42,1,21),(46,1,22),(50,1,23),(54,1,24),(58,1,25),(62,1,26),(67,1,27),(73,1,29),(77,1,30),(81,1,31),(85,1,32),(89,1,33),(93,1,34),(97,1,35),(102,1,37),(107,1,38),(112,1,39),(122,1,40),(117,1,43),(123,1,45),(125,1,48),(133,1,49),(142,1,50),(179,1,52),(151,1,64),(2,2,11),(7,2,12),(12,2,13),(66,2,14),(20,2,15),(23,2,16),(27,2,17),(31,2,18),(35,2,19),(39,2,20),(43,2,21),(47,2,22),(51,2,23),(55,2,24),(59,2,25),(63,2,26),(68,2,27),(74,2,29),(78,2,30),(82,2,31),(86,2,32),(90,2,33),(94,2,34),(98,2,35),(103,2,37),(108,2,38),(113,2,39),(118,2,43),(126,2,48),(134,2,49),(143,2,50),(180,2,52),(152,2,64),(4,3,11),(8,3,12),(11,3,13),(15,3,14),(19,3,15),(24,3,16),(28,3,17),(32,3,18),(36,3,19),(40,3,20),(44,3,21),(52,3,23),(56,3,24),(60,3,25),(64,3,26),(69,3,27),(75,3,29),(79,3,30),(83,3,31),(87,3,32),(91,3,33),(95,3,34),(99,3,35),(104,3,37),(109,3,38),(114,3,39),(119,3,43),(127,3,48),(135,3,49),(144,3,50),(181,3,52),(153,3,64),(5,4,11),(9,4,12),(10,4,13),(14,4,14),(18,4,15),(22,4,16),(29,4,17),(33,4,18),(37,4,19),(41,4,20),(45,4,21),(49,4,22),(53,4,23),(57,4,24),(61,4,25),(65,4,26),(70,4,27),(76,4,29),(80,4,30),(84,4,31),(88,4,32),(92,4,33),(96,4,34),(100,4,35),(105,4,37),(110,4,38),(115,4,39),(120,4,43),(128,4,48),(136,4,49),(145,4,50),(182,4,52),(154,4,64),(71,5,27),(101,5,35),(106,5,37),(111,5,38),(116,5,39),(129,5,48),(137,5,49),(146,5,50),(183,5,52),(155,5,64),(72,6,27),(130,6,48),(138,6,49),(147,6,50),(184,6,52),(156,6,64),(131,7,48),(139,7,49),(148,7,50),(185,7,52),(157,7,64),(162,8,48),(140,8,49),(149,8,50),(186,8,52),(158,8,64),(163,9,48),(141,9,49),(150,9,50),(187,9,52),(159,9,64),(164,10,48),(167,10,49),(165,11,48),(168,11,49),(166,12,48),(169,12,49),(170,13,49),(16,22,1),(48,128,4);
/*!40000 ALTER TABLE `ebene` ENABLE KEYS */;
UNLOCK TABLES;

--
-- Table structure for table `einlagerungposition`
--

DROP TABLE IF EXISTS `einlagerungposition`;
/*!40101 SET @saved_cs_client     = @@character_set_client */;
/*!40101 SET character_set_client = utf8 */;
CREATE TABLE `einlagerungposition` (
  `id` int(10) unsigned NOT NULL,
  `fk_artikel` int(10) unsigned NOT NULL,
  `menge` int(10) unsigned NOT NULL,
  `fk_mengeeinheit` int(10) unsigned NOT NULL,
  `fk_position` int(10) unsigned NOT NULL,
  `status` varchar(1) NOT NULL,
  `fk_kostenstelle` int(10) unsigned DEFAULT NULL,
  `fk_benutzer_einlagerer` int(10) unsigned DEFAULT NULL,
  `erstellungsdatum` datetime NOT NULL DEFAULT '0000-00-00 00:00:00',
  `fk_benutzer_kontroller` int(10) unsigned DEFAULT NULL,
  PRIMARY KEY (`id`),
  KEY `FK_einlagerungposition_artikel` (`fk_artikel`),
  KEY `FK_einlagerungposition_mengeneinheit` (`fk_mengeeinheit`),
  KEY `FK_einlagerungposition_position` (`fk_position`),
  KEY `FK_einlagerungposition_kostenstelle` (`fk_kostenstelle`),
  KEY `FK_einlagerungposition_benutzer_einlagerer` (`fk_benutzer_einlagerer`),
  KEY `FK_einlagerungposition_kontroller` (`fk_benutzer_kontroller`),
  CONSTRAINT `FK_einlagerungposition_artikel` FOREIGN KEY (`fk_artikel`) REFERENCES `artikel` (`id`),
  CONSTRAINT `FK_einlagerungposition_benutzer_einlagerer` FOREIGN KEY (`fk_benutzer_einlagerer`) REFERENCES `benutzer` (`id`),
  CONSTRAINT `FK_einlagerungposition_kontroller` FOREIGN KEY (`fk_benutzer_kontroller`) REFERENCES `benutzer` (`id`),
  CONSTRAINT `FK_einlagerungposition_kostenstelle` FOREIGN KEY (`fk_kostenstelle`) REFERENCES `kostenstelle` (`id`),
  CONSTRAINT `FK_einlagerungposition_mengeneinheit` FOREIGN KEY (`fk_mengeeinheit`) REFERENCES `mengeneinheit` (`id`),
  CONSTRAINT `FK_einlagerungposition_position` FOREIGN KEY (`fk_position`) REFERENCES `position` (`id`)
) ENGINE=InnoDB DEFAULT CHARSET=utf8;
/*!40101 SET character_set_client = @saved_cs_client */;

--
-- Dumping data for table `einlagerungposition`
--

LOCK TABLES `einlagerungposition` WRITE;
/*!40000 ALTER TABLE `einlagerungposition` DISABLE KEYS */;
INSERT INTO `einlagerungposition` VALUES (1,1,10,1,336,'B',NULL,NULL,'2011-06-10 00:00:00',NULL),(2,1,5,1,336,'B',NULL,NULL,'2011-06-10 00:00:00',NULL),(3,1,1,1,336,'O',NULL,NULL,'2011-06-10 00:00:00',NULL);
/*!40000 ALTER TABLE `einlagerungposition` ENABLE KEYS */;
UNLOCK TABLES;

--
-- Table structure for table `entnahmeposition`
--

DROP TABLE IF EXISTS `entnahmeposition`;
/*!40101 SET @saved_cs_client     = @@character_set_client */;
/*!40101 SET character_set_client = utf8 */;
CREATE TABLE `entnahmeposition` (
  `id` int(10) unsigned NOT NULL,
  `fk_artikel` int(10) unsigned NOT NULL,
  `menge` int(10) unsigned NOT NULL,
  `fk_mengeeinheit` int(10) unsigned NOT NULL,
  `fk_position` int(10) unsigned NOT NULL,
  `status` varchar(1) NOT NULL,
  `fk_kostenstelle` int(10) unsigned DEFAULT NULL,
  `fk_benutzer_entnehmer` int(10) unsigned DEFAULT NULL,
  `erstellungsdatum` datetime NOT NULL DEFAULT '0000-00-00 00:00:00',
  `fk_benutzer_kontroller` int(10) unsigned DEFAULT NULL,
  PRIMARY KEY (`id`),
  KEY `FK_entnahmeposition_artikel` (`fk_artikel`),
  KEY `FK_entnahmeposition_mengeeinheit` (`fk_mengeeinheit`),
  KEY `FK_entnahmeposition_position` (`fk_position`),
  KEY `FK_entnahmeposition_kostenstelle` (`fk_kostenstelle`),
  KEY `FK_benutzer_entnehmer` (`fk_benutzer_entnehmer`),
  KEY `FK_benutzer_kontroller` (`fk_benutzer_kontroller`),
  CONSTRAINT `FK_benutzer_entnehmer` FOREIGN KEY (`fk_benutzer_entnehmer`) REFERENCES `benutzer` (`id`),
  CONSTRAINT `FK_benutzer_kontroller` FOREIGN KEY (`fk_benutzer_kontroller`) REFERENCES `benutzer` (`id`),
  CONSTRAINT `FK_entnahmeposition_artikel` FOREIGN KEY (`fk_artikel`) REFERENCES `artikel` (`id`),
  CONSTRAINT `FK_entnahmeposition_kostenstelle` FOREIGN KEY (`fk_kostenstelle`) REFERENCES `kostenstelle` (`id`),
  CONSTRAINT `FK_entnahmeposition_mengeeinheit` FOREIGN KEY (`fk_mengeeinheit`) REFERENCES `mengeneinheit` (`id`),
  CONSTRAINT `FK_entnahmeposition_position` FOREIGN KEY (`fk_position`) REFERENCES `position` (`id`)
) ENGINE=InnoDB DEFAULT CHARSET=latin1;
/*!40101 SET character_set_client = @saved_cs_client */;

--
-- Dumping data for table `entnahmeposition`
--

LOCK TABLES `entnahmeposition` WRITE;
/*!40000 ALTER TABLE `entnahmeposition` DISABLE KEYS */;
INSERT INTO `entnahmeposition` VALUES (43,86,1,1,1,'o',NULL,NULL,'0000-00-00 00:00:00',NULL),(44,88,1,1,2,'o',NULL,NULL,'0000-00-00 00:00:00',NULL),(100,136,4,1,336,'B',NULL,NULL,'2011-04-09 00:00:00',NULL),(101,136,5,1,336,'B',4,NULL,'2011-04-09 00:00:00',NULL),(102,139,5,1,338,'O',NULL,NULL,'2011-04-09 00:00:00',NULL),(103,152,1,1,356,'B',NULL,NULL,'2011-04-09 00:00:00',NULL),(104,161,9,1,365,'B',NULL,NULL,'2011-04-10 00:00:00',NULL),(105,151,77,1,355,'O',4,NULL,'2011-04-10 00:00:00',NULL),(118,136,2,1,336,'L',4,NULL,'2011-04-15 00:00:00',NULL),(121,136,1,1,336,'B',NULL,NULL,'2011-04-15 00:00:00',NULL),(124,1,1,1,336,'B',NULL,NULL,'2011-06-10 00:00:00',NULL),(125,1,1,1,336,'B',NULL,NULL,'2011-06-10 00:00:00',NULL),(126,1,1,1,336,'B',NULL,NULL,'2011-06-10 00:00:00',NULL),(128,1,1,1,336,'B',NULL,NULL,'2011-06-10 00:00:00',NULL),(129,1,1,1,336,'B',NULL,NULL,'2011-06-10 00:00:00',NULL),(130,1,1,1,336,'B',NULL,NULL,'2011-06-10 00:00:00',NULL),(131,1,1,1,336,'B',NULL,NULL,'2011-06-10 00:00:00',NULL);
/*!40000 ALTER TABLE `entnahmeposition` ENABLE KEYS */;
UNLOCK TABLES;

--
-- Table structure for table `etage`
--

DROP TABLE IF EXISTS `etage`;
/*!40101 SET @saved_cs_client     = @@character_set_client */;
/*!40101 SET character_set_client = utf8 */;
CREATE TABLE `etage` (
  `id` int(10) unsigned NOT NULL AUTO_INCREMENT,
  `name` varchar(35) NOT NULL,
  `fk_halle` int(10) unsigned NOT NULL,
  PRIMARY KEY (`id`),
  UNIQUE KEY `Ietage_name_eindeutig` (`name`),
  KEY `FK_etage_halle` (`fk_halle`),
  CONSTRAINT `FK_etage_halle` FOREIGN KEY (`fk_halle`) REFERENCES `halle` (`id`)
) ENGINE=InnoDB AUTO_INCREMENT=16 DEFAULT CHARSET=latin1;
/*!40101 SET character_set_client = @saved_cs_client */;

--
-- Dumping data for table `etage`
--

LOCK TABLES `etage` WRITE;
/*!40000 ALTER TABLE `etage` DISABLE KEYS */;
INSERT INTO `etage` VALUES (1,'Lager über dem E.Werkstatt',1),(3,'Obergeschoss E.Ofen',7),(4,'E.OfenKeller',7),(5,'E.Werkstatt',1),(6,'SchreinereiKeller',13),(7,'PlattenlagerKeller',12),(8,'Bierkeller',12),(9,'HeizungKeller',12),(11,'Eisenlager',15),(12,'KranersatzzeileLager',15),(13,'Obergeschoss E.Werkstatt',1),(14,'Schraubenlager',1),(15,'Ofenleitstand',7);
/*!40000 ALTER TABLE `etage` ENABLE KEYS */;
UNLOCK TABLES;

--
-- Table structure for table `halle`
--

DROP TABLE IF EXISTS `halle`;
/*!40101 SET @saved_cs_client     = @@character_set_client */;
/*!40101 SET character_set_client = utf8 */;
CREATE TABLE `halle` (
  `id` int(10) unsigned NOT NULL AUTO_INCREMENT,
  `name` varchar(35) NOT NULL,
  `nummer` int(10) unsigned NOT NULL,
  PRIMARY KEY (`id`) USING BTREE,
  UNIQUE KEY `halle_name_eindeutig` (`name`),
  UNIQUE KEY `hallenNummer_eindeutig` (`nummer`)
) ENGINE=InnoDB AUTO_INCREMENT=29 DEFAULT CHARSET=latin1;
/*!40101 SET character_set_client = @saved_cs_client */;

--
-- Dumping data for table `halle`
--

LOCK TABLES `halle` WRITE;
/*!40000 ALTER TABLE `halle` DISABLE KEYS */;
INSERT INTO `halle` VALUES (1,'Schlosserei',1),(2,'Gießhalle 1',2),(3,'Gießhalle 2',3),(4,'Maschinenkernmacherei',4),(5,'Untere Putzerei',5),(6,'Obere Putzerei',6),(7,'E.OfenHalle',7),(8,'Automatenhalle',8),(9,'Grosse Kernmacherei',9),(10,'Kleine Kernmacherei',10),(11,'Gattierungshalle',11),(12,'Sozialgebaeude',12),(13,'Schreinerei',13),(14,'Versand',14),(15,'Modellager',15),(16,'Taucherei',16),(17,'Bergerhalle',17),(18,'Möldnerhalle A',18),(19,'Möldnerhalle B',19),(20,'Möldnerhalle C',20),(21,'Möldnerhalle D',21),(22,'Stempeluhrhalle',22),(23,'Kupolofenhalle',23),(24,'GUT-Halle',24),(27,'Kompressorraum',50),(28,'Lager bei mischer 8',51);
/*!40000 ALTER TABLE `halle` ENABLE KEYS */;
UNLOCK TABLES;

--
-- Table structure for table `herstellerlieferant`
--

DROP TABLE IF EXISTS `herstellerlieferant`;
/*!40101 SET @saved_cs_client     = @@character_set_client */;
/*!40101 SET character_set_client = utf8 */;
CREATE TABLE `herstellerlieferant` (
  `id` int(10) unsigned NOT NULL,
  `name` varchar(50) COLLATE utf8_unicode_ci NOT NULL,
  `adresse_land` varchar(15) COLLATE utf8_unicode_ci DEFAULT NULL,
  `adresse_plz` varchar(10) COLLATE utf8_unicode_ci DEFAULT NULL,
  `adresse_stadt` varchar(50) COLLATE utf8_unicode_ci DEFAULT NULL,
  `adresse_strasse` varchar(50) COLLATE utf8_unicode_ci DEFAULT NULL,
  `telefon` varchar(20) COLLATE utf8_unicode_ci DEFAULT NULL,
  `fax` varchar(20) COLLATE utf8_unicode_ci DEFAULT NULL,
  `email` varchar(45) COLLATE utf8_unicode_ci DEFAULT NULL,
  `ansprechpartner` varchar(100) COLLATE utf8_unicode_ci DEFAULT NULL,
  PRIMARY KEY (`id`),
  UNIQUE KEY `herstellerlieferant_name_eindeutlich` (`name`)
) ENGINE=InnoDB DEFAULT CHARSET=utf8 COLLATE=utf8_unicode_ci;
/*!40101 SET character_set_client = @saved_cs_client */;

--
-- Dumping data for table `herstellerlieferant`
--

LOCK TABLES `herstellerlieferant` WRITE;
/*!40000 ALTER TABLE `herstellerlieferant` DISABLE KEYS */;
INSERT INTO `herstellerlieferant` VALUES (1,'Siemens','DE','87434','stadt','strasse','tel','fax','','and'),(2,'Moeller','DE','?','?','?','?','?','?','?'),(3,'Festo','DE','87439','Augsburg','Eichendorffweg ','0831 / 1102','0831 / 1103 ','email@email.de23','Ansprechpartner von Hersteller 2'),(4,'Schneider','DE','87478','Muenchen','Eichendorffweg 16','0831 / 1102','0831 / 1103 ','email@email.de23',''),(5,'Hagemeyer','DE','87600','Kaufbeuren','Leo-Lutz-Str.2','08331/950441','08331/950460','Melanie.Katheininger@Hagemeyerce.com','Fr.Katheininger'),(6,'Schaller','DE','87436','Kempten (Ursulasried','Eichendorffweg 6','0831 / 110 6','0831 / 1103 6','email@emai6l.de',''),(7,'Demag','DE',NULL,NULL,NULL,NULL,NULL,NULL,NULL),(8,'WTC','DE','asfg','asf','asf','asfd','asfdasfd','afd','H.Bröcker'),(9,'Bauer','DE','asfd','afd','asfd','asf','asf','asf','asf'),(10,'Nord','DE','a','asf','asfd','as','asf','asf','a'),(11,'Elektrim Fritz Obers','DE','86720','Nödlingen',NULL,NULL,NULL,NULL,NULL),(12,'Schäfer/Siegen','DE','57074','Siegen-Feuersbach','Kränerstr.11','027375010','02737501100','ino@e-schaefer-kg.de','Weber'),(13,'Busch-Jäger','DE','safd','asfd','afd','afd','','',''),(14,'Norka','DE',NULL,NULL,NULL,NULL,NULL,NULL,NULL),(15,'Bals','DE','asfd','af','asfd','asf','asf','asfd','asf'),(16,'Fein','DE','73529','SchwäbischGmünd-Barg','Hans-Fein-Str.81',NULL,'07173/183823',NULL,'Fr.Zondler'),(18,'Omron','Schweiz ?','?','?','?','?','?','?',''),(32,'SAWA','Schweiz ?','?','?','','?','','','?'),(33,'Rüetschi','Schweiz','5040','Schöftland','?','','','',''),(34,'Unitec AG','Schweiz','?','Kloten','','','','',''),(35,'Bachofen','Schweiz?','8610','Uster','Ackerstr.42','01 940 7001','','',''),(36,'Roth+Co','Schweiz?',NULL,NULL,NULL,NULL,NULL,NULL,NULL),(37,'Bürkert GmbH & Co.KG','DE','74653 ','Ingelfingen','Christian-Bürkert-Straße 13-17','07940 10-0','07940 1091204','',''),(38,'Schneider Electric','DE','40880','Ratingen','Gothauer Strasse 29','02102404-0','02102404-9256','www.schneider-electric.de',NULL),(39,'R.Pöppel GmbH & Co.K','DE','87700','Memmingen','Alpenstr.45','08331-9559-0','08331-0550-69','',''),(40,'Endress+Hauser Messtechnik ','DE','81249','München','ClaritaBernhardStr25','089-84009-117','089-84009-133','janet.curmann@de.endress.com','Janet Curmann'),(43,'Elektra','','','','','','','',''),(44,'Klauke','','','','','','','',''),(45,'Eltako','','','','','','','',''),(46,'Georg Fischer GmbH','DE','73095','Albershausen','Daimlerstr.6','07161-302-0','07161-302-111','info@georgfischer.de',''),(48,'Stemmann-Technik GmbH','DE','48465','Schüttdorf','Niedersachsenstr.2','05923-810','05923-81100','info@stemmann.de / j.lammereing@stemmann.de','Jurgen Lammering'),(51,'Conrad Elektronic SE','','92241','Hirschau','Klaus-Conradstr.1','09604 40-8988','09604 40-8936','www.conrad.biz',''),(52,'Robert Bosch GmbH','','37589','Kalefeld/Willershaus','Zur Lunne 2','01801 505010','01801 505011','Fachhandel@de.bosch.com',''),(53,'Hörburger Control Systems','DE','87448','Waltenhofen','Gewerbestr.5','0831 52241-0','0831 12918','info@hoerburger.de',''),(54,'PHOENIX CONTACT','D','32825','Blomberg','Flachsmarktstraße 8','05235 300','05235 341200','www.phoenixcontact.com',''),(55,'Hensel','','','','','','','',''),(57,'Helerma','?','?','?','?','?','?','?','?'),(58,'Newlec','','','','','','','',''),(59,'Wago','','','','','','','',''),(60,'OBO (Bettermann)','','','','','','','',''),(61,'Kleinhuis','','','','','','','',''),(62,'Fränkische Rohrwerke','D','97486','Königsberg/Bayern','','09525 88-0','09525 88751','',''),(65,'Pfeifer','','','','','','','',''),(66,'Foundry-Service GmbH','D','58675','Hemer','Untere Weide 12-14','02372 / 559810','02372 / 559816','info@fondry-srevice.de','Fr.Schulz'),(67,'Industrieanlagen Hlebar','','58256','Ennepetal','Katzbachstr.3','02333 / 604470','02333 / 630910','www.industrieanlagen-hlebar.de',''),(68,'Zerrle Schweisstechnik Grosshandel GmbH','D','86154','Augsburg','Meierweg 6','0821 / 298299-0','0821 / 298299-29','zerrle@zerrle.com','Kübler Moritz'),(69,'AHB Giessereitechnik GmbH','','79585','Steinen','Bahnhofstr.20','07627 / 924908','07627 / 924909','',''),(71,'Mannesmann Demag','','','','','','','',''),(72,'Telemecanique','','','','','','','',''),(73,'ABB','','','','','','','',''),(74,'E.Dold & Söhne KG','D','78120','Furtwangen','','','','www.dold.com',''),(75,'Emod','','','','','','','',''),(76,'Kühnle','','','','','','','',''),(77,'SEW','','','','','','','',''),(78,'Stöber','','','','','','','',''),(79,'AEW','','','','','','','',''),(80,'UHDE','','','','','','','',''),(81,'Schörch','','','','','','','',''),(82,'MAZ','','','','','','','',''),(83,'Pepperl+Fuchs','','','','','','','',''),(84,'SIHI','','','','','','','',''),(85,'???','d','213','231asdf','','','','',''),(86,'Moog','','','','','','','',''),(88,'Mangold','D','88046','Friedrichshafen','Lindauerstr.116','07541 500622','07541 500630','info@mangold-fn.de','Reinhold Müller'),(91,'Belimo','Schweiz','????','????','????','','','',''),(92,'Schäfer Technik GmbH','D','89077','Ulm','Bleichstraße 24','0731 96622-0','0731 96622-51','info@schaefer-technik.de',''),(93,'Ludwid Meister','','87437','Kempten','Ludwigstraße 10','8031 564254-710','','','Bernhard Baur'),(94,'SKF','???','?','?','?','?','','',''),(95,'Leopold Siegle','D','86165','Augsburg','Stätzlinger Straße 53','0821 7905-115','0821 7905-155','','Dieter Weiß'),(96,'Atlas Copco','Schweden','ß','ß','ß','ß','','',''),(97,'Greif Robot Schleifsystem GmbH','D','58285','Gevelsberg','Jahnstraße 24','02332 7049-0','02332 12248','info@greif-an.de',''),(98,'Sudhoff','D','89003','Ulm','August-Nagel Straße 1','07305 9261-0','07305 9261-500','info@sudhoff-technik.de',''),(100,'Hempel','D','89231','Ulm','Otto-Renner-Straße 22','0731 75050','0731 74951','info@hempel-vulkanisation.de','Roy Hempel'),(101,'EME Elektro Maschinenbau Ettlingen GmbH','D','','','','','','',''),(102,'Rietschle Thomas','D','','','','','','','');
/*!40000 ALTER TABLE `herstellerlieferant` ENABLE KEYS */;
UNLOCK TABLES;

--
-- Table structure for table `herstellerlieferantkatalog`
--

DROP TABLE IF EXISTS `herstellerlieferantkatalog`;
/*!40101 SET @saved_cs_client     = @@character_set_client */;
/*!40101 SET character_set_client = utf8 */;
CREATE TABLE `herstellerlieferantkatalog` (
  `fk_herstellerlieferant` int(10) unsigned NOT NULL,
  `fk_katalog` int(10) unsigned NOT NULL,
  PRIMARY KEY (`fk_herstellerlieferant`,`fk_katalog`)
) ENGINE=InnoDB DEFAULT CHARSET=latin1;
/*!40101 SET character_set_client = @saved_cs_client */;

--
-- Dumping data for table `herstellerlieferantkatalog`
--

LOCK TABLES `herstellerlieferantkatalog` WRITE;
/*!40000 ALTER TABLE `herstellerlieferantkatalog` DISABLE KEYS */;
INSERT INTO `herstellerlieferantkatalog` VALUES (1,3),(6,1),(6,3),(7,10),(12,30),(15,4),(16,11),(38,5),(39,11),(48,6),(54,43),(60,7),(61,8),(68,9),(85,4),(91,31),(92,32);
/*!40000 ALTER TABLE `herstellerlieferantkatalog` ENABLE KEYS */;
UNLOCK TABLES;

--
-- Table structure for table `katalog`
--

DROP TABLE IF EXISTS `katalog`;
/*!40101 SET @saved_cs_client     = @@character_set_client */;
/*!40101 SET character_set_client = utf8 */;
CREATE TABLE `katalog` (
  `id` int(10) unsigned NOT NULL,
  `name` varchar(50) CHARACTER SET latin1 NOT NULL,
  PRIMARY KEY (`id`)
) ENGINE=InnoDB DEFAULT CHARSET=utf8;
/*!40101 SET character_set_client = @saved_cs_client */;

--
-- Dumping data for table `katalog`
--

LOCK TABLES `katalog` WRITE;
/*!40000 ALTER TABLE `katalog` DISABLE KEYS */;
INSERT INTO `katalog` VALUES (1,'Schaller 2010'),(2,'Hagemeier 2009'),(3,'Siemens 2010'),(4,'Festo 2008'),(5,'Telemecanique 11/200'),(6,'Stemmann-Technik'),(7,'OBO-Bettermann'),(8,'Kleinhuis'),(9,'Zerrle'),(10,'Demag'),(11,'Fein'),(12,'Mannesmann Demag Dru'),(13,'Newlec'),(14,'Fränkische Rohrwerke'),(15,'Pepperl+Fuchs'),(16,'Mangold'),(23,'21341234'),(24,'asdfasdf'),(25,'asdf'),(30,'Schäfer/Siegen'),(31,'Belimo'),(32,'Schäfer Technik'),(33,'Ludwig Meister'),(35,'SKF'),(36,'Leopold Siegle'),(37,'Atlas Copco'),(38,'Greif Robot Schleifsystem GmbH'),(39,'Hensel'),(40,'Sudhoff'),(41,'Bürkert'),(42,'Hempel'),(43,'PHOENIX CONTACT');
/*!40000 ALTER TABLE `katalog` ENABLE KEYS */;
UNLOCK TABLES;

--
-- Table structure for table `kostenstelle`
--

DROP TABLE IF EXISTS `kostenstelle`;
/*!40101 SET @saved_cs_client     = @@character_set_client */;
/*!40101 SET character_set_client = utf8 */;
CREATE TABLE `kostenstelle` (
  `id` int(10) unsigned NOT NULL,
  `name` varchar(20) CHARACTER SET latin1 NOT NULL,
  `nummer` varchar(10) CHARACTER SET latin1 NOT NULL,
  PRIMARY KEY (`id`)
) ENGINE=InnoDB DEFAULT CHARSET=utf8;
/*!40101 SET character_set_client = @saved_cs_client */;

--
-- Dumping data for table `kostenstelle`
--

LOCK TABLES `kostenstelle` WRITE;
/*!40000 ALTER TABLE `kostenstelle` DISABLE KEYS */;
INSERT INTO `kostenstelle` VALUES (1,'Elektrowerkstatt','61'),(2,'Schlosserei','62'),(3,'Formautomat','325'),(4,'Elektroofen','302'),(5,'Modelbau','130'),(6,'Grundstücke/Gebäude','10'),(7,'Allg. Werkdienst','11'),(8,'Strom-,Gas-,Wasser','20'),(9,'Druckluft','23'),(10,'Heizungsanlage','24'),(11,'Fuhrpark','30'),(12,'Flurförderfahrzeuge','51'),(13,'Krananlagen','52'),(14,'Sozialeinrichtung','85'),(15,'EDV','90'),(16,'AV','105'),(17,'QS','110'),(18,'Modellager','140'),(19,'Umweltschütz','150'),(20,'Entst. Putzerei KE16','161'),(21,'Entst. EOfen KE15','162'),(22,'Entst. Automat 2+3+4','163'),(23,'Entst. Rump','164'),(24,'Elektrolager','1200/4825'),(25,'Schlosserlager','1200/4822'),(26,'Gattierungsanlage','303'),(27,'Pfannenwirtschaft','305'),(28,'Handkernmacherei','314'),(29,'Kernschießmaschinen','315'),(30,'HF1','321'),(31,'HF2','322'),(33,'HF','324'),(34,'Sandregen. Furanharz','334'),(35,'Sandregen. Nassguss','335'),(36,'Strahlen Kaltharz','411'),(37,'Strahlen Nassguss','412'),(38,'Putzen HF1+2','422'),(39,'Putzen HF','424'),(40,'Putzen Nassguss','425'),(41,'Gussschweißen','430'),(42,'Wärmebehandlung','480'),(43,'Grundieren Kaltguss','491'),(44,'Grundieren Nassguss','492'),(45,'Versand','805'),(46,'Ausbildung','900');
/*!40000 ALTER TABLE `kostenstelle` ENABLE KEYS */;
UNLOCK TABLES;

--
-- Table structure for table `lieferantenartikelbestellnummer`
--

DROP TABLE IF EXISTS `lieferantenartikelbestellnummer`;
/*!40101 SET @saved_cs_client     = @@character_set_client */;
/*!40101 SET character_set_client = utf8 */;
CREATE TABLE `lieferantenartikelbestellnummer` (
  `fk_artikel` int(10) unsigned NOT NULL,
  `fk_katalog` int(10) unsigned NOT NULL,
  `bestellnummer` varchar(45) COLLATE utf8_unicode_ci NOT NULL,
  `katalogseite` varchar(45) COLLATE utf8_unicode_ci DEFAULT NULL,
  `preis` double DEFAULT NULL,
  PRIMARY KEY (`fk_artikel`,`fk_katalog`) USING BTREE,
  KEY `FK_externerlieferantenartikelnummer_katalog` (`fk_katalog`),
  CONSTRAINT `FK_externerLieferantenArtikelNummer_artikel` FOREIGN KEY (`fk_artikel`) REFERENCES `artikel` (`id`),
  CONSTRAINT `FK_externerlieferantenartikelnummer_katalog` FOREIGN KEY (`fk_katalog`) REFERENCES `katalog` (`id`)
) ENGINE=InnoDB DEFAULT CHARSET=utf8 COLLATE=utf8_unicode_ci;
/*!40101 SET character_set_client = @saved_cs_client */;

--
-- Dumping data for table `lieferantenartikelbestellnummer`
--

LOCK TABLES `lieferantenartikelbestellnummer` WRITE;
/*!40000 ALTER TABLE `lieferantenartikelbestellnummer` DISABLE KEYS */;
INSERT INTO `lieferantenartikelbestellnummer` VALUES (1,1,'123123  / b12','3 / 152',293),(1,2,'712123','5 - 123',200.4),(1,10,'2','',0),(2,1,'12312311','1/432',22),(2,2,'121111','1/543',23),(3,1,'122333','2/211',1),(3,2,'144433','3/543',1),(26,1,'469 664 44','',0),(27,1,'46952544','',NULL),(33,1,'6ES7 315-2AG10-0AB0','',NULL),(34,1,'6GK7 343-1CX10-OXEO','',NULL),(35,1,'6ES7 321-1BL00-OAAO','',NULL),(36,1,'6ES7 322-1BL01-OAAO','',NULL),(37,1,'6ES7 322-1BH01-OAAO','',NULL),(38,1,'6ES7 153-1AA03-OXBO','',NULL),(39,1,'6ES7 321-1BH02-OAAO','',NULL),(40,1,'6ES7 331-7KF02-OABO','',NULL),(41,1,'6ES7 313-6CEOO-OABO','',NULL),(42,1,'6ES7 323-1BLOO-OAAO','',NULL),(43,1,'6ES7 331-1KFOO-OABO','',NULL),(44,1,'6ES7 312-1AD10-OABO','',NULL),(45,1,'6ES7 334-OCE01-OAAO','',NULL),(46,1,'MP 270 ????????????','',NULL),(47,1,'OP 3 ??????????????','',NULL),(48,1,'6AV6 641-OCA01-OAXO','',NULL),(49,1,'6ES7 332-5HBO1-OABO','',NULL),(50,1,'6ES7 307-1EA00-OAAO','',NULL),(51,1,'???','',NULL),(52,1,'???','',NULL),(53,1,'???','',NULL),(54,1,'2029100','5/1',NULL),(55,1,'1004062','',NULL),(56,1,'2068045','8/9',NULL),(57,1,'???','',NULL),(58,1,'ß???','',NULL),(59,1,'???','',NULL),(60,1,'2632869','7/2',NULL),(61,1,'2606354','8/69',NULL),(62,1,'2606357','8/69',NULL),(63,1,'2466190','8/69',NULL),(64,1,'2103258','7/4',NULL),(67,11,'326 02 062 002','',NULL),(80,4,'10410','',0),(82,1,'6ES5 942-7UA13','',NULL),(86,1,'823 800 44','',NULL),(89,1,'586 970 44','',NULL),(92,11,'314 13 095 001','',NULL),(113,6,'5040025','',NULL),(114,2,'2538137','',NULL),(115,2,'2077127','',NULL),(116,2,'2088969','',NULL),(117,2,'2842906','',NULL),(118,2,'2606490','',NULL),(119,2,'2474102','',NULL),(125,2,'2558188',' ',NULL),(128,2,'2793963','',NULL),(129,2,'2599967','',NULL),(130,2,'2014005','',NULL),(131,2,'2014004','',NULL),(132,2,'3001685','',NULL),(133,2,'3041475','',NULL),(135,2,'3041481','',NULL),(136,7,'1391 201','',NULL),(138,7,'1361 236','',NULL),(139,7,'1391 295','',NULL),(141,7,'1361 384','',NULL),(143,2,'111','',NULL),(143,3,'111','',NULL),(143,4,'11','',NULL),(143,6,'11111','',NULL),(143,8,'1111','1121',1111),(143,10,'122','',0),(143,11,'122','',NULL),(143,16,'1','1',1),(147,7,'1361 481','',NULL),(148,8,'627/47','',NULL),(149,2,'2466213','8/69',NULL),(151,2,'2466193','8/69',NULL),(152,2,'2466196','8/69',NULL),(153,2,'2466202','8/69',NULL),(154,2,'2466209','8/69',NULL),(155,2,'2466217','8/69 ',NULL),(156,2,'2466221','8/69 ',3),(157,2,'2466225','8/70',3),(158,2,'2466226','8/70',4),(160,2,'2466118','8/70',7),(161,2,'2466122','8/70',7),(162,2,'2466124','8/70',7),(163,2,'2466126','8/70',7),(165,2,'2466135','8/71',NULL),(166,2,'2466137','8/71',NULL),(167,2,'2466139','8/71',NULL),(168,2,'2466141','8/71',NULL),(169,2,'2466143','8/71',NULL),(170,2,'2466147','8/71',NULL),(171,2,'2466149','8/71',NULL),(172,2,'2466153','8/71',NULL),(176,2,'2466128','8/70',NULL),(178,2,'2466131','8/70',NULL),(179,2,'2688002','',0),(179,14,'209.70.020','',0),(180,2,'2688004','',0),(180,14,'209.70.032','',0),(181,2,'2688005','',0),(181,14,'209.70.040','',0),(182,2,'2688006','',0),(182,14,'209.70.050','',0),(183,2,'2688013','3/57',0),(183,14,'209.75.050','',0),(184,14,'208.70.032','',0),(185,14,'208.70.050','',0),(219,9,'24099100','',NULL),(220,9,'24023573','',NULL),(226,11,'820 17','',NULL),(227,11,'820 16','',NULL),(228,11,'820 15','',NULL),(229,11,'823 18','',NULL),(230,11,'823 18 ?','',NULL),(231,11,'632 07 069 005','',NULL),(233,11,'318 10 070 121','',NULL),(234,11,'318 10 071 114','',NULL),(235,11,'324 19 055 003','',NULL),(236,11,'334 06 102 009','',NULL),(237,11,'324 36 025 004','',NULL),(238,11,'305 01 237 005','',NULL),(239,11,'312 07 061 002','',NULL),(240,11,'335 08 030 011','',NULL),(241,11,'310 01 116 001','',NULL),(242,11,'312 07 060 003','',NULL),(243,11,'528 12 001 066','',NULL),(244,11,'528 12 001 165','',NULL),(245,11,'638 01 120 006','',NULL),(246,11,'638 02 052 000','',NULL),(247,11,'338 09 130 018','',NULL),(248,11,'338 09 133 014','',NULL),(249,11,'338 09 132 010','',NULL),(250,11,'312 04 067 001','',NULL),(251,11,'307 01 064 004','',NULL),(252,11,'314 13 095 001','',NULL),(253,11,'328 05 062 009','',NULL),(254,11,'324 27 049 008','',NULL),(255,11,'305 14 101 007','',NULL),(256,11,'334 06 227 006','',NULL),(257,11,'315 10 070 000','',NULL),(258,11,'301 02 072 001','',NULL),(259,11,'335 02 053 013','',NULL),(260,11,'319 03 138 007','',NULL),(261,11,'518 18 001 062','',NULL),(262,11,'518 18 001 161','',NULL),(263,11,'324 16 074 008','',NULL),(264,11,'315 06 224 002','',NULL),(265,11,'305 17 008 009','',NULL),(266,11,'305 17 007 001','',NULL),(268,11,'7 221 41','',0),(269,11,'7229 26','',0),(272,12,'29935255','',0),(275,13,'2751586','',0),(276,13,'2751585','',0),(278,13,'2751584','',0),(279,8,'795/20','',0),(280,8,'795/28','',0),(281,7,'1018 205','',0),(282,7,'1018 280','',0),(283,7,'1018 361','',0),(284,2,'2687957','3/56',0),(284,14,'209.50.050','',0),(286,2,'2687953','3/56',0),(286,14,'20950020','',0),(287,2,'2687955','3/56',0),(287,14,'20950032','',0),(288,2,'2687956','3/56',0),(288,14,'20950040','',0),(289,7,'2044161','',0),(290,8,'1590/42','',0),(292,7,'2047829','',0),(293,7,'2047853','',0),(295,14,'259.95.020','',0),(296,14,'259.95.040','',0),(297,14,'259.95.050','',0),(298,8,'1590/29','',0),(392,16,'111PU',NULL,6350),(403,30,'86029046','',0),(404,31,'060201004','',0),(407,32,'22100251738','',0),(408,33,'ßß','',0),(411,36,'94951','',0),(412,37,'4175 0186 90','',0),(413,38,'EL 494 K 338 L','',550),(414,39,'E 55 / 01 / 153-a','',0),(415,39,'E 55 / 01 / 153 / 1','',0),(416,39,'E 55 / 01 / 153-b','',0),(419,41,'00645561','',0),(420,42,'01375-0003592','',0),(422,4,'15901','',0),(426,30,'469 667 44','',0),(427,30,'469 525 44','',0);
/*!40000 ALTER TABLE `lieferantenartikelbestellnummer` ENABLE KEYS */;
UNLOCK TABLES;

--
-- Table structure for table `mengeneinheit`
--

DROP TABLE IF EXISTS `mengeneinheit`;
/*!40101 SET @saved_cs_client     = @@character_set_client */;
/*!40101 SET character_set_client = utf8 */;
CREATE TABLE `mengeneinheit` (
  `id` int(10) unsigned NOT NULL AUTO_INCREMENT,
  `name` varchar(15) COLLATE utf8_unicode_ci NOT NULL,
  PRIMARY KEY (`id`),
  UNIQUE KEY `mengeneinheit_name_eindeutig` (`name`)
) ENGINE=InnoDB AUTO_INCREMENT=4 DEFAULT CHARSET=utf8 COLLATE=utf8_unicode_ci;
/*!40101 SET character_set_client = @saved_cs_client */;

--
-- Dumping data for table `mengeneinheit`
--

LOCK TABLES `mengeneinheit` WRITE;
/*!40000 ALTER TABLE `mengeneinheit` DISABLE KEYS */;
INSERT INTO `mengeneinheit` VALUES (3,'Eimer'),(2,'Lauf.Meter'),(1,'Stück');
/*!40000 ALTER TABLE `mengeneinheit` ENABLE KEYS */;
UNLOCK TABLES;

--
-- Table structure for table `position`
--

DROP TABLE IF EXISTS `position`;
/*!40101 SET @saved_cs_client     = @@character_set_client */;
/*!40101 SET character_set_client = utf8 */;
CREATE TABLE `position` (
  `id` int(10) unsigned NOT NULL AUTO_INCREMENT,
  `nummer` int(10) unsigned NOT NULL,
  `fk_ebene` int(10) unsigned NOT NULL,
  PRIMARY KEY (`id`),
  UNIQUE KEY `position_nummer_ebene_eindeutig` (`nummer`,`fk_ebene`),
  KEY `FK_position_ebene` (`fk_ebene`),
  CONSTRAINT `FK_position_ebene` FOREIGN KEY (`fk_ebene`) REFERENCES `ebene` (`id`)
) ENGINE=InnoDB AUTO_INCREMENT=756 DEFAULT CHARSET=latin1;
/*!40101 SET character_set_client = @saved_cs_client */;

--
-- Dumping data for table `position`
--

LOCK TABLES `position` WRITE;
/*!40000 ALTER TABLE `position` DISABLE KEYS */;
INSERT INTO `position` VALUES (1,1,1),(26,1,2),(18,1,3),(30,1,4),(34,1,5),(38,1,6),(42,1,7),(46,1,8),(50,1,9),(66,1,10),(62,1,11),(58,1,12),(54,1,13),(82,1,14),(78,1,15),(70,1,17),(98,1,18),(94,1,19),(90,1,20),(86,1,21),(114,1,22),(106,1,23),(110,1,24),(102,1,25),(118,1,26),(122,1,27),(126,1,28),(130,1,29),(134,1,30),(138,1,31),(142,1,32),(146,1,33),(150,1,34),(154,1,35),(158,1,36),(162,1,37),(166,1,38),(170,1,39),(174,1,40),(178,1,41),(182,1,42),(186,1,43),(190,1,44),(194,1,45),(198,1,46),(202,1,47),(206,1,48),(210,1,49),(214,1,50),(219,1,51),(223,1,52),(232,1,53),(236,1,54),(240,1,55),(244,1,56),(248,1,57),(252,1,58),(256,1,59),(260,1,60),(264,1,61),(268,1,62),(272,1,63),(276,1,64),(281,1,65),(74,1,66),(285,1,67),(297,1,68),(303,1,69),(309,1,70),(315,1,71),(321,1,72),(336,1,126),(354,1,127),(364,1,128),(368,1,129),(383,1,130),(387,1,131),(495,1,134),(505,1,135),(515,1,136),(525,1,137),(535,1,138),(545,1,139),(555,1,140),(559,1,141),(706,1,143),(713,1,144),(720,1,145),(727,1,146),(734,1,147),(741,1,148),(748,1,149),(755,1,150),(402,1,151),(403,1,152),(411,1,153),(419,1,154),(427,1,155),(442,1,162),(455,1,163),(456,1,164),(463,1,165),(471,1,166),(563,1,167),(567,1,168),(571,1,169),(575,1,170),(641,1,179),(648,1,180),(655,1,181),(662,1,182),(669,1,183),(676,1,184),(683,1,185),(690,1,186),(698,1,187),(2,2,1),(27,2,2),(19,2,3),(31,2,4),(35,2,5),(39,2,6),(43,2,7),(47,2,8),(51,2,9),(67,2,10),(63,2,11),(59,2,12),(55,2,13),(83,2,14),(79,2,15),(71,2,17),(99,2,18),(95,2,19),(91,2,20),(87,2,21),(115,2,22),(107,2,23),(111,2,24),(103,2,25),(119,2,26),(123,2,27),(127,2,28),(131,2,29),(135,2,30),(139,2,31),(143,2,32),(147,2,33),(151,2,34),(155,2,35),(159,2,36),(163,2,37),(167,2,38),(171,2,39),(175,2,40),(179,2,41),(183,2,42),(187,2,43),(191,2,44),(195,2,45),(199,2,46),(203,2,47),(207,2,48),(211,2,49),(215,2,50),(220,2,51),(224,2,52),(233,2,53),(237,2,54),(241,2,55),(245,2,56),(249,2,57),(253,2,58),(257,2,59),(261,2,60),(265,2,61),(269,2,62),(273,2,63),(277,2,64),(282,2,65),(75,2,66),(286,2,67),(298,2,68),(304,2,69),(310,2,70),(316,2,71),(322,2,72),(337,2,126),(355,2,127),(365,2,128),(369,2,129),(384,2,130),(388,2,131),(496,2,134),(506,2,135),(516,2,136),(526,2,137),(536,2,138),(546,2,139),(556,2,140),(560,2,141),(707,2,143),(714,2,144),(721,2,145),(728,2,146),(735,2,147),(742,2,148),(749,2,149),(401,2,151),(404,2,152),(412,2,153),(420,2,154),(428,2,155),(443,2,162),(454,2,163),(457,2,164),(464,2,165),(472,2,166),(564,2,167),(568,2,168),(572,2,169),(576,2,170),(642,2,179),(649,2,180),(656,2,181),(663,2,182),(670,2,183),(677,2,184),(684,2,185),(691,2,186),(699,2,187),(5,3,1),(28,3,2),(20,3,3),(32,3,4),(36,3,5),(40,3,6),(44,3,7),(48,3,8),(52,3,9),(68,3,10),(64,3,11),(60,3,12),(56,3,13),(84,3,14),(80,3,15),(72,3,17),(100,3,18),(96,3,19),(92,3,20),(88,3,21),(116,3,22),(108,3,23),(112,3,24),(104,3,25),(120,3,26),(124,3,27),(128,3,28),(132,3,29),(136,3,30),(140,3,31),(144,3,32),(148,3,33),(152,3,34),(156,3,35),(160,3,36),(164,3,37),(168,3,38),(172,3,39),(176,3,40),(180,3,41),(184,3,42),(188,3,43),(192,3,44),(196,3,45),(200,3,46),(204,3,47),(208,3,48),(212,3,49),(216,3,50),(221,3,51),(225,3,52),(234,3,53),(238,3,54),(242,3,55),(246,3,56),(250,3,57),(254,3,58),(258,3,59),(262,3,60),(266,3,61),(270,3,62),(274,3,63),(278,3,64),(283,3,65),(76,3,66),(287,3,67),(299,3,68),(305,3,69),(311,3,70),(317,3,71),(323,3,72),(338,3,126),(356,3,127),(366,3,128),(370,3,129),(385,3,130),(389,3,131),(497,3,134),(507,3,135),(517,3,136),(527,3,137),(537,3,138),(547,3,139),(557,3,140),(561,3,141),(708,3,143),(715,3,144),(722,3,145),(729,3,146),(736,3,147),(743,3,148),(750,3,149),(400,3,151),(405,3,152),(413,3,153),(421,3,154),(429,3,155),(444,3,162),(453,3,163),(458,3,164),(465,3,165),(473,3,166),(565,3,167),(569,3,168),(573,3,169),(577,3,170),(643,3,179),(650,3,180),(657,3,181),(664,3,182),(671,3,183),(678,3,184),(685,3,185),(692,3,186),(700,3,187),(6,4,1),(29,4,2),(21,4,3),(33,4,4),(37,4,5),(41,4,6),(45,4,7),(49,4,8),(53,4,9),(69,4,10),(65,4,11),(61,4,12),(57,4,13),(85,4,14),(81,4,15),(73,4,17),(101,4,18),(97,4,19),(93,4,20),(89,4,21),(117,4,22),(109,4,23),(113,4,24),(105,4,25),(121,4,26),(125,4,27),(129,4,28),(133,4,29),(137,4,30),(141,4,31),(145,4,32),(149,4,33),(153,4,34),(157,4,35),(161,4,36),(165,4,37),(169,4,38),(173,4,39),(177,4,40),(181,4,41),(185,4,42),(189,4,43),(193,4,44),(197,4,45),(201,4,46),(205,4,47),(209,4,48),(213,4,49),(217,4,50),(222,4,51),(226,4,52),(235,4,53),(239,4,54),(243,4,55),(247,4,56),(251,4,57),(255,4,58),(259,4,59),(263,4,60),(267,4,61),(271,4,62),(275,4,63),(279,4,64),(284,4,65),(77,4,66),(288,4,67),(300,4,68),(306,4,69),(312,4,70),(318,4,71),(324,4,72),(339,4,126),(357,4,127),(367,4,128),(371,4,129),(386,4,130),(390,4,131),(498,4,134),(508,4,135),(518,4,136),(528,4,137),(538,4,138),(548,4,139),(558,4,140),(562,4,141),(709,4,143),(716,4,144),(723,4,145),(730,4,146),(737,4,147),(744,4,148),(751,4,149),(399,4,151),(406,4,152),(414,4,153),(422,4,154),(430,4,155),(445,4,162),(452,4,163),(459,4,164),(466,4,165),(474,4,166),(566,4,167),(570,4,168),(574,4,169),(578,4,170),(644,4,179),(651,4,180),(658,4,181),(665,4,182),(672,4,183),(679,4,184),(686,4,185),(693,4,186),(701,4,187),(22,5,3),(280,5,65),(289,5,67),(301,5,68),(307,5,69),(313,5,70),(319,5,71),(325,5,72),(340,5,126),(358,5,127),(378,5,128),(372,5,129),(391,5,131),(499,5,134),(509,5,135),(519,5,136),(529,5,137),(539,5,138),(549,5,139),(710,5,143),(717,5,144),(724,5,145),(731,5,146),(738,5,147),(745,5,148),(752,5,149),(398,5,151),(407,5,152),(415,5,153),(423,5,154),(431,5,155),(446,5,162),(460,5,164),(467,5,165),(475,5,166),(645,5,179),(652,5,180),(659,5,181),(666,5,182),(673,5,183),(680,5,184),(687,5,185),(694,5,186),(702,5,187),(23,6,3),(290,6,67),(302,6,68),(308,6,69),(314,6,70),(320,6,71),(326,6,72),(341,6,126),(359,6,127),(373,6,129),(392,6,131),(500,6,134),(511,6,135),(520,6,136),(530,6,137),(540,6,138),(550,6,139),(711,6,143),(718,6,144),(725,6,145),(732,6,146),(739,6,147),(746,6,148),(753,6,149),(397,6,151),(408,6,152),(416,6,153),(424,6,154),(432,6,155),(447,6,162),(461,6,164),(468,6,165),(646,6,179),(653,6,180),(660,6,181),(667,6,182),(674,6,183),(681,6,184),(688,6,185),(695,6,186),(703,6,187),(24,7,3),(360,7,127),(374,7,129),(393,7,131),(501,7,134),(512,7,135),(521,7,136),(531,7,137),(541,7,138),(551,7,139),(712,7,143),(719,7,144),(726,7,145),(733,7,146),(740,7,147),(747,7,148),(754,7,149),(396,7,151),(409,7,152),(417,7,153),(425,7,154),(433,7,155),(448,7,162),(462,7,164),(647,7,179),(654,7,180),(661,7,181),(668,7,182),(675,7,183),(682,7,184),(689,7,185),(696,7,186),(704,7,187),(361,8,127),(382,8,129),(502,8,134),(513,8,135),(522,8,136),(532,8,137),(542,8,138),(552,8,139),(410,8,152),(418,8,153),(426,8,154),(434,8,155),(697,8,186),(705,8,187),(362,9,127),(503,9,134),(514,9,135),(523,9,136),(533,9,137),(543,9,138),(553,9,139),(363,10,127),(504,10,134),(510,10,135),(524,10,136),(534,10,137),(544,10,138),(554,10,139);
/*!40000 ALTER TABLE `position` ENABLE KEYS */;
UNLOCK TABLES;

--
-- Table structure for table `provider`
--

DROP TABLE IF EXISTS `provider`;
/*!40101 SET @saved_cs_client     = @@character_set_client */;
/*!40101 SET character_set_client = utf8 */;
CREATE TABLE `provider` (
  `id` int(10) unsigned NOT NULL,
  `name` varchar(45) NOT NULL,
  `mail_smtp_host` varchar(45) DEFAULT NULL,
  `mail_smtp_port` int(10) unsigned DEFAULT NULL,
  `mail_smtp_user` varchar(45) DEFAULT NULL,
  `mail_smtp_pwd` varchar(45) DEFAULT NULL,
  `mail_smtp_auth` int(1) unsigned DEFAULT NULL,
  PRIMARY KEY (`id`)
) ENGINE=InnoDB DEFAULT CHARSET=utf8 COMMENT='Verbindungsdaten zu einem E-Mail - Provider';
/*!40101 SET character_set_client = @saved_cs_client */;

--
-- Dumping data for table `provider`
--

LOCK TABLES `provider` WRITE;
/*!40000 ALTER TABLE `provider` DISABLE KEYS */;
INSERT INTO `provider` VALUES (1,'GMX','mail.gmx.net',25,'wladimir.stoll@gmx.de','ksutksut',1),(2,'Kabel Deutschland','smtp.superkabel.de',25,'Wladimir.Stoll@kabelmail.de','ksutksut',1);
/*!40000 ALTER TABLE `provider` ENABLE KEYS */;
UNLOCK TABLES;

--
-- Table structure for table `saeule`
--

DROP TABLE IF EXISTS `saeule`;
/*!40101 SET @saved_cs_client     = @@character_set_client */;
/*!40101 SET character_set_client = utf8 */;
CREATE TABLE `saeule` (
  `id` int(10) unsigned NOT NULL AUTO_INCREMENT,
  `nummer` int(10) unsigned NOT NULL,
  `fk_zeile` int(10) unsigned NOT NULL,
  PRIMARY KEY (`id`),
  UNIQUE KEY `saeule_nummer_zeile_eindeutig` (`nummer`,`fk_zeile`),
  KEY `FK_saeule_zeile` (`fk_zeile`),
  CONSTRAINT `FK_saeule_zeile` FOREIGN KEY (`fk_zeile`) REFERENCES `zeile` (`id`)
) ENGINE=InnoDB AUTO_INCREMENT=68 DEFAULT CHARSET=latin1;
/*!40101 SET character_set_client = @saved_cs_client */;

--
-- Dumping data for table `saeule`
--

LOCK TABLES `saeule` WRITE;
/*!40000 ALTER TABLE `saeule` DISABLE KEYS */;
INSERT INTO `saeule` VALUES (1,1,1),(4,1,2),(48,1,3),(11,1,5),(27,1,6),(37,1,20),(45,1,21),(40,1,22),(29,1,23),(35,1,24),(43,1,26),(51,1,30),(2,2,1),(5,2,2),(49,2,3),(12,2,5),(38,2,20),(30,2,23),(36,2,24),(52,2,30),(3,3,1),(50,3,3),(13,3,5),(39,3,20),(31,3,23),(53,3,30),(14,4,5),(32,4,23),(54,4,30),(15,5,5),(33,5,23),(55,5,30),(16,6,5),(34,6,23),(56,6,30),(17,7,5),(57,7,30),(18,8,5),(58,8,30),(19,9,5),(59,9,30),(20,10,5),(60,10,30),(21,11,5),(61,11,30),(22,12,5),(62,12,30),(23,13,5),(63,13,30),(24,14,5),(64,14,30),(25,15,5),(65,15,30),(26,16,5),(66,16,30),(67,17,30);
/*!40000 ALTER TABLE `saeule` ENABLE KEYS */;
UNLOCK TABLES;

--
-- Table structure for table `sequence`
--

DROP TABLE IF EXISTS `sequence`;
/*!40101 SET @saved_cs_client     = @@character_set_client */;
/*!40101 SET character_set_client = utf8 */;
CREATE TABLE `sequence` (
  `id` int(11) NOT NULL,
  `tablefield` varchar(45) CHARACTER SET latin1 NOT NULL,
  PRIMARY KEY (`tablefield`)
) ENGINE=MyISAM DEFAULT CHARSET=utf8 ROW_FORMAT=DYNAMIC;
/*!40101 SET character_set_client = @saved_cs_client */;

--
-- Dumping data for table `sequence`
--

LOCK TABLES `sequence` WRITE;
/*!40000 ALTER TABLE `sequence` DISABLE KEYS */;
INSERT INTO `sequence` VALUES (100,'testtabelle'),(1169,'BestellAnforderungID'),(2226,'BestellAnforderungPosID'),(98,'BenutzerID'),(3,'agent007'),(761,'BaugruppeID'),(207,'BerichtID'),(2,'BestellungID'),(3,'BestellungPosID'),(47,'EntnahmeID'),(102,'Lieferant/HerstellerID'),(135,'EntnahmenspositionPosID'),(28,'HalleID'),(70,'SaeuleID'),(253,'BestandsID'),(755,'PositionID'),(429,'ArtikelID'),(20,'EtageID'),(38,'ZeileID'),(187,'EbeneID'),(5,'EinlagerungsPosID'),(43,'KatalogID');
/*!40000 ALTER TABLE `sequence` ENABLE KEYS */;
UNLOCK TABLES;

--
-- Table structure for table `unterartikel`
--

DROP TABLE IF EXISTS `unterartikel`;
/*!40101 SET @saved_cs_client     = @@character_set_client */;
/*!40101 SET character_set_client = utf8 */;
CREATE TABLE `unterartikel` (
  `vater_id` int(10) unsigned NOT NULL,
  `kind_id` int(10) unsigned NOT NULL,
  `anzahl` int(10) unsigned NOT NULL,
  PRIMARY KEY (`vater_id`,`kind_id`),
  KEY `FK_unterartikel_kind` (`kind_id`),
  CONSTRAINT `FK_unterartikel_kind` FOREIGN KEY (`kind_id`) REFERENCES `artikel` (`id`),
  CONSTRAINT `FK_unterartikel_vater` FOREIGN KEY (`vater_id`) REFERENCES `artikel` (`id`)
) ENGINE=InnoDB DEFAULT CHARSET=utf8 COLLATE=utf8_unicode_ci;
/*!40101 SET character_set_client = @saved_cs_client */;

--
-- Dumping data for table `unterartikel`
--

LOCK TABLES `unterartikel` WRITE;
/*!40000 ALTER TABLE `unterartikel` DISABLE KEYS */;
INSERT INTO `unterartikel` VALUES (414,415,1),(416,415,1),(419,418,1);
/*!40000 ALTER TABLE `unterartikel` ENABLE KEYS */;
UNLOCK TABLES;

--
-- Table structure for table `wartung`
--

DROP TABLE IF EXISTS `wartung`;
/*!40101 SET @saved_cs_client     = @@character_set_client */;
/*!40101 SET character_set_client = utf8 */;
CREATE TABLE `wartung` (
  `erfassungsbenutzer` int(10) unsigned DEFAULT NULL,
  `erfassungsdatum` datetime DEFAULT NULL,
  `aenderungsbenutzer` int(10) unsigned DEFAULT NULL,
  `aenderungsdatum` datetime DEFAULT NULL,
  `id` int(10) unsigned NOT NULL,
  `typ` int(10) unsigned NOT NULL,
  `karteinummer` varchar(20) COLLATE utf8_unicode_ci DEFAULT NULL,
  `beschreibung` varchar(500) COLLATE utf8_unicode_ci DEFAULT NULL,
  `intervall` int(10) unsigned DEFAULT NULL,
  `termin_soll` datetime NOT NULL,
  `termin_ist` datetime DEFAULT NULL,
  `status` varchar(1) COLLATE utf8_unicode_ci DEFAULT NULL,
  `baugruppe_id` int(10) unsigned DEFAULT NULL,
  PRIMARY KEY (`id`),
  UNIQUE KEY `wartung_unique_key` (`id`),
  KEY `FK_wartung_wartungstyp` (`typ`),
  CONSTRAINT `FK_wartung_wartungstyp` FOREIGN KEY (`typ`) REFERENCES `wartungstyp` (`id`)
) ENGINE=InnoDB DEFAULT CHARSET=utf8 COLLATE=utf8_unicode_ci ROW_FORMAT=DYNAMIC;
/*!40101 SET character_set_client = @saved_cs_client */;

--
-- Dumping data for table `wartung`
--

LOCK TABLES `wartung` WRITE;
/*!40000 ALTER TABLE `wartung` DISABLE KEYS */;
/*!40000 ALTER TABLE `wartung` ENABLE KEYS */;
UNLOCK TABLES;

--
-- Table structure for table `wartungsmitarbeiter`
--

DROP TABLE IF EXISTS `wartungsmitarbeiter`;
/*!40101 SET @saved_cs_client     = @@character_set_client */;
/*!40101 SET character_set_client = utf8 */;
CREATE TABLE `wartungsmitarbeiter` (
  `erfassungsbenutzer` int(10) unsigned DEFAULT NULL,
  `erfassungsdatum` datetime DEFAULT NULL,
  `aenderungsbenutzer` int(10) unsigned DEFAULT NULL,
  `aenderungsdatum` datetime DEFAULT NULL,
  `id` int(10) unsigned NOT NULL,
  `wartungs_id` int(10) unsigned NOT NULL,
  `benutzer_id` int(10) unsigned NOT NULL,
  `stunden` double DEFAULT NULL,
  `termin_ist` datetime DEFAULT NULL,
  PRIMARY KEY (`id`),
  KEY `FK_wartungsmitarbeiter_wartung` (`wartungs_id`),
  KEY `FK_wartungsmitarbeiter_benutzer` (`benutzer_id`),
  CONSTRAINT `FK_wartungsmitarbeiter_benutzer` FOREIGN KEY (`benutzer_id`) REFERENCES `benutzer` (`id`),
  CONSTRAINT `FK_wartungsmitarbeiter_wartung` FOREIGN KEY (`wartungs_id`) REFERENCES `wartung` (`id`)
) ENGINE=InnoDB DEFAULT CHARSET=utf8 COLLATE=utf8_unicode_ci ROW_FORMAT=DYNAMIC;
/*!40101 SET character_set_client = @saved_cs_client */;

--
-- Dumping data for table `wartungsmitarbeiter`
--

LOCK TABLES `wartungsmitarbeiter` WRITE;
/*!40000 ALTER TABLE `wartungsmitarbeiter` DISABLE KEYS */;
/*!40000 ALTER TABLE `wartungsmitarbeiter` ENABLE KEYS */;
UNLOCK TABLES;

--
-- Table structure for table `wartungstyp`
--

DROP TABLE IF EXISTS `wartungstyp`;
/*!40101 SET @saved_cs_client     = @@character_set_client */;
/*!40101 SET character_set_client = utf8 */;
CREATE TABLE `wartungstyp` (
  `id` int(10) unsigned NOT NULL,
  `name` varchar(50) COLLATE utf8_unicode_ci NOT NULL,
  PRIMARY KEY (`id`),
  UNIQUE KEY `wartungstyp_name_unique` (`name`)
) ENGINE=InnoDB DEFAULT CHARSET=utf8 COLLATE=utf8_unicode_ci ROW_FORMAT=DYNAMIC;
/*!40101 SET character_set_client = @saved_cs_client */;

--
-- Dumping data for table `wartungstyp`
--

LOCK TABLES `wartungstyp` WRITE;
/*!40000 ALTER TABLE `wartungstyp` DISABLE KEYS */;
/*!40000 ALTER TABLE `wartungstyp` ENABLE KEYS */;
UNLOCK TABLES;

--
-- Table structure for table `zeile`
--

DROP TABLE IF EXISTS `zeile`;
/*!40101 SET @saved_cs_client     = @@character_set_client */;
/*!40101 SET character_set_client = utf8 */;
CREATE TABLE `zeile` (
  `id` int(10) unsigned NOT NULL AUTO_INCREMENT,
  `nummer` int(10) unsigned NOT NULL,
  `fk_halle` int(10) unsigned NOT NULL,
  `fk_etage` int(10) unsigned DEFAULT NULL,
  `fk_abteilung` int(10) unsigned NOT NULL,
  PRIMARY KEY (`id`),
  UNIQUE KEY `eindeutig_zeilen_nummer` (`nummer`,`fk_halle`),
  KEY `FK_zeile_halle` (`fk_halle`),
  KEY `FK_zeile_etage` (`fk_etage`),
  KEY `FK_zeile_abteilung` (`fk_abteilung`),
  CONSTRAINT `FK_zeile_abteilung` FOREIGN KEY (`fk_abteilung`) REFERENCES `abteilung` (`id`),
  CONSTRAINT `FK_zeile_etage` FOREIGN KEY (`fk_etage`) REFERENCES `etage` (`id`),
  CONSTRAINT `FK_zeile_halle` FOREIGN KEY (`fk_halle`) REFERENCES `halle` (`id`)
) ENGINE=InnoDB AUTO_INCREMENT=39 DEFAULT CHARSET=latin1;
/*!40101 SET character_set_client = @saved_cs_client */;

--
-- Dumping data for table `zeile`
--

LOCK TABLES `zeile` WRITE;
/*!40000 ALTER TABLE `zeile` DISABLE KEYS */;
INSERT INTO `zeile` VALUES (1,7,1,1,3),(2,6,1,1,3),(3,1,1,5,3),(5,1,15,12,1),(6,2,15,11,1),(7,5,1,14,1),(20,2,7,4,4),(21,4,7,4,4),(22,3,7,4,4),(23,5,7,4,3),(24,1,7,4,4),(26,6,7,15,4),(30,2,1,5,3),(38,8,1,1,3);
/*!40000 ALTER TABLE `zeile` ENABLE KEYS */;
UNLOCK TABLES;

--
-- Table structure for table `zugriftsrechtt`
--

DROP TABLE IF EXISTS `zugriftsrechtt`;
/*!40101 SET @saved_cs_client     = @@character_set_client */;
/*!40101 SET character_set_client = utf8 */;
CREATE TABLE `zugriftsrechtt` (
  `id` int(10) unsigned NOT NULL AUTO_INCREMENT,
  `name` varchar(20) COLLATE utf8_unicode_ci NOT NULL,
  PRIMARY KEY (`id`),
  UNIQUE KEY `zugriftsrecht_name` (`name`)
) ENGINE=InnoDB AUTO_INCREMENT=4 DEFAULT CHARSET=utf8 COLLATE=utf8_unicode_ci;
/*!40101 SET character_set_client = @saved_cs_client */;

--
-- Dumping data for table `zugriftsrechtt`
--

LOCK TABLES `zugriftsrechtt` WRITE;
/*!40000 ALTER TABLE `zugriftsrechtt` DISABLE KEYS */;
INSERT INTO `zugriftsrechtt` VALUES (2,'Abteilungsleiter'),(1,'Administrator'),(3,'Mitarbeiter');
/*!40000 ALTER TABLE `zugriftsrechtt` ENABLE KEYS */;
UNLOCK TABLES;
/*!40103 SET TIME_ZONE=@OLD_TIME_ZONE */;

/*!40101 SET SQL_MODE=@OLD_SQL_MODE */;
/*!40014 SET FOREIGN_KEY_CHECKS=@OLD_FOREIGN_KEY_CHECKS */;
/*!40014 SET UNIQUE_CHECKS=@OLD_UNIQUE_CHECKS */;
/*!40101 SET CHARACTER_SET_CLIENT=@OLD_CHARACTER_SET_CLIENT */;
/*!40101 SET CHARACTER_SET_RESULTS=@OLD_CHARACTER_SET_RESULTS */;
/*!40101 SET COLLATION_CONNECTION=@OLD_COLLATION_CONNECTION */;
/*!40111 SET SQL_NOTES=@OLD_SQL_NOTES */;

-- Dump completed on 2011-08-12 17:23:29
